run_id,msg_size,6_Avg-Duration_s,6_Min-Duration_s,6_Max-Duration_s,6_Median-Duration_s,6_MainRank-Duration_s
1,2097152,0.00045761,0.000378486,0.000538583,0.000458155,0.000408266
1,2097152,0.000822394,0.000316802,0.001095573,0.000902263,0.000885393
1,2097152,0.000404377,0.00034636,0.000470933,0.000402744,0.000389538
1,2097152,0.000842275,0.00029453,0.001133026,0.000927791,0.000768835
1,2097152,0.000257013,0.000251718,0.000261205,0.000257095,0.000254485
1,2097152,0.000819642,0.000257435,0.001088906,0.001004092,0.00108794
1,2097152,0.000428472,0.000368632,0.000503413,0.000425771,0.000491466
1,2097152,0.001121168,0.000792214,0.001227691,0.001152043,0.001097888
1,2097152,0.000303603,0.000251863,0.00036938,0.00030176,0.000335663
1,2097152,0.000999993,0.000642735,0.001204406,0.001126766,0.000736807
1,2097152,0.00031458,0.000273831,0.000352849,0.000315069,0.000352849
1,2097152,0.000917511,0.000457344,0.001047196,0.000977718,0.000779483
1,2097152,0.000257861,0.000252864,0.000265321,0.000257199,0.00026214
1,2097152,0.000590618,0.000326953,0.00103939,0.000362106,0.000777214
1,2097152,0.000330737,0.000262867,0.00040338,0.000332069,0.000281818
1,2097152,0.000256625,0.000249088,0.000264275,0.0002565,0.000264275
1,2097152,0.000914185,0.000277184,0.001085642,0.001014655,0.001085497
1,2097152,0.000547638,0.000368742,0.000953373,0.000528218,0.000953373
1,2097152,0.00025579,0.000251872,0.000259148,0.000255973,0.000258151
1,2097152,0.000373967,0.000251977,0.000813355,0.000284231,0.000813355
1,2097152,0.000394647,0.000340822,0.000461505,0.00039128,0.000456465
1,2097152,0.000716155,0.000255302,0.001022729,0.000773339,0.000588458
1,2097152,0.000256275,0.000250372,0.000260116,0.000256808,0.00025842
1,2097152,0.000782037,0.000250556,0.001165543,0.000855686,0.000860871
1,2097152,0.000257862,0.000248816,0.000266248,0.000257467,0.000257162
1,2097152,0.000762549,0.000255348,0.001059511,0.000917673,0.000922213
1,2097152,0.00045249,0.000376548,0.000547906,0.00044551,0.000547906
1,2097152,0.000678014,0.000252852,0.00099446,0.000699497,0.000698697
1,2097152,0.000356744,0.000308715,0.000412515,0.000349524,0.000411837
1,2097152,0.001408112,0.000969663,0.001501519,0.001428207,0.001500597
1,2097152,0.000880876,0.000268382,0.001198448,0.001118152,0.000731027
1,2097152,0.000395784,0.000335109,0.000439033,0.000395175,0.00037296
1,2097152,0.000930163,0.000250854,0.001080585,0.000956014,0.000883091
1,2097152,0.000257626,0.000254137,0.000262212,0.000257735,0.000260879
1,2097152,0.000860758,0.000258949,0.001071807,0.001013353,0.001013146
1,2097152,0.000296633,0.000251615,0.000360626,0.000289962,0.000257456
1,2097152,0.000867939,0.000387012,0.001334195,0.000843652,0.000558952
1,2097152,0.000486688,0.000253612,0.001172837,0.00025814,0.001172837
1,2097152,0.000545581,0.000395441,0.000633991,0.000554117,0.000509096
1,2097152,0.000994882,0.000892898,0.001104953,0.000986927,0.00093292
1,2097152,0.00062092,0.000390535,0.001483151,0.000480372,0.001483151
1,2097152,0.000275772,0.000253531,0.00032047,0.000262125,0.000253531
1,2097152,0.000272943,0.000256164,0.000310359,0.000263726,0.000275416
1,2097152,0.000968086,0.000681973,0.001090079,0.001014008,0.000934382
1,2097152,0.000256914,0.000251584,0.000260279,0.000257117,0.000260144
1,2097152,0.000491186,0.000254443,0.000922779,0.000276074,0.000726365
1,2097152,0.000578325,0.000308736,0.000810505,0.000634657,0.000308736
1,2097152,0.000953957,0.00072874,0.0010786,0.001011291,0.0007505
1,2097152,0.000448156,0.000355066,0.00053275,0.000450833,0.000502346
1,2097152,0.00109208,0.000947913,0.001182114,0.001114274,0.000982846
1,2097152,0.000352118,0.000314093,0.000386497,0.000355268,0.000379155
1,2097152,0.001149475,0.000898065,0.001317167,0.001188734,0.000921129
1,2097152,0.000291122,0.000256393,0.000352417,0.000279105,0.000260968
1,2097152,0.001115187,0.00040806,0.001584174,0.001084593,0.001525199
1,2097152,0.000789896,0.000361304,0.00090558,0.000854979,0.00090558
1,2097152,0.001095527,0.000881552,0.001190027,0.001118269,0.001067191
1,2097152,0.000290057,0.000253621,0.000332839,0.000288473,0.000266106
1,2097152,0.000932069,0.000299456,0.001146003,0.001042068,0.000909901
1,2097152,0.0004229,0.000359286,0.000507631,0.000411457,0.000496151
1,2097152,0.001048339,0.000945949,0.001117146,0.00104472,0.001016824
1,2097152,0.000369619,0.000323619,0.000437292,0.000364995,0.000414456
1,2097152,0.00103597,0.000254675,0.001256165,0.001179756,0.001256165
1,2097152,0.00025659,0.000249431,0.000268476,0.000256315,0.000257813
1,2097152,0.00097066,0.000284095,0.001432362,0.001360271,0.001432362
1,2097152,0.00025567,0.000249466,0.000259402,0.000256319,0.000257559
1,2097152,0.000988728,0.000247198,0.001128745,0.001060641,0.000915573
1,2097152,0.000426558,0.000361523,0.000500328,0.000422442,0.000489683
1,2097152,0.000956876,0.000857511,0.001032207,0.000961261,0.000879855
1,2097152,0.00027865,0.000254337,0.00046276,0.00025825,0.00046276
1,2097152,0.00037288,0.000250063,0.000455938,0.000386673,0.000276455
1,2097152,0.000261081,0.000249408,0.000278753,0.000259858,0.000260223
1,2097152,0.000900964,0.000255048,0.001495205,0.001014746,0.001495205
1,2097152,0.000253894,0.000250494,0.000257301,0.000253405,0.000257301
1,2097152,0.0013423,0.001114349,0.00149311,0.00138056,0.001246537
1,2097152,0.000938354,0.000753287,0.001049936,0.000979642,0.0007992
1,2097152,0.000294361,0.000267272,0.000325179,0.000292565,0.000277535
1,2097152,0.00077753,0.000334183,0.001014409,0.000773303,0.00075907
1,2097152,0.000277889,0.000251931,0.000325955,0.000266626,0.000291323
1,2097152,0.000509553,0.000250715,0.000960824,0.000351051,0.000960824
1,2097152,0.000429134,0.000363293,0.000507945,0.000424893,0.000493485
1,2097152,0.000586891,0.00025834,0.000968221,0.000568868,0.00087082
1,2097152,0.000549157,0.000354844,0.00067047,0.000571064,0.000558191
1,2097152,0.001311538,0.001234654,0.001384646,0.001310322,0.001384646
1,2097152,0.001126841,0.001043937,0.001201015,0.001125337,0.001200387
1,2097152,0.000670452,0.000259134,0.00109466,0.000676831,0.001094308
1,2097152,0.000621921,0.000348051,0.001212129,0.00048693,0.000788058
1,2097152,0.000338535,0.000281669,0.000547422,0.00031843,0.000547422
1,2097152,0.000738898,0.000348237,0.001142664,0.000813154,0.00105169
1,2097152,0.000391796,0.000331215,0.000430164,0.000402035,0.000427406
1,2097152,0.00103052,0.000398815,0.001634201,0.001181362,0.001634201
1,2097152,0.000482,0.000325677,0.001096442,0.000376309,0.000942109
1,2097152,0.000545008,0.000397324,0.000627608,0.00054824,0.000500397
1,2097152,0.000858632,0.000250403,0.001173633,0.001002997,0.000782335
1,2097152,0.000413471,0.000325415,0.0004978,0.00040969,0.000364838
1,2097152,0.001372652,0.001058609,0.001464417,0.001395038,0.001464417
1,2097152,0.000847357,0.000264953,0.001418092,0.000914691,0.00092533
1,2097152,0.000271832,0.000254182,0.000302835,0.000263795,0.000263516
1,2097152,0.001362063,0.00100613,0.001466558,0.00139771,0.001466477
1,2097152,0.000672941,0.00026236,0.001114419,0.00086946,0.000888823
1,2097152,0.00050405,0.000370571,0.000888193,0.000417644,0.000888193
1,2097152,0.000263028,0.000255835,0.000271961,0.000261384,0.00026131
1,2097152,0.000616342,0.000260087,0.0010602,0.000666593,0.00068898
1,2097152,0.000359937,0.000287733,0.000413775,0.000373097,0.000313069
1,2097152,0.001344936,0.001054408,0.00150683,0.001395601,0.00135484
1,2097152,0.000991609,0.000796262,0.001112274,0.001027079,0.000819189
1,2097152,0.000471162,0.000383905,0.000557485,0.000470312,0.000421004
1,2097152,0.001076944,0.000360013,0.001385023,0.001248506,0.001037393
1,2097152,0.000636919,0.000260227,0.001089494,0.000836126,0.000855867
1,2097152,0.000326199,0.000281056,0.000359287,0.000327675,0.00031776
1,2097152,0.000693586,0.000361893,0.000890677,0.000695717,0.000736662
1,2097152,0.000918015,0.000260494,0.001207246,0.001121273,0.001206827
1,2097152,0.000871065,0.000427908,0.001669088,0.000580454,0.001669088
1,2097152,0.000793839,0.000367411,0.001458076,0.000455532,0.001458076
1,2097152,0.000280729,0.000255419,0.000375377,0.000263401,0.00029315
1,2097152,0.001020615,0.000371419,0.001660451,0.000956535,0.001382633
1,2097152,0.00052978,0.000338889,0.000653568,0.000599425,0.000380075
1,2097152,0.001043991,0.000730552,0.001189385,0.0011148,0.000829597
1,2097152,0.000262241,0.000252812,0.000285425,0.000258987,0.000285425
1,2097152,0.001144227,0.00092385,0.001244608,0.001172381,0.001067762
1,2097152,0.000271549,0.000254816,0.000304731,0.000267242,0.000273467
1,2097152,0.001223199,0.000655112,0.001356003,0.001287005,0.001355352
1,2097152,0.000256753,0.000252479,0.000261327,0.000256736,0.000254133
1,2097152,0.000988844,0.000732118,0.001117537,0.001041837,0.000751863
1,2097152,0.000413996,0.00034909,0.000494074,0.000406177,0.000482405
1,2097152,0.000992407,0.000786395,0.001087658,0.001014006,0.00096165
1,2097152,0.000364125,0.00031348,0.000410811,0.000363542,0.00039206
1,2097152,0.000796397,0.000309705,0.001111325,0.000829729,0.000720705
1,2097152,0.000277139,0.000255406,0.000319582,0.000265401,0.000284251
1,2097152,0.001047663,0.000758212,0.001147131,0.001078309,0.001147131
1,2097152,0.000387721,0.000330043,0.000458356,0.000380741,0.000443896
1,2097152,0.001079569,0.000979372,0.001156332,0.001079062,0.001050046
1,2097152,0.000259096,0.000253245,0.000264948,0.000258391,0.000259969
1,2097152,0.000753076,0.000256855,0.001093405,0.000743398,0.000725235
1,2097152,0.000262188,0.000254377,0.000269235,0.000262019,0.000263338
1,2097152,0.000891242,0.000334378,0.001033241,0.000955849,0.001033241
1,2097152,0.000291543,0.000252503,0.000333832,0.000293822,0.000320465
1,2097152,0.000261695,0.00025496,0.000269174,0.000261232,0.000264426
1,2097152,0.00079487,0.000617564,0.000870533,0.00079969,0.000870533
1,2097152,0.000475832,0.000346436,0.000614969,0.000477357,0.00037167
1,2097152,0.000825669,0.000255851,0.001129549,0.000909148,0.000877158
1,2097152,0.000342095,0.000277346,0.000451049,0.000340804,0.000451049
1,2097152,0.000649852,0.000367816,0.001031497,0.000652965,0.001031497
1,2097152,0.00025634,0.000253151,0.000260952,0.000255609,0.000255246
1,2097152,0.000699385,0.000251071,0.000948405,0.000737128,0.000738929
1,2097152,0.000655516,0.000386084,0.001148186,0.000648667,0.001148186
1,2097152,0.000256425,0.000247075,0.000280471,0.000253875,0.000252375
1,2097152,0.00032503,0.000250297,0.000732506,0.000261642,0.000732506
1,2097152,0.000881348,0.000353233,0.001491112,0.000978309,0.001491112
1,2097152,0.000290427,0.000252096,0.000345158,0.000287676,0.000252938
1,2097152,0.001049521,0.000904063,0.001143764,0.001073384,0.000929227
1,2097152,0.000409917,0.00032936,0.000486515,0.000407944,0.000364968
1,2097152,0.001480626,0.001174137,0.001605087,0.001509489,0.001605087
1,2097152,0.001070185,0.000969105,0.00114604,0.001073978,0.001015995
1,2097152,0.000254885,0.000247718,0.000261101,0.000255309,0.000260693
1,2097152,0.000712363,0.000256234,0.001000799,0.000856083,0.000859644
1,2097152,0.000255788,0.000250283,0.000260846,0.000256241,0.000260846
1,2097152,0.000709264,0.000255705,0.001031976,0.000868252,0.000873712
1,2097152,0.00025403,0.000250559,0.000258354,0.000253962,0.000252355
1,2097152,0.000289394,0.000258951,0.000327599,0.000288879,0.00028918
1,2097152,0.001094736,0.000936313,0.001186691,0.001120843,0.000979938
1,2097152,0.000265922,0.000253818,0.000288708,0.000262214,0.000265599
1,2097152,0.000682584,0.000252186,0.000958603,0.000857029,0.000876604
1,2097152,0.000629035,0.000339899,0.000771775,0.00070934,0.000636888
1,2097152,0.00039624,0.000256579,0.000469073,0.000398357,0.000346334
1,2097152,0.000388154,0.00030847,0.000436251,0.000393544,0.00030847
1,2097152,0.001018566,0.000906074,0.001099963,0.001029852,0.000925889
1,2097152,0.00025497,0.000250005,0.000261555,0.000255103,0.000261555
1,2097152,0.000360561,0.00024889,0.001016881,0.000297406,0.001016881
1,2097152,0.000650487,0.000350513,0.000833614,0.000734555,0.000833614
1,2097152,0.001111524,0.000994277,0.001193177,0.001120643,0.001191585
1,2097152,0.000275961,0.000249321,0.000318796,0.000270296,0.000261191
1,2097152,0.0009855,0.000757518,0.001076911,0.001006013,0.000912724
1,2097152,0.000255189,0.000248495,0.000261532,0.000255087,0.000256836
1,2097152,0.000982127,0.000290573,0.001357377,0.00128116,0.001357377
1,2097152,0.000574668,0.0003236,0.00112118,0.0003719,0.000821683
1,2097152,0.000582225,0.000347533,0.00073365,0.000630208,0.000698154
1,2097152,0.000961713,0.000858294,0.001052891,0.000981066,0.000917379
1,2097152,0.000432355,0.000360859,0.000507891,0.000428695,0.000499912
1,2097152,0.000911166,0.000253954,0.001033839,0.000963399,0.000901164
1,2097152,0.000369972,0.000322624,0.000440879,0.000365707,0.000435349
1,2097152,0.000995675,0.000749878,0.001098888,0.001026331,0.000938669
1,2097152,0.000258089,0.000252673,0.000264547,0.000257207,0.000258703
1,2097152,0.000255382,0.000249351,0.000259602,0.000255891,0.000259602
1,2097152,0.001022171,0.000768932,0.001138143,0.001063067,0.000786867
1,2097152,0.000255491,0.000252402,0.000259247,0.000254839,0.000258613
1,2097152,0.000550926,0.000254042,0.000973278,0.000260621,0.000968335
1,2097152,0.000254918,0.000248423,0.000261525,0.00025492,0.000256608
1,2097152,0.000734957,0.000257243,0.001043119,0.000869145,0.000871901
1,2097152,0.000520292,0.00036523,0.000613106,0.000524867,0.000600695
1,2097152,0.000915274,0.000254414,0.001008593,0.000967641,0.000977265
1,2097152,0.000255766,0.000248728,0.00026302,0.000257003,0.000258137
1,2097152,0.000757387,0.000254835,0.001027974,0.000841988,0.000816987
1,2097152,0.000280223,0.000253564,0.000324832,0.000271376,0.000276825
1,2097152,0.000908384,0.00032088,0.00111875,0.000939984,0.000839301
1,2097152,0.000345852,0.000306682,0.000389972,0.000345474,0.000306682
1,2097152,0.000718109,0.000282218,0.001148851,0.000868774,0.000889925
1,2097152,0.000317086,0.000265874,0.000378564,0.000308528,0.000378564
1,2097152,0.001209262,0.000989264,0.001292084,0.001218942,0.00129164
1,2097152,0.000249752,0.000247298,0.000252597,0.000249789,0.00024756
1,2097152,0.000979692,0.000305214,0.001096667,0.001057108,0.001074104
1,2097152,0.000372365,0.000318332,0.000441145,0.000367939,0.000428737
1,2097152,0.00094846,0.000312436,0.001220767,0.001148307,0.001220767
1,2097152,0.000454632,0.000357085,0.000873928,0.000412265,0.000873928
1,2097152,0.000426786,0.000255476,0.000501636,0.000431837,0.000378679
1,2097152,0.00032211,0.000272758,0.000361558,0.000326147,0.000354703
1,2097152,0.001086224,0.000692731,0.001216144,0.001132332,0.001088487
1,2097152,0.000257806,0.000251223,0.000262948,0.000257869,0.000262948
1,2097152,0.000741766,0.000257441,0.001020358,0.000869835,0.000874958
1,2097152,0.000556744,0.000334577,0.000819286,0.000616285,0.000819286
1,2097152,0.000292777,0.000251597,0.000351145,0.000287968,0.000251597
1,2097152,0.000797323,0.000253902,0.001018343,0.000947599,0.00072985
1,2097152,0.00025788,0.000253677,0.000260491,0.000258023,0.000259671
1,2097152,0.000828435,0.000297897,0.001275071,0.000923273,0.000923181
1,2097152,0.000327868,0.000275051,0.000368952,0.00033094,0.000313976
1,2097152,0.001127213,0.001063334,0.001176954,0.00113364,0.001176954
1,2097152,0.00077726,0.000337061,0.001254131,0.000547077,0.001085676
1,2097152,0.000836651,0.000456491,0.0016736,0.000773876,0.000635823
1,2097152,0.000608155,0.000390747,0.000708572,0.00062789,0.000580577
1,2097152,0.000941229,0.000707024,0.001068222,0.000987813,0.000993384
1,2097152,0.000335401,0.000284685,0.000395804,0.000328762,0.000395804
1,2097152,0.000711874,0.000259776,0.001039261,0.000833273,0.000836612
1,2097152,0.000255063,0.000248923,0.0002611,0.000255311,0.000259384
1,2097152,0.001160389,0.000998468,0.001262402,0.00118847,0.001021962
1,2097152,0.000264671,0.000251313,0.000291975,0.000261187,0.000280766
1,2097152,0.00086532,0.000255171,0.001089768,0.000895527,0.000883434
1,2097152,0.000333496,0.000275917,0.000383917,0.000342019,0.000378603
1,2097152,0.001198563,0.001107066,0.001277592,0.00120353,0.001277592
1,2097152,0.000718888,0.000251849,0.001249953,0.000771965,0.00124994
1,2097152,0.00047921,0.000365441,0.000689485,0.000466481,0.000689485
1,2097152,0.000255588,0.000251605,0.000260482,0.000255687,0.000255474
1,2097152,0.000255661,0.000249777,0.000259735,0.000255697,0.000259412
1,2097152,0.000571657,0.00025405,0.001119036,0.000485028,0.0007226
1,2097152,0.000562794,0.000363408,0.000659355,0.000573174,0.000656598
1,2097152,0.000829358,0.000766612,0.000872104,0.000836398,0.000863744
1,2097152,0.000293056,0.00025323,0.00035223,0.000288574,0.000257043
1,2097152,0.00085671,0.000280892,0.001045576,0.000973228,0.000698556
1,2097152,0.000376172,0.000334098,0.000416207,0.000375657,0.000376142
1,2097152,0.000794888,0.000253546,0.001026063,0.000956374,0.000728951
1,2097152,0.00047605,0.000295377,0.000899007,0.000348486,0.000899007
1,2097152,0.000255521,0.000250794,0.000260016,0.000255245,0.000252304
1,2097152,0.000798402,0.000257364,0.001227986,0.000985667,0.001227986
1,2097152,0.000287344,0.000257565,0.000338575,0.000273136,0.000263144
1,2097152,0.000892348,0.000281713,0.00103501,0.000964016,0.000754786
1,2097152,0.000299469,0.000254796,0.00033571,0.000303779,0.00030623
1,2097152,0.000960141,0.000252834,0.001180671,0.001110258,0.00090902
1,2097152,0.000255604,0.000250429,0.000262372,0.0002546,0.000261623
1,2097152,0.000934113,0.000252334,0.001158659,0.001087569,0.000931527
1,2097152,0.00033293,0.000278192,0.00040147,0.000329511,0.00040147
1,2097152,0.001526929,0.00093599,0.001739309,0.001542099,0.00173764
1,2097152,0.000326302,0.000288278,0.000355686,0.000327811,0.00030547
1,2097152,0.001038772,0.000957636,0.001090053,0.001045666,0.001084192
1,2097152,0.000266375,0.000250962,0.000299113,0.000260332,0.000264239
1,2097152,0.000481299,0.000250008,0.000979939,0.000302305,0.000817729
1,2097152,0.000586635,0.000308933,0.000791845,0.000614214,0.000308933
1,2097152,0.000995193,0.000453917,0.001111298,0.001046011,0.000949439
1,2097152,0.000448713,0.000370951,0.000528641,0.000444998,0.000516304
1,2097152,0.001142429,0.001063099,0.00121572,0.001141875,0.00121572
1,2097152,0.000696845,0.000260262,0.001067311,0.000896485,0.000906687
1,2097152,0.000321107,0.000267968,0.000375372,0.000314712,0.000370505
1,2097152,0.001027267,0.000802519,0.001124099,0.00105399,0.00099689
1,2097152,0.000352474,0.000291255,0.000485698,0.000349105,0.000485698
1,2097152,0.000367193,0.000262309,0.000443347,0.000369511,0.000441853
1,2097152,0.000266298,0.000253908,0.000296408,0.000262138,0.000259788
1,2097152,0.000893196,0.000258523,0.001071783,0.000959295,0.000908329
1,2097152,0.00032468,0.000262396,0.000395623,0.000329174,0.000380939
1,2097152,0.000857258,0.000264314,0.001089154,0.000974596,0.000852055
1,2097152,0.000447234,0.000334303,0.000746577,0.000394464,0.000699724
1,2097152,0.000253498,0.000249227,0.000258806,0.000253418,0.000251604
1,2097152,0.000394294,0.000253613,0.000967936,0.000285909,0.000662953
1,2097152,0.00058984,0.000365995,0.000701072,0.000620322,0.000575013
1,2097152,0.000544026,0.000430072,0.000617515,0.000548504,0.000496045
1,2097152,0.000374472,0.000321798,0.000487463,0.000365593,0.000487463
1,2097152,0.000314116,0.000260187,0.000374352,0.000302893,0.000374352
1,2097152,0.000258223,0.00025362,0.000263002,0.000257591,0.000254658
1,2097152,0.001122364,0.001015066,0.001244895,0.001127434,0.001244895
1,2097152,0.000262907,0.000257186,0.000270215,0.000261898,0.000257186
1,2097152,0.000898593,0.000295763,0.001152224,0.000997265,0.000908103
1,2097152,0.00043739,0.000353781,0.000520578,0.000428514,0.000520578
1,2097152,0.001097356,0.000882285,0.001203468,0.001133003,0.000899118
1,2097152,0.000364582,0.00029649,0.000565518,0.000345263,0.000565518
1,2097152,0.000267333,0.000261691,0.000275247,0.000265466,0.000262786
1,2097152,0.000293552,0.000259531,0.000332615,0.000292747,0.000275141
1,2097152,0.001113969,0.000831211,0.001226113,0.001152805,0.001092189
1,2097152,0.000378182,0.000330977,0.000540346,0.000368163,0.000375529
1,2097152,0.000920883,0.000358692,0.001263286,0.001124853,0.001144789
1,2097152,0.000720711,0.000262756,0.001098022,0.000845065,0.000848202
1,2097152,0.000259482,0.000254177,0.000269933,0.000259474,0.000255937
1,2097152,0.001179578,0.000919435,0.001425169,0.001104567,0.000938258
1,2097152,0.000518169,0.000253232,0.001027488,0.000265132,0.000822478
1,2097152,0.000492619,0.000337686,0.000786321,0.000483655,0.000786321
1,2097152,0.000263792,0.000255764,0.000272437,0.000263975,0.000271559
1,2097152,0.000775449,0.000275795,0.001161022,0.000854455,0.000857786
1,2097152,0.000279079,0.00025724,0.0003193,0.000266386,0.000314836
1,2097152,0.001128257,0.000271615,0.001341009,0.001267119,0.000965758
1,2097152,0.000260558,0.000249907,0.00027496,0.000259763,0.00026228
1,2097152,0.000620455,0.000254567,0.001084534,0.00059895,0.000770086
1,2097152,0.000577047,0.00035287,0.00075083,0.000623233,0.000469795
1,2097152,0.001061721,0.000363941,0.001548069,0.001218461,0.000959115
1,2097152,0.000469931,0.000388225,0.000540624,0.000470429,0.000540422
1,2097152,0.000436136,0.000259157,0.000801846,0.000263628,0.000801846
1,2097152,0.00056168,0.000347437,0.000744439,0.000671176,0.000432707
1,2097152,0.000605719,0.000256856,0.001029314,0.000651858,0.000722842
1,2097152,0.000281072,0.000250767,0.000332935,0.000268908,0.000252588
1,2097152,0.001304529,0.00025178,0.001457705,0.001385032,0.001457084
1,2097152,0.000752804,0.000254224,0.001092717,0.000892628,0.000903955
1,2097152,0.000462501,0.000339972,0.000582737,0.000482659,0.000363361
1,2097152,0.00096361,0.000370759,0.00141684,0.000775077,0.00076686
1,2097152,0.000622244,0.000304199,0.000749242,0.000675819,0.000749242
1,2097152,0.000536917,0.00039179,0.00065432,0.000556062,0.000401669
1,2097152,0.001298079,0.001083927,0.001404328,0.001315391,0.001404328
1,2097152,0.000503842,0.000253064,0.001174313,0.000257176,0.001174313
1,2097152,0.000269927,0.000258636,0.000299018,0.000264335,0.000264208
1,2097152,0.00033088,0.000256351,0.000668032,0.000263308,0.000668032
1,2097152,0.000309171,0.000257089,0.000378888,0.000299835,0.000257423
1,2097152,0.001409055,0.001093853,0.001533142,0.001441883,0.001533142
1,2097152,0.000842179,0.000262774,0.001082594,0.001012917,0.001082594
1,2097152,0.000500058,0.000358249,0.000582657,0.000507627,0.000576249
1,2097152,0.001606693,0.001469336,0.001967933,0.001547372,0.001967933
1,2097152,0.000313837,0.000254923,0.000386622,0.000308502,0.000254923
1,2097152,0.000504293,0.000254336,0.000800068,0.000485189,0.000714495
1,2097152,0.000323307,0.000276685,0.000360923,0.000325535,0.00031236
1,2097152,0.001331405,0.000910799,0.001521153,0.001404645,0.001343654
1,2097152,0.000999268,0.000637564,0.001065324,0.001030203,0.001064584
1,2097152,0.00046476,0.000334461,0.000545809,0.000511574,0.000379217
1,2097152,0.001642524,0.001461516,0.002176,0.001541772,0.002174805
1,2097152,0.000253758,0.000250416,0.000256744,0.000254061,0.000250416
1,2097152,0.000408225,0.000335507,0.000459916,0.000420241,0.000377618
1,2097152,0.001306108,0.001096484,0.001415579,0.001322711,0.001415579
1,2097152,0.000567059,0.000252046,0.001075736,0.000384177,0.000816977
1,2097152,0.00038993,0.000338556,0.000464658,0.000381833,0.000460304
1,2097152,0.001330088,0.001249393,0.001405987,0.001331319,0.001405273
1,2097152,0.001072802,0.000912874,0.001161898,0.001090208,0.000969916
1,2097152,0.000441242,0.000348304,0.000840988,0.000399549,0.000840988
1,2097152,0.000542344,0.000493301,0.000598263,0.000533675,0.000534145
1,2097152,0.000380387,0.00030452,0.000458193,0.000380958,0.000330126
1,2097152,0.001433284,0.001073778,0.001574303,0.001464625,0.001574303
1,2097152,0.001045176,0.000987118,0.001110824,0.001038131,0.001008701
1,2097152,0.000283585,0.00025187,0.000337537,0.00027256,0.000306725
1,2097152,0.000622079,0.000263061,0.001125928,0.000680577,0.000819031
1,2097152,0.000337169,0.000282663,0.000403173,0.000331158,0.000403173
1,2097152,0.000776203,0.000256052,0.00101561,0.000838575,0.000795113
1,2097152,0.000458852,0.000336143,0.000526042,0.000478942,0.000381134
1,2097152,0.000951476,0.000255345,0.001369975,0.001287334,0.0013685
1,2097152,0.000282015,0.00025464,0.000335629,0.00026567,0.000254796
1,2097152,0.001253769,0.000926663,0.001393116,0.001299389,0.001393116
1,2097152,0.000421898,0.000250108,0.000909921,0.000259472,0.000670592
1,2097152,0.000538043,0.000357594,0.000682534,0.00054461,0.000536728
1,2097152,0.000735555,0.000252567,0.001021687,0.000981,0.000992746
1,2097152,0.000273407,0.000257657,0.000311831,0.000263073,0.000262585
1,2097152,0.000879223,0.000248102,0.001067408,0.000995823,0.001067408
1,2097152,0.000450884,0.000368601,0.000720774,0.00043542,0.000720774
1,2097152,0.000445899,0.000249783,0.000546339,0.000473281,0.000273113
1,2097152,0.000316209,0.000258704,0.000372913,0.000318144,0.000361585
1,2097152,0.000882613,0.00029768,0.001050925,0.000977778,0.000804786
1,2097152,0.000257423,0.000255129,0.000259712,0.000257279,0.000256905
1,2097152,0.000604164,0.00025624,0.001044905,0.000720212,0.000742814
1,2097152,0.000591515,0.000369375,0.001030269,0.000565688,0.001030269
1,2097152,0.000255899,0.000250357,0.000260246,0.00025586,0.000250357
1,2097152,0.000335115,0.000285861,0.000369817,0.000345131,0.000354212
1,2097152,0.000952071,0.000757848,0.001048541,0.000979113,0.000799233
1,2097152,0.000322116,0.000284015,0.000352174,0.000325848,0.000318058
1,2097152,0.00068851,0.000256326,0.001092988,0.000772102,0.000782015
1,2097152,0.000418809,0.000337558,0.000471763,0.000427318,0.000376776
1,2097152,0.000690943,0.000260177,0.00101666,0.000846795,0.000858833
1,2097152,0.000256061,0.0002485,0.000269879,0.000255065,0.000269879
1,2097152,0.000823591,0.000292074,0.001134087,0.001082348,0.001134087
1,2097152,0.000483945,0.000366384,0.000781506,0.000458864,0.000781506
1,2097152,0.000303181,0.000250674,0.000364404,0.00030345,0.000350004
1,2097152,0.000852097,0.000256783,0.001026107,0.000952274,0.000878929
1,2097152,0.000534441,0.000377746,0.00098701,0.000498434,0.00098701
1,2097152,0.000397121,0.000343796,0.000457065,0.000388237,0.00036929
1,2097152,0.000452314,0.00033984,0.000517176,0.000472051,0.000380526
1,2097152,0.001098833,0.000967251,0.00121132,0.001112588,0.001210591
1,2097152,0.000266697,0.000249592,0.00030112,0.000258087,0.000287588
1,2097152,0.000794714,0.000254944,0.001036069,0.000966213,0.000701096
1,2097152,0.000337201,0.000288469,0.000370528,0.000337925,0.000328057
1,2097152,0.000720349,0.00025605,0.00108457,0.000793961,0.000796702
1,2097152,0.000303577,0.000256505,0.000364029,0.000299695,0.000329639
1,2097152,0.000743057,0.000300929,0.001027224,0.000752515,0.000699958
1,2097152,0.000445716,0.000366372,0.000522987,0.000442226,0.000518802
1,2097152,0.000707397,0.000254116,0.001138534,0.000843921,0.001137854
1,2097152,0.000342261,0.000284841,0.000408286,0.000344933,0.000396333
1,2097152,0.000981651,0.000257245,0.001136308,0.001048336,0.000970609
1,2097152,0.00056785,0.00033038,0.001054222,0.000540784,0.00086071
1,2097152,0.000668521,0.000363201,0.001201703,0.000472575,0.000924805
1,2097152,0.000253405,0.000249863,0.000256473,0.000253343,0.000254791
1,2097152,0.000898999,0.000344907,0.001052257,0.000971612,0.000902723
1,2097152,0.000317323,0.000257419,0.000401549,0.000313633,0.000401549
1,2097152,0.000683395,0.000600401,0.00075647,0.000683829,0.000755804
1,2097152,0.000642804,0.00025189,0.001008001,0.000864177,0.00089095
1,2097152,0.000524445,0.000312335,0.000713947,0.000550568,0.000312335
1,2097152,0.000948304,0.000255251,0.001088342,0.001016805,0.001088342
1,2097152,0.000398853,0.000337562,0.000443084,0.000401558,0.000375275
1,2097152,0.000934349,0.00070514,0.001032466,0.000961877,0.000907168
1,2097152,0.000395316,0.000335437,0.000449716,0.000396823,0.000378667
1,2097152,0.000849256,0.000252198,0.000949135,0.000876798,0.000948346
1,2097152,0.000509788,0.00034487,0.000643298,0.000570046,0.000373918
1,2097152,0.001205615,0.000991168,0.001298143,0.00122397,0.001298143
1,2097152,0.000435882,0.00028255,0.000799643,0.000338243,0.000799643
1,2097152,0.000286842,0.000260351,0.000336942,0.000274541,0.000266582
1,2097152,0.000266079,0.000255479,0.000293135,0.000261108,0.000260622
1,2097152,0.000469107,0.000256754,0.001143015,0.000301799,0.001143015
1,2097152,0.000477604,0.000360614,0.000624903,0.000471982,0.000624903
1,2097152,0.000260311,0.000254107,0.00026573,0.000260081,0.000254107
1,2097152,0.000443983,0.000250255,0.000864258,0.000301991,0.000864258
1,2097152,0.000475507,0.000368328,0.000557001,0.000477895,0.000552102
1,2097152,0.000671173,0.000255134,0.001026086,0.000847132,0.000866439
1,2097152,0.000482517,0.000366438,0.000749467,0.000463303,0.000674097
1,2097152,0.000254698,0.00024944,0.000258178,0.000255022,0.000256769
1,2097152,0.000654661,0.000256654,0.000956236,0.000700517,0.000706321
1,2097152,0.000513621,0.000357383,0.00064018,0.000537421,0.000468745
1,2097152,0.000714555,0.000255371,0.000997919,0.000873079,0.000877811
1,2097152,0.00026278,0.000250043,0.000284973,0.000260042,0.000261767
1,2097152,0.000921143,0.000267718,0.001151541,0.001001253,0.000913157
1,2097152,0.000428494,0.000365337,0.00050398,0.000423392,0.000492395
1,2097152,0.000979849,0.000884075,0.001057137,0.000976555,0.001057137
1,2097152,0.000332099,0.000274635,0.000401715,0.000329964,0.000401715
1,2097152,0.000598488,0.000255103,0.000935238,0.000762856,0.000780371
1,2097152,0.000415893,0.000338035,0.000814808,0.00037915,0.000814808
1,2097152,0.000388081,0.000327139,0.00043646,0.000394975,0.000434431
1,2097152,0.000288269,0.000252117,0.000347226,0.000276044,0.000314908
1,2097152,0.000842779,0.000257376,0.001076537,0.000939525,0.00092062
1,2097152,0.000277225,0.000247835,0.000326834,0.000266375,0.000291395
1,2097152,0.000532156,0.000252828,0.001018803,0.000326377,0.000743676
1,2097152,0.000297126,0.000252577,0.0003613,0.000287883,0.000260071
1,2097152,0.000830085,0.000378246,0.001322849,0.000729652,0.000655948
1,2097152,0.000488614,0.000253409,0.001114373,0.00026367,0.000690798
1,2097152,0.000547416,0.000404666,0.000632575,0.000549633,0.000509182
1,2097152,0.001030839,0.000906144,0.001135126,0.001063258,0.000934838
1,2097152,0.000256662,0.000249,0.000263626,0.000256541,0.000261304
1,2097152,0.000616951,0.000254834,0.001100708,0.000409719,0.000826405
1,2097152,0.000257875,0.000251837,0.000262914,0.00025698,0.000256546
1,2097152,0.000877901,0.000248429,0.001059469,0.000988513,0.000737729
1,2097152,0.000700761,0.000344032,0.001473689,0.000662747,0.000853018
1,2097152,0.000355913,0.000313999,0.000418439,0.000352754,0.000413577
1,2097152,0.000980016,0.000783064,0.001074956,0.000998334,0.000947412
1,2097152,0.000468149,0.000348684,0.000755533,0.000450701,0.000755533
1,2097152,0.000427904,0.000299206,0.000499756,0.000431304,0.000377325
1,2097152,0.000391712,0.00032952,0.000570746,0.000373019,0.000570746
1,2097152,0.000261617,0.000251645,0.000272498,0.000260965,0.000272498
1,2097152,0.000274942,0.000253342,0.000468159,0.000259551,0.000258467
1,2097152,0.000724702,0.000352366,0.000955113,0.000857779,0.000867674
1,2097152,0.000286423,0.000253766,0.000345554,0.000272961,0.000259846
1,2097152,0.001047676,0.00071445,0.001204651,0.001133319,0.000739655
1,2097152,0.000358527,0.000300117,0.000426615,0.000358374,0.000415156
1,2097152,0.00101681,0.000955573,0.00108012,0.001008054,0.00108012
1,2097152,0.000297868,0.000258115,0.000339346,0.000301438,0.000259711
1,2097152,0.0009423,0.000754832,0.00105702,0.000986975,0.00078455
1,2097152,0.000305925,0.000253946,0.000364176,0.000305601,0.000262516
1,2097152,0.000581064,0.000285291,0.001111899,0.000349658,0.00084382
1,2097152,0.000347051,0.000297069,0.000412292,0.000347197,0.000406018
1,2097152,0.000968828,0.000608949,0.00108957,0.001014284,0.000965473
1,2097152,0.000267165,0.000253932,0.000289127,0.00026186,0.000260408
1,2097152,0.000901128,0.000269882,0.001070023,0.001003016,0.000969449
1,2097152,0.000430486,0.000347764,0.000521088,0.000439544,0.000463079
1,2097152,0.001081279,0.000911386,0.001170901,0.001095727,0.001042108
1,2097152,0.000259639,0.000256074,0.000263239,0.000259451,0.000262613
1,2097152,0.000695067,0.000248451,0.001123708,0.000907789,0.000930813
1,2097152,0.000493863,0.000330023,0.000611844,0.000533754,0.000421276
1,2097152,0.000984044,0.000921857,0.001054292,0.000977387,0.000945363
1,2097152,0.000632215,0.000344483,0.001336976,0.000477062,0.000808393
1,2097152,0.000399168,0.000357284,0.000477753,0.000391435,0.000471583
1,2097152,0.001022055,0.000256644,0.001185704,0.001113706,0.001185704
1,2097152,0.000264827,0.000255491,0.000272826,0.0002673,0.000272826
1,2097152,0.000996171,0.000257528,0.001248047,0.001096185,0.000879718
1,2097152,0.000309741,0.000255824,0.000372256,0.000306232,0.000372256
1,2097152,0.000998522,0.000775724,0.001127534,0.001041733,0.000799083
1,2097152,0.000415094,0.000299305,0.000928976,0.000342244,0.000928976
1,2097152,0.00046816,0.000259137,0.000545347,0.000473838,0.000418603
1,2097152,0.000386442,0.000326543,0.000458123,0.000381584,0.000445728
1,2097152,0.001298683,0.001220567,0.001372594,0.001300146,0.001372594
1,2097152,0.000971333,0.000751727,0.001092538,0.001016622,0.000775193
1,2097152,0.00034673,0.000290885,0.000413346,0.000351829,0.000401906
1,2097152,0.001110599,0.000291141,0.001394022,0.00131329,0.001394022
1,2097152,0.001177992,0.000343871,0.001662698,0.00124529,0.001150551
1,2097152,0.000409067,0.000254755,0.000918227,0.000267536,0.000918227
1,2097152,0.001026446,0.000371603,0.001689612,0.000913106,0.001689612
1,2097152,0.000496125,0.000314632,0.000998077,0.000436475,0.000998077
1,2097152,0.000263656,0.000257188,0.000270909,0.000264671,0.000261514
1,2097152,0.000540094,0.000250752,0.001340439,0.000261047,0.001340439
1,2097152,0.000729725,0.000368752,0.001146625,0.000593882,0.001054204
1,2097152,0.000531603,0.000337229,0.000619266,0.000575567,0.000380504
1,2097152,0.000890577,0.000254082,0.001107034,0.00106734,0.001083881
1,2097152,0.000261341,0.000255362,0.000268706,0.000260561,0.000261863
1,2097152,0.000629129,0.000251537,0.000860665,0.000787067,0.000860665
1,2097152,0.000465654,0.00034026,0.000523449,0.000492789,0.000378905
1,2097152,0.001232677,0.001130023,0.001320531,0.001238422,0.00130225
1,2097152,0.000286556,0.000258268,0.000510725,0.000260822,0.000509293
1,2097152,0.000293464,0.000256425,0.000353042,0.000283672,0.000256425
1,2097152,0.000774711,0.000278892,0.000946681,0.000872661,0.000946681
1,2097152,0.0005243,0.000366786,0.001075584,0.000456607,0.001075584
1,2097152,0.000283186,0.000250814,0.000340493,0.000268744,0.000250814
1,2097152,0.000308154,0.000260031,0.000365473,0.000301701,0.000263487
1,2097152,0.000866844,0.000386465,0.001224103,0.000878932,0.00055816
1,2097152,0.000262399,0.000253537,0.000281887,0.000259118,0.000260814
1,2097152,0.000947036,0.000473082,0.001046923,0.000977419,0.001045827
1,2097152,0.000788151,0.000341452,0.001219149,0.000670008,0.000929623
1,2097152,0.000280095,0.000256004,0.000328164,0.000267346,0.000262282
1,2097152,0.000474998,0.000251317,0.001039275,0.000261087,0.001039275
1,2097152,0.000431166,0.000323921,0.000874884,0.000377808,0.000874884
1,2097152,0.000258958,0.00025345,0.000265189,0.000258852,0.000264489
1,2097152,0.000403724,0.000291855,0.000493135,0.000406767,0.000342223
1,2097152,0.001295436,0.001009467,0.001464313,0.001342281,0.001464313
1,2097152,0.000696199,0.000254869,0.001058992,0.000883856,0.000895722
1,2097152,0.00028914,0.000254759,0.0003168,0.000289251,0.000312604
1,2097152,0.001133346,0.00091797,0.001242836,0.001165342,0.000934797
1,2097152,0.000466067,0.000292237,0.001070731,0.000360321,0.000305808
1,2097152,0.000592248,0.000343069,0.000702883,0.00065685,0.000382791
1,2097152,0.000655025,0.000251137,0.001087466,0.000696062,0.000699176
1,2097152,0.000552321,0.000372362,0.000669844,0.000578684,0.000598489
1,2097152,0.000695583,0.000251574,0.0010423,0.000777066,0.000790501
1,2097152,0.000265732,0.00024982,0.000302295,0.000256713,0.000252299
1,2097152,0.001045502,0.000596106,0.001147183,0.001072688,0.001035941
1,2097152,0.000452424,0.000366385,0.00078997,0.000424643,0.00078997
1,2097152,0.000291363,0.000256097,0.000350011,0.000280072,0.000259035
1,2097152,0.001016541,0.000253519,0.001205382,0.001107231,0.001205382
1,2097152,0.000530614,0.000344271,0.001386125,0.000391217,0.001386125
1,2097152,0.000288279,0.000258701,0.000337532,0.000280635,0.000331176
1,2097152,0.000255945,0.000250849,0.000259514,0.000256111,0.000258371
1,2097152,0.000954416,0.00033787,0.001073006,0.000997453,0.000895868
1,2097152,0.000357104,0.000305095,0.000421225,0.000355363,0.00041002
1,2097152,0.000712295,0.000252516,0.001063597,0.000942828,0.001063597
1,2097152,0.000351535,0.000313552,0.00038448,0.000353581,0.000379608
1,2097152,0.001010893,0.000707525,0.001128038,0.001054108,0.000919602
1,2097152,0.00030893,0.000258213,0.000351134,0.00031487,0.000347118
1,2097152,0.00067216,0.000250928,0.000999913,0.000875359,0.000897735
1,2097152,0.000274381,0.000255395,0.000301018,0.000271454,0.00026215
1,2097152,0.000409979,0.00025099,0.000998778,0.00026088,0.000816112
1,2097152,0.000531077,0.000367858,0.000626308,0.000538249,0.000621268
1,2097152,0.00076306,0.000253958,0.00100698,0.000909166,0.000668941
1,2097152,0.000741307,0.000371768,0.001316566,0.00065207,0.001316566
1,2097152,0.000410249,0.000331796,0.000470417,0.000423279,0.000463613
1,2097152,0.000398719,0.000353562,0.000474099,0.000390886,0.000467985
1,2097152,0.001161357,0.001015472,0.00124358,0.001172094,0.001116867
1,2097152,0.000262501,0.000251072,0.000292441,0.000255796,0.000257771
1,2097152,0.000855814,0.000318249,0.001032058,0.000961973,0.000619991
1,2097152,0.000457547,0.00035167,0.001048109,0.000389629,0.001048109
1,2097152,0.000252249,0.000247228,0.000256315,0.000252691,0.000251446
1,2097152,0.000326463,0.000256359,0.000915735,0.000294214,0.000261659
1,2097152,0.000862893,0.000370164,0.000985228,0.000908234,0.000973452
1,2097152,0.000949882,0.000683269,0.001079448,0.000993583,0.000700756
1,2097152,0.000302075,0.000259083,0.00034874,0.00030088,0.000312982
1,2097152,0.000999067,0.000606195,0.001162827,0.001095407,0.000650093
1,2097152,0.000254037,0.000248357,0.000259686,0.00025446,0.000259686
1,2097152,0.000580282,0.000253944,0.001004528,0.000545868,0.000797065
1,2097152,0.000541219,0.000340803,0.000647624,0.000591097,0.000382672
1,2097152,0.000809076,0.000253541,0.001174432,0.000897231,0.000895182
1,2097152,0.000441977,0.000375384,0.000526293,0.000436639,0.000526293
1,2097152,0.001098488,0.000958232,0.001193903,0.001111571,0.001192869
1,2097152,0.000252784,0.00024971,0.00025531,0.000252892,0.000251502
1,2097152,0.000578437,0.000247491,0.001069961,0.000511211,0.000796556
1,2097152,0.000945575,0.000381031,0.001978384,0.000711422,0.001978384
1,2097152,0.000250396,0.000245668,0.000255597,0.000249969,0.000249904
1,2097152,0.000779024,0.000254174,0.0009807,0.000873563,0.000851976
1,2097152,0.000261564,0.000248296,0.000290868,0.000254839,0.000260017
1,2097152,0.000842774,0.000251305,0.000986744,0.000921436,0.000753264
1,2097152,0.000307906,0.000277374,0.000326835,0.000308161,0.000295384
1,2097152,0.001021668,0.000591543,0.001199654,0.001129182,0.000760189
1,2097152,0.000906817,0.000342042,0.00137945,0.000847995,0.000777326
1,2097152,0.000253979,0.000247574,0.000258793,0.000254858,0.000254663
1,2097152,0.000757621,0.000256895,0.001121539,0.000801869,0.00080282
1,2097152,0.000336333,0.000284008,0.000398208,0.000336473,0.000392149
1,2097152,0.000745207,0.000258276,0.001063134,0.000858036,0.000862502
1,2097152,0.000266179,0.000248575,0.00030081,0.000257458,0.000258265
1,2097152,0.001002939,0.000258399,0.001177466,0.001107637,0.000903086
1,2097152,0.000400528,0.000353739,0.000446768,0.000400744,0.000442413
1,2097152,0.000985266,0.000746365,0.001110308,0.001037585,0.000773258
1,2097152,0.000522881,0.000366953,0.00111955,0.000470181,0.00111955
1,2097152,0.000471306,0.00033601,0.00054784,0.000476166,0.000421102
1,2097152,0.00025528,0.000248195,0.000262031,0.000255414,0.000262031
1,2097152,0.000583522,0.000252349,0.000996712,0.000614414,0.00063012
1,2097152,0.00052467,0.000371291,0.001074325,0.000460323,0.001074325
1,2097152,0.000564566,0.000252613,0.000648031,0.000576173,0.000522045
1,2097152,0.000301857,0.000252288,0.000362084,0.000301103,0.000350607
1,2097152,0.001372813,0.000929839,0.00146736,0.001394151,0.00146736
1,2097152,0.000628601,0.000260349,0.000973665,0.000697878,0.000710393
1,2097152,0.000468283,0.000340593,0.000585667,0.000481506,0.000379895
1,2097152,0.000620196,0.000255622,0.00107614,0.000655136,0.000869313
1,2097152,0.00043651,0.000365823,0.000525544,0.000437713,0.000503814
1,2097152,0.000664494,0.000256495,0.001067586,0.000867337,0.000893252
1,2097152,0.000283953,0.000255814,0.000331308,0.000269891,0.000299579
1,2097152,0.000615991,0.000255149,0.001014139,0.000625988,0.000838539
1,2097152,0.000946008,0.000392983,0.00151718,0.000816493,0.001242978
1,2097152,0.000282583,0.000251315,0.000338861,0.000269375,0.000251315
1,2097152,0.000605492,0.000264787,0.001058098,0.000544442,0.000933082
1,2097152,0.000583818,0.000357678,0.000707884,0.000611311,0.000654892
1,2097152,0.000922962,0.000809805,0.00110881,0.000885821,0.00093588
1,2097152,0.000276699,0.000252351,0.00033096,0.000259142,0.00025901
1,2097152,0.000729142,0.000399025,0.00124696,0.00056244,0.000427453
1,2097152,0.000271758,0.000255681,0.00029407,0.000269331,0.00027731
1,2097152,0.001107415,0.000750859,0.00125935,0.00114692,0.001079429
1,2097152,0.00028777,0.000260482,0.00031588,0.00028765,0.000277814
1,2097152,0.001325875,0.001112762,0.001418421,0.001339244,0.001418421
1,2097152,0.000508954,0.000254673,0.000986994,0.000273122,0.000814531
1,2097152,0.000760844,0.000336815,0.001272238,0.000755408,0.001191207
1,2097152,0.000520627,0.000386378,0.00061762,0.000529899,0.000484711
1,2097152,0.001105157,0.000777103,0.001251109,0.001125046,0.001251109
1,2097152,0.000283424,0.000259285,0.000332654,0.000269421,0.000259319
1,2097152,0.001497548,0.001417138,0.001584732,0.001500087,0.001584732
1,2097152,0.001097814,0.0008028,0.001195273,0.00112304,0.001056703
1,2097152,0.000331325,0.000289898,0.000358528,0.000332619,0.000327011
1,2097152,0.000980313,0.000848279,0.001074127,0.001001485,0.000872904
1,2097152,0.000333964,0.000275011,0.000401784,0.00033663,0.000387586
1,2097152,0.000703601,0.000266621,0.001027015,0.000943028,0.001027015
1,2097152,0.000307907,0.000256726,0.000362952,0.0003054,0.000285398
1,2097152,0.000646857,0.000295607,0.000987034,0.000722828,0.000734031
1,2097152,0.000257428,0.000249461,0.000264359,0.000258105,0.000261269
1,2097152,0.001054448,0.000252403,0.001438472,0.001364722,0.001438472
1,2097152,0.000257875,0.000253947,0.00026146,0.000257957,0.000255073
1,2097152,0.000982331,0.000696762,0.001156981,0.001004952,0.000915136
1,2097152,0.000412366,0.000269432,0.001200075,0.00032611,0.000710162
1,2097152,0.000913031,0.000384886,0.00132554,0.000981162,0.001097362
1,2097152,0.000260246,0.000252617,0.000282061,0.000256697,0.00025726
1,2097152,0.000761763,0.00025093,0.001015674,0.000885372,0.000717683
1,2097152,0.000467268,0.000338153,0.001157743,0.000379494,0.001157743
1,2097152,0.00093267,0.000389186,0.002023552,0.000766836,0.002023552
1,2097152,0.000256377,0.00024956,0.00026204,0.000257244,0.000257148
1,2097152,0.000886966,0.000257064,0.001123831,0.001055169,0.000653525
1,2097152,0.000443284,0.000331859,0.000512512,0.00045423,0.000463649
1,2097152,0.000386744,0.000255978,0.000467455,0.000398589,0.000298902
1,2097152,0.000460066,0.000371028,0.000538644,0.000458101,0.000526725
1,2097152,0.000951964,0.000254622,0.001073621,0.000994496,0.001073621
1,2097152,0.000296727,0.000257662,0.000338119,0.000302898,0.000271614
1,2097152,0.000621836,0.000325899,0.000945151,0.000718638,0.000731686
1,2097152,0.000386913,0.000346931,0.000433577,0.000380585,0.000381398
1,2097152,0.000876873,0.000767454,0.000965067,0.000878043,0.000965067
1,2097152,0.000320156,0.000265269,0.000390082,0.000316663,0.000390082
1,2097152,0.000975642,0.000896523,0.001047458,0.00097575,0.000912717
1,2097152,0.000396451,0.000347017,0.000452393,0.000397584,0.000428508
1,2097152,0.000699901,0.000257743,0.000986842,0.000819876,0.000826613
1,2097152,0.000301891,0.00025346,0.000359363,0.000295575,0.000282648
1,2097152,0.001028595,0.000852134,0.001126543,0.001057672,0.000967469
1,2097152,0.000543353,0.000360487,0.001057256,0.000475542,0.000989494
1,2097152,0.000259079,0.000255552,0.000262393,0.000259076,0.000262393
1,2097152,0.000275575,0.000253984,0.000316975,0.000262801,0.000314196
1,2097152,0.000946684,0.000734433,0.001067957,0.000992598,0.000758495
1,2097152,0.000274455,0.000255695,0.000318532,0.000262588,0.000260414
1,2097152,0.00095939,0.000325001,0.001168281,0.001090962,0.000800048
1,2097152,0.000557477,0.000371528,0.000950954,0.000508634,0.000950954
1,2097152,0.000415972,0.000360009,0.000463695,0.00041856,0.000463695
1,2097152,0.000553282,0.000266203,0.001182217,0.000328725,0.000548431
1,2097152,0.00054157,0.000369681,0.000639361,0.00055386,0.000627554
1,2097152,0.001107333,0.000865952,0.001221829,0.001145004,0.000885212
1,2097152,0.00033676,0.000284803,0.000397793,0.000339906,0.000395897
1,2097152,0.000957428,0.000908242,0.001021412,0.000947253,0.000930893
1,2097152,0.000707326,0.000259201,0.001162706,0.000733675,0.001162706
1,2097152,0.000407643,0.000357012,0.000479416,0.000402424,0.000474482
1,2097152,0.001028171,0.000938565,0.001103953,0.001030136,0.000963054
1,2097152,0.00026871,0.000254201,0.000301514,0.00026103,0.000295177
1,2097152,0.000910811,0.000264205,0.00116232,0.00108804,0.000731991
1,2097152,0.000396263,0.000313671,0.00047127,0.000415009,0.000314657
1,2097152,0.001364119,0.000917277,0.001500397,0.001429617,0.001500397
1,2097152,0.000822517,0.000277923,0.001263401,0.000703931,0.000704316
1,2097152,0.000369369,0.000322946,0.00043489,0.000363291,0.000429695
1,2097152,0.001366715,0.001284117,0.001440012,0.001368025,0.001440012
1,2097152,0.000877624,0.000260306,0.001132571,0.00094255,0.000898097
1,2097152,0.000502036,0.000306962,0.0009652,0.000368786,0.0009652
1,2097152,0.000410902,0.000360668,0.000458896,0.00041183,0.000458896
1,2097152,0.00139987,0.000319787,0.001642635,0.001569163,0.001641603
1,2097152,0.000785574,0.000499863,0.000870743,0.000797742,0.000869554
1,2097152,0.000509916,0.000360009,0.000905964,0.000463204,0.000905964
1,2097152,0.000386184,0.000263739,0.000464101,0.000391217,0.000333068
1,2097152,0.000564807,0.000378355,0.000973924,0.000501751,0.000973924
1,2097152,0.000283763,0.000253021,0.000339144,0.000271141,0.000253637
1,2097152,0.000919513,0.000253932,0.001069875,0.001031555,0.001057603
1,2097152,0.000343996,0.00029724,0.000399356,0.000339792,0.000393698
1,2097152,0.001061875,0.000890598,0.001142333,0.001087475,0.001090811
1,2097152,0.000450355,0.000337867,0.000781559,0.000438897,0.000378742
1,2097152,0.000883975,0.000702448,0.001129075,0.000864441,0.000905122
1,2097152,0.001017885,0.000766343,0.001152822,0.001073167,0.000790899
1,2097152,0.000360339,0.000302694,0.000434646,0.000358725,0.000434646
1,2097152,0.000903088,0.000401908,0.001090907,0.000955196,0.000814156
1,2097152,0.00026017,0.000254663,0.000271042,0.000258462,0.000258522
1,2097152,0.000550715,0.000257678,0.000744651,0.000672933,0.000744066
1,2097152,0.000586467,0.000365077,0.000695794,0.000640839,0.000693362
1,2097152,0.000668945,0.000251289,0.000805806,0.000730855,0.000805806
1,2097152,0.000293265,0.000254959,0.000353248,0.000282427,0.000261627
1,2097152,0.001659784,0.001326766,0.002338402,0.001572382,0.002338402
1,2097152,0.000270282,0.000255708,0.000304733,0.000263049,0.000255708
1,2097152,0.000405386,0.000258984,0.000807462,0.000304309,0.000807462
1,2097152,0.000486809,0.000353568,0.000615111,0.00049763,0.000463823
1,2097152,0.000975096,0.000252241,0.001213659,0.001139317,0.000941771
1,2097152,0.000273085,0.000251433,0.000317212,0.000259237,0.000309509
1,2097152,0.000911637,0.000260136,0.001047735,0.000970401,0.000866358
1,2097152,0.000418101,0.000340501,0.000466621,0.000422653,0.000379272
1,2097152,0.000745932,0.000252964,0.00114113,0.000835653,0.000842444
1,2097152,0.000253279,0.000248242,0.00025714,0.000253616,0.000249699
1,2097152,0.000754442,0.000253121,0.001115342,0.000802367,0.000807891
1,2097152,0.00032831,0.000260943,0.000392396,0.000330596,0.000269499
1,2097152,0.001491569,0.001340399,0.001587675,0.001495266,0.001587675
1,2097152,0.001001232,0.000751107,0.00117625,0.001102791,0.000773882
1,2097152,0.00030054,0.000254913,0.000366734,0.000295165,0.000257133
1,2097152,0.000858498,0.000256118,0.001060986,0.000985483,0.000729935
1,2097152,0.000365156,0.000310959,0.000436018,0.000362184,0.000436018
1,2097152,0.0009393,0.00045825,0.001052078,0.000976718,0.00088507
1,2097152,0.000283122,0.000258868,0.000331783,0.000268599,0.00026284
1,2097152,0.00098357,0.000688783,0.001124049,0.001039379,0.001061405
1,2097152,0.000379343,0.000333718,0.000445652,0.000372548,0.000442605
1,2097152,0.000989466,0.000890111,0.001067912,0.000992116,0.00093854
1,2097152,0.00034843,0.000309478,0.000381019,0.000350901,0.000310561
1,2097152,0.000888834,0.000278141,0.001232457,0.000984572,0.000800127
1,2097152,0.000313113,0.000272298,0.000369659,0.000314655,0.000363343
1,2097152,0.00078188,0.00025712,0.001166988,0.000726758,0.000694075
1,2097152,0.000403047,0.000321668,0.000483172,0.000399931,0.000350852
1,2097152,0.000755737,0.000253467,0.001016024,0.000847349,0.000714335
1,2097152,0.000603548,0.000400226,0.001256345,0.000493567,0.00043993
1,2097152,0.000524006,0.000367685,0.000651863,0.000540951,0.000535139
1,2097152,0.000629064,0.000255599,0.000999731,0.000823625,0.000844716
1,2097152,0.000325267,0.000268765,0.000370336,0.000329026,0.000310704
1,2097152,0.000865339,0.000630402,0.001044483,0.000907581,0.000669298
1,2097152,0.000288545,0.000253729,0.000341378,0.000282485,0.000329817
1,2097152,0.000317907,0.000253708,0.00081838,0.000260424,0.00081838
1,2097152,0.000608061,0.000375244,0.000714992,0.000620738,0.000708778
1,2097152,0.000257233,0.000254382,0.000262007,0.000256973,0.000258037
1,2097152,0.000993075,0.000734384,0.001111001,0.00103662,0.000754816
1,2097152,0.000491032,0.000384019,0.000735696,0.000484753,0.000426133
1,2097152,0.000596889,0.000390166,0.000889256,0.000561431,0.000603129
1,2097152,0.00026632,0.000250595,0.000304181,0.000255321,0.000253421
1,2097152,0.001350757,0.00107761,0.001493251,0.001408697,0.001220306
1,2097152,0.000929198,0.00030166,0.001040629,0.000965468,0.000923294
1,2097152,0.000398503,0.00034155,0.000479188,0.000394795,0.000479188
1,2097152,0.000728685,0.000596692,0.000830082,0.000745916,0.000829064
1,2097152,0.000333761,0.000247515,0.000814542,0.000253931,0.000814331
1,2097152,0.000612068,0.000360175,0.000740922,0.000681215,0.000740922
1,2097152,0.0002539,0.000245457,0.000258384,0.000254538,0.000257826
1,2097152,0.000867989,0.000691855,0.000950117,0.000878733,0.000776214
1,2097152,0.000345385,0.000291146,0.000381531,0.000352087,0.000369016
1,2097152,0.00087257,0.000736433,0.000976603,0.000884838,0.00076353
1,2097152,0.000432259,0.000305935,0.000934865,0.000369977,0.000321144
1,2097152,0.000865926,0.000364315,0.00131973,0.000903319,0.00131973
1,2097152,0.000380254,0.000325601,0.000461778,0.000372502,0.000461778
1,2097152,0.000275302,0.000248496,0.000320203,0.000267426,0.000264961
1,2097152,0.000264304,0.000257836,0.000278489,0.000263112,0.000259813
1,2097152,0.001304032,0.000980505,0.0014758,0.001347046,0.001118487
1,2097152,0.000884322,0.000251854,0.001061545,0.000992152,0.000897603
1,2097152,0.000435839,0.000374075,0.000522036,0.000430457,0.000522036
1,2097152,0.001112671,0.00026087,0.001399757,0.00132501,0.001399413
1,2097152,0.000252457,0.00024789,0.000257461,0.000252144,0.000250988
1,2097152,0.001055828,0.000901691,0.001146121,0.00107613,0.001003123
1,2097152,0.000378297,0.000295209,0.000479048,0.000369612,0.000316581
1,2097152,0.001070957,0.000850289,0.001175789,0.001093646,0.00102067
1,2097152,0.00025443,0.000250795,0.000257857,0.00025438,0.000252253
1,2097152,0.000766356,0.000251816,0.001082019,0.000885466,0.000887287
1,2097152,0.000331863,0.000280191,0.000372622,0.00033407,0.000318207
1,2097152,0.001079599,0.000856809,0.001178684,0.00109242,0.001173451
1,2097152,0.001082759,0.000873131,0.001195661,0.001121197,0.000891107
1,2097152,0.000257189,0.000249906,0.000261858,0.00025671,0.000260735
1,2097152,0.000590878,0.000255587,0.000987502,0.000633311,0.00084673
1,2097152,0.000548297,0.000347502,0.000700526,0.000623049,0.000372177
1,2097152,0.001036235,0.000923101,0.001134502,0.001063328,0.000987617
1,2097152,0.000253249,0.00024914,0.000258243,0.000253654,0.000249205
1,2097152,0.000872912,0.000253386,0.001270553,0.001185053,0.001270553
1,2097152,0.000361232,0.00030191,0.000435015,0.000360821,0.000417991
1,2097152,0.001108099,0.000813228,0.001218768,0.001144196,0.001092221
1,2097152,0.000327958,0.000257097,0.000399003,0.000328335,0.000281228
1,2097152,0.001038923,0.000810943,0.001153008,0.001049433,0.001153008
1,2097152,0.00040648,0.000352929,0.000458543,0.000409791,0.000415071
1,2097152,0.000867017,0.000363229,0.001133984,0.000941869,0.000993542
1,2097152,0.000278336,0.000247257,0.000325732,0.000271011,0.000267598
1,2097152,0.001387431,0.001046604,0.001540125,0.00145765,0.001376653
1,2097152,0.000991249,0.000871748,0.001080776,0.001007326,0.000887522
1,2097152,0.00044158,0.000372453,0.000526435,0.000434534,0.000526435
1,2097152,0.001133719,0.00087185,0.001251756,0.001178819,0.000909116
1,2097152,0.000454801,0.000320418,0.000915628,0.000360715,0.000909923
1,2097152,0.00080714,0.000381598,0.00094781,0.000847657,0.00094781
1,2097152,0.000902675,0.00025638,0.001073188,0.00103501,0.001052663
1,2097152,0.000398472,0.000346523,0.000470787,0.000391267,0.000459929
1,2097152,0.000743459,0.000326652,0.001059141,0.000698172,0.000698679
1,2097152,0.000677052,0.000341286,0.001556064,0.000662344,0.001556064
1,2097152,0.000294472,0.000253674,0.00034618,0.000292428,0.0003027
1,2097152,0.001082058,0.00085381,0.00119274,0.001119673,0.000875332
1,2097152,0.000427509,0.000339618,0.000812482,0.000384732,0.000812482
1,2097152,0.000474798,0.00038792,0.00055174,0.000475472,0.000550838
1,2097152,0.000352004,0.000303316,0.000418955,0.00035314,0.000404389
1,2097152,0.000980506,0.000743559,0.001097745,0.001025375,0.00076257
1,2097152,0.000267951,0.000248718,0.000292959,0.000264846,0.00026314
1,2097152,0.001165143,0.000773997,0.001268545,0.001199397,0.001268545
1,2097152,0.000259239,0.000251799,0.000265692,0.000258878,0.000257394
1,2097152,0.001028006,0.000253786,0.001310558,0.001227417,0.001310558
1,2097152,0.000272221,0.000250845,0.000313287,0.000260733,0.000256472
1,2097152,0.000615408,0.000262377,0.00075087,0.000676797,0.000750721
1,2097152,0.00042278,0.000358072,0.000501718,0.000423699,0.000478796
1,2097152,0.000884681,0.000766144,0.000969631,0.000889181,0.000969631
1,2097152,0.000446395,0.000359845,0.000517224,0.000446471,0.0004415
1,2097152,0.001089662,0.000274861,0.001384625,0.001310037,0.001384625
1,2097152,0.000278253,0.000256837,0.00031852,0.000266188,0.000256837
1,2097152,0.001376507,0.001050273,0.001542531,0.001440174,0.001357713
1,2097152,0.001005955,0.000928712,0.001104078,0.000965166,0.000954456
1,2097152,0.000257254,0.000252835,0.000262327,0.000256894,0.000256969
1,2097152,0.00104086,0.000592955,0.001206831,0.001131952,0.000813215
1,2097152,0.000438938,0.000343498,0.00082483,0.000407716,0.00082483
1,2097152,0.000289196,0.000252644,0.0003471,0.000279937,0.000257454
1,2097152,0.001058846,0.000935331,0.001150158,0.001071918,0.001150158
1,2097152,0.000297867,0.000256178,0.000348009,0.0002898,0.000315865
1,2097152,0.000945908,0.000623545,0.001111789,0.001046317,0.000734273
1,2097152,0.000298659,0.000254766,0.00034476,0.000302667,0.00034476
1,2097152,0.000962014,0.000660355,0.001104978,0.00103122,0.000783202
1,2097152,0.000295009,0.00025829,0.000356035,0.000282912,0.000260961
1,2097152,0.000967962,0.000884892,0.001041264,0.000970144,0.000910432
1,2097152,0.000562481,0.00035984,0.001134816,0.000518653,0.001134816
1,2097152,0.000266457,0.000252106,0.000277502,0.000267972,0.00026237
1,2097152,0.000957037,0.000725104,0.001078811,0.001012361,0.00083569
1,2097152,0.00027188,0.000256874,0.00030982,0.000262256,0.000261318
1,2097152,0.001386992,0.001104127,0.001564944,0.001444817,0.001460257
1,2097152,0.000321782,0.000256904,0.000385704,0.000323401,0.000265555
1,2097152,0.000574635,0.000342655,0.00102638,0.000409932,0.00102295
1,2097152,0.0005906,0.000366637,0.000730141,0.000615498,0.000657893
1,2097152,0.00033132,0.000256101,0.000666936,0.000261599,0.000666918
1,2097152,0.000517441,0.00034017,0.001073696,0.00039217,0.001066918
1,2097152,0.000258612,0.000252944,0.000265,0.000259126,0.000252944
1,2097152,0.000580496,0.000267414,0.000811613,0.000714197,0.000811613
1,2097152,0.000461667,0.000331157,0.000951067,0.000374708,0.000951067
1,2097152,0.000327358,0.00025197,0.000773612,0.000261971,0.000773612
1,2097152,0.000277753,0.000251838,0.000328585,0.000264439,0.000252028
1,2097152,0.000255307,0.000250934,0.000259921,0.000254939,0.000256119
1,2097152,0.000793106,0.000253566,0.001108318,0.000869758,0.000710746
1,2097152,0.00083509,0.000387157,0.001801662,0.000491079,0.001801662
1,2097152,0.000260322,0.000251338,0.000282379,0.000257163,0.000255422
1,2097152,0.001288934,0.000968616,0.001441292,0.001358692,0.001106199
1,2097152,0.000799553,0.000295469,0.001174307,0.000716652,0.000716344
1,2097152,0.00041474,0.000291153,0.000533057,0.00042881,0.000314426
1,2097152,0.001384469,0.00115476,0.001494248,0.001405249,0.001494248
1,2097152,0.000940041,0.000253743,0.001178329,0.001067635,0.001177136
1,2097152,0.00050342,0.000315661,0.000992594,0.000459952,0.000992594
1,2097152,0.000379416,0.000295629,0.000460279,0.000375783,0.000379054
1,2097152,0.000271855,0.000253165,0.000314633,0.000261595,0.000314633
1,2097152,0.000929553,0.00025285,0.001086149,0.001008371,0.00092051
1,2097152,0.000557531,0.000388739,0.000999405,0.000524194,0.000999405
1,2097152,0.000264928,0.000253827,0.000294564,0.000259755,0.000260128
1,2097152,0.001140541,0.000888468,0.001324546,0.001175078,0.000908657
1,2097152,0.000264687,0.000250547,0.000294579,0.000258973,0.000285204
1,2097152,0.001199648,0.001095236,0.001283705,0.001210904,0.001283705
1,2097152,0.000289395,0.000252622,0.000347611,0.000279612,0.000252622
1,2097152,0.000904775,0.000369125,0.001479317,0.000859993,0.000958833
1,2097152,0.001417118,0.001194436,0.001556578,0.001474741,0.001227101
1,2097152,0.001089111,0.000290065,0.00156458,0.001492322,0.00156458
1,2097152,0.000555834,0.000255785,0.000829131,0.000771246,0.000790993
1,2097152,0.000362145,0.000303273,0.000427894,0.000352872,0.000328598
1,2097152,0.000852981,0.000254096,0.001090146,0.000928903,0.000837797
1,2097152,0.000275042,0.000256078,0.000322621,0.000260258,0.000256078
1,2097152,0.000906176,0.000650623,0.001025257,0.000952831,0.000851971
1,2097152,0.000649859,0.000385685,0.00117054,0.000455441,0.000923534
1,2097152,0.000710904,0.000383091,0.000937424,0.000726768,0.000937424
1,2097152,0.000258266,0.00025525,0.000261674,0.000258366,0.000260535
1,2097152,0.000264908,0.000256217,0.000272903,0.000265003,0.000268117
1,2097152,0.000693373,0.000257189,0.000902759,0.000827771,0.000902759
1,2097152,0.000390958,0.000302515,0.000474454,0.000393646,0.000335997
1,2097152,0.001027819,0.000356153,0.0014873,0.001226818,0.000780326
1,2097152,0.000691104,0.000481931,0.00077338,0.000699622,0.00077338
1,2097152,0.000395138,0.000344337,0.000465004,0.000390404,0.000461727
1,2097152,0.000553499,0.000250267,0.000865681,0.000719471,0.000738841
1,2097152,0.000273627,0.000251617,0.000312447,0.00026783,0.000304371
1,2097152,0.001146969,0.001049509,0.001222458,0.001149401,0.001222458
1,2097152,0.000558651,0.000255709,0.00101966,0.000621513,0.000791786
1,2097152,0.000597349,0.000391083,0.000941632,0.000505459,0.000941632
1,2097152,0.000299105,0.000259006,0.0003583,0.000292752,0.000259006
1,2097152,0.000715834,0.000252329,0.001017048,0.000872239,0.001017048
1,2097152,0.000451424,0.000349148,0.000562491,0.000447965,0.000388283
1,2097152,0.000592735,0.000262074,0.000743736,0.000668916,0.000743736
1,2097152,0.000698674,0.00036932,0.000907593,0.000805869,0.000782299
1,2097152,0.000322457,0.000288296,0.000352142,0.000323965,0.000299994
1,2097152,0.000431362,0.000366467,0.000509868,0.000425801,0.000498912
1,2097152,0.000812122,0.000709733,0.000894333,0.000815461,0.000894333
1,2097152,0.000420228,0.000361891,0.000493442,0.000417328,0.000481882
1,2097152,0.001007258,0.000763911,0.001157064,0.001079339,0.000781747
1,2097152,0.000259646,0.000252257,0.000270292,0.000259085,0.000269991
1,2097152,0.000768287,0.00025466,0.001314894,0.000663085,0.001314894
1,2097152,0.000265953,0.00025361,0.000288884,0.000266054,0.000286965
1,2097152,0.000609439,0.000254129,0.001056865,0.000784119,0.000866291
1,2097152,0.000571997,0.000341817,0.000725237,0.000649974,0.000625165
1,2097152,0.000398133,0.00025489,0.000481604,0.00040336,0.00033084
1,2097152,0.000335966,0.000270175,0.000404475,0.000331247,0.000404475
1,2097152,0.001293677,0.000614974,0.001449195,0.001376378,0.001448821
1,2097152,0.000490874,0.000256194,0.001137523,0.000260104,0.001136525
1,2097152,0.000261216,0.000256292,0.000266117,0.000261078,0.000261051
1,2097152,0.000697919,0.000272934,0.00101043,0.000679185,0.000679037
1,2097152,0.000427454,0.000342715,0.000506993,0.000423972,0.000379989
1,2097152,0.001382281,0.000969451,0.001524088,0.001435993,0.001303265
1,2097152,0.000880488,0.000255065,0.001086578,0.001017382,0.001030108
1,2097152,0.000255245,0.000251174,0.000258495,0.000255437,0.000255827
1,2097152,0.000357864,0.000250652,0.000783611,0.00025468,0.00069559
1,2097152,0.000531324,0.000360684,0.000680098,0.000569416,0.000680098
1,2097152,0.000350985,0.000263471,0.000670948,0.000309605,0.000670948
1,2097152,0.000778877,0.000346941,0.001039269,0.000941047,0.000346941
1,2097152,0.001023752,0.000912831,0.00110183,0.001028679,0.00110183
1,2097152,0.001091461,0.000253092,0.001496717,0.001421187,0.001495789
1,2097152,0.000389521,0.000251564,0.000956019,0.000255942,0.000687048
1,2097152,0.000466129,0.000344904,0.000541795,0.000497918,0.000396764
1,2097152,0.000979708,0.000884903,0.001055601,0.000982023,0.00090034
1,2097152,0.000539825,0.00037133,0.001001889,0.000501042,0.001001889
1,2097152,0.000314851,0.000287931,0.000342602,0.00031521,0.000299185
1,2097152,0.000905983,0.000305121,0.001131382,0.001056,0.001131382
1,2097152,0.000447905,0.00036857,0.00053811,0.000445411,0.00053811
1,2097152,0.001148298,0.001045002,0.001440559,0.001123591,0.001440559
1,2097152,0.000404178,0.000256313,0.000478726,0.000406708,0.000351453
1,2097152,0.000259244,0.000252388,0.000279807,0.000256255,0.000261003
1,2097152,0.001099798,0.000258034,0.001365625,0.001292252,0.001365625
1,2097152,0.000262224,0.000252953,0.000283453,0.000259892,0.000259687
1,2097152,0.001024482,0.000946458,0.001103504,0.001023863,0.001103504
1,2097152,0.00065146,0.000392329,0.001143327,0.000539411,0.001143327
1,2097152,0.000311325,0.000268052,0.000346616,0.00031318,0.000313376
1,2097152,0.000999386,0.000623068,0.001130024,0.001014283,0.000924222
1,2097152,0.000386573,0.000325111,0.000591741,0.000361943,0.000591741
1,2097152,0.000421127,0.000248351,0.000518295,0.000430094,0.000376837
1,2097152,0.000253557,0.000248357,0.000258302,0.000252854,0.000257776
1,2097152,0.000807088,0.000263071,0.001054405,0.000983939,0.000737847
1,2097152,0.000502542,0.00033953,0.000606896,0.000538879,0.000384355
1,2097152,0.001010372,0.000763099,0.001139433,0.001067242,0.000791313
1,2097152,0.00038419,0.000336009,0.000426122,0.000379539,0.000376885
1,2097152,0.001025726,0.000923627,0.001115583,0.001043739,0.000942761
1,2097152,0.000289232,0.000247917,0.000337579,0.00028262,0.000294778
1,2097152,0.00086254,0.000248612,0.001034418,0.000973697,0.000978931
1,2097152,0.000461514,0.000342085,0.00054563,0.000486026,0.000377251
1,2097152,0.000946987,0.000349081,0.001135644,0.001066585,0.000899949
1,2097152,0.000398831,0.000341447,0.00047266,0.000392004,0.000461102
1,2097152,0.000862926,0.000263226,0.001025543,0.000964283,0.00096515
1,2097152,0.000494726,0.000365045,0.000606559,0.000504493,0.000530027
1,2097152,0.001145267,0.001083781,0.001188439,0.001152246,0.001175926
1,2097152,0.000256529,0.000248162,0.000263106,0.000256923,0.000263106
1,2097152,0.000620983,0.000254593,0.001075389,0.000825301,0.000844665
1,2097152,0.000673502,0.000391399,0.001169443,0.000624788,0.001169443
1,2097152,0.000261181,0.000246692,0.000291236,0.000255679,0.000258845
1,2097152,0.000302199,0.00025381,0.000335738,0.00030564,0.000291938
1,2097152,0.000873188,0.000292652,0.001130176,0.001095884,0.001122309
1,2097152,0.000256949,0.000252562,0.000263384,0.000256678,0.000261
1,2097152,0.000284644,0.00025266,0.000337929,0.000272393,0.000257273
1,2097152,0.000777241,0.000389654,0.001097892,0.000837641,0.00095566
1,2097152,0.000618932,0.00038138,0.001110553,0.00043659,0.001110553
1,2097152,0.000257728,0.000249616,0.000275785,0.000256699,0.000253353
1,2097152,0.000531578,0.000281879,0.001103789,0.000344156,0.000741342
1,2097152,0.000256391,0.000249945,0.000261562,0.000257392,0.00025731
1,2097152,0.000637654,0.000254338,0.000927689,0.000828878,0.000875985
1,2097152,0.000486153,0.000340684,0.000719989,0.000494684,0.000719989
1,2097152,0.000259418,0.000252146,0.000272961,0.000258769,0.000258814
1,2097152,0.000852028,0.000250679,0.001097302,0.000954144,0.000727102
1,2097152,0.000492162,0.000397009,0.000576993,0.000492874,0.000451089
1,2097152,0.000998952,0.000781921,0.00109365,0.001011435,0.00101141
1,2097152,0.000321262,0.000269997,0.000359546,0.000323621,0.000308739
1,2097152,0.00084868,0.00050074,0.001075967,0.000823673,0.00063011
1,2097152,0.000371569,0.000259852,0.001179681,0.0002902,0.000263324
1,2097152,0.000758785,0.000360074,0.001336737,0.000741243,0.001125071
1,2097152,0.000689691,0.000365652,0.00083598,0.000765029,0.000534986
1,2097152,0.001102898,0.000749243,0.001226244,0.001151033,0.001089917
1,2097152,0.000355004,0.000321203,0.000396779,0.000355161,0.000385737
1,2097152,0.000690603,0.000613133,0.000767345,0.000690776,0.000767345
1,2097152,0.000260861,0.000254478,0.000266289,0.000261204,0.000260778
1,2097152,0.000703048,0.000261988,0.001099027,0.000679107,0.000685369
1,2097152,0.000290969,0.000261465,0.000342759,0.000277988,0.000306457
1,2097152,0.00056335,0.000253135,0.001042446,0.000395516,0.000764344
1,2097152,0.00085994,0.000383547,0.001325359,0.000770615,0.001233067
1,2097152,0.00063419,0.000352866,0.001030985,0.000710926,0.001030985
1,2097152,0.000872741,0.000724819,0.000948107,0.000889027,0.000900493
1,2097152,0.00082179,0.000254405,0.001099012,0.000995478,0.000777615
1,2097152,0.000477756,0.000377633,0.000569378,0.000473524,0.000569378
1,2097152,0.001041052,0.000915844,0.001125991,0.00105075,0.000933459
1,2097152,0.000399605,0.000337957,0.000457452,0.000404101,0.000412274
1,2097152,0.001108575,0.000880739,0.00120723,0.001133701,0.00108323
1,2097152,0.000553552,0.000341074,0.00098385,0.000438619,0.000897313
1,2097152,0.000455152,0.000365052,0.000547826,0.000465582,0.000494345
1,2097152,0.001090122,0.00103573,0.001142175,0.001092048,0.001102998
1,2097152,0.000374935,0.00031379,0.00056562,0.000354666,0.00056562
1,2097152,0.000823334,0.000741087,0.000900368,0.000823199,0.000898552
1,2097152,0.000960979,0.000260406,0.001507175,0.001431011,0.001505717
1,2097152,0.000494027,0.000250196,0.000967885,0.000318631,0.000667122
1,2097152,0.00052701,0.000342932,0.00065456,0.000587116,0.000391958
1,2097152,0.001047401,0.000825118,0.001178934,0.001108313,0.00084154
1,2097152,0.000300429,0.000260723,0.000358594,0.00029495,0.000267203
1,2097152,0.001537182,0.001429656,0.00173685,0.001527169,0.00173685
1,2097152,0.000533422,0.000425341,0.000612892,0.000537716,0.000482533
1,2097152,0.000312465,0.00025817,0.000373425,0.000315124,0.000362186
1,2097152,0.000817865,0.000636962,0.000898422,0.000822515,0.000898422
1,2097152,0.000493904,0.00031309,0.000604694,0.00056078,0.00031309
1,2097152,0.000752071,0.000254435,0.000942054,0.000912359,0.000941781
1,2097152,0.000402888,0.000355973,0.000452457,0.000402166,0.000415681
1,2097152,0.000848918,0.000647185,0.000983155,0.000891425,0.00086886
1,2097152,0.00042426,0.000309725,0.000994737,0.000363899,0.000994737
1,2097152,0.000435837,0.000250886,0.001152074,0.000291789,0.000252259
1,2097152,0.000517553,0.000315721,0.000669104,0.000583977,0.00041541
1,2097152,0.000993813,0.000717643,0.001130858,0.00105569,0.000735453
1,2097152,0.000561037,0.000394779,0.001136776,0.000479304,0.001136776
1,2097152,0.000324101,0.000269884,0.00037034,0.00032789,0.000304192
1,2097152,0.001587534,0.001320495,0.002198457,0.00155525,0.002198457
1,2097152,0.000270709,0.000256341,0.000305925,0.000261833,0.000256341
1,2097152,0.000954018,0.000254619,0.00108971,0.000974769,0.000974852
1,2097152,0.000611221,0.000343551,0.00122643,0.00052343,0.00122643
1,2097152,0.000325584,0.000288144,0.000371616,0.00032306,0.000371616
1,2097152,0.000573585,0.000256734,0.001132955,0.000277771,0.000826244
1,2097152,0.000258927,0.000253681,0.000265164,0.000257683,0.000257261
1,2097152,0.000826369,0.000268818,0.000945463,0.000881672,0.000884017
1,2097152,0.000544306,0.000370366,0.000671617,0.000583037,0.00038031
1,2097152,0.000919098,0.000636378,0.001139422,0.000922285,0.000902824
1,2097152,0.000299213,0.000261581,0.000354368,0.000286526,0.000354368
1,2097152,0.000820467,0.000254594,0.001046104,0.000976496,0.000862865
1,2097152,0.000259033,0.000248678,0.000264254,0.000259644,0.000259862
1,2097152,0.000883112,0.000251183,0.001150417,0.001080244,0.000878865
1,2097152,0.000423233,0.000360797,0.000497323,0.000420559,0.000497323
1,2097152,0.001006369,0.000786437,0.001128264,0.001050748,0.000810618
1,2097152,0.000500399,0.000359368,0.000988565,0.00045363,0.000988565
1,2097152,0.00042374,0.000311833,0.000501204,0.000423578,0.000366429
1,2097152,0.000277815,0.000248493,0.000471955,0.000256988,0.000471955
