run_id,msg_size,2_Avg-Duration_s,2_Min-Duration_s,2_Max-Duration_s,2_Median-Duration_s,2_MainRank-Duration_s
1,512,9.871e-06,9.523e-06,1.0205e-05,9.856e-06,1.0098e-05
1,512,9.96e-06,9.559e-06,1.0741e-05,9.863e-06,1.0203e-05
1,512,1.0038e-05,9.064e-06,1.1285e-05,9.985e-06,9.231e-06
1,512,1.0024e-05,9.749e-06,1.0241e-05,1.0013e-05,1.0119e-05
1,512,9.911e-06,9.187e-06,1.088e-05,9.884e-06,1.0285e-05
1,512,1.0583e-05,9.856e-06,1.2546e-05,1.0031e-05,9.947e-06
1,512,1.0016e-05,8.981e-06,1.1043e-05,1.0098e-05,1.0252e-05
1,512,1.0685e-05,9.658e-06,1.2881e-05,1.0216e-05,9.895e-06
1,512,9.98e-06,9.041e-06,1.0759e-05,1.0025e-05,1.0105e-05
1,512,9.943e-06,9.634e-06,1.0269e-05,9.883e-06,1.0269e-05
1,512,1.0304e-05,8.47e-06,1.1799e-05,1.0332e-05,8.47e-06
1,512,1.0032e-05,9.345e-06,1.0689e-05,1.0077e-05,9.641e-06
1,512,1.0274e-05,9.522e-06,1.0816e-05,1.0316e-05,1.0816e-05
1,512,9.95e-06,9.502e-06,1.0219e-05,1.0042e-05,9.502e-06
1,512,9.957e-06,9.183e-06,1.0961e-05,9.947e-06,9.939e-06
1,512,1.0089e-05,8.987e-06,1.1107e-05,1.0031e-05,9.299e-06
1,512,1.0059e-05,8.985e-06,1.1022e-05,1.0122e-05,1.1022e-05
1,512,1.005e-05,9.554e-06,1.0615e-05,1.0018e-05,1.0165e-05
1,512,9.927e-06,9.703e-06,1.0148e-05,9.904e-06,9.726e-06
1,512,1.0342e-05,9.011e-06,1.1634e-05,1.0412e-05,9.011e-06
1,512,1.0077e-05,9.757e-06,1.0765e-05,9.97e-06,9.757e-06
1,512,1.0126e-05,9.436e-06,1.1013e-05,1.0051e-05,1.1e-05
1,512,9.925e-06,9.71e-06,1.0146e-05,9.935e-06,9.862e-06
1,512,9.995e-06,8.944e-06,1.1174e-05,9.766e-06,8.944e-06
1,512,9.931e-06,9.078e-06,1.06e-05,9.87e-06,9.8e-06
1,512,1.003e-05,9.367e-06,1.0911e-05,1.0101e-05,9.539e-06
1,512,1.0074e-05,9.15e-06,1.0893e-05,1.0046e-05,1.0119e-05
1,512,9.972e-06,9.666e-06,1.0511e-05,9.927e-06,1.0165e-05
1,512,1.0207e-05,9.364e-06,1.1285e-05,9.982e-06,9.619e-06
1,512,9.848e-06,9.672e-06,1.0013e-05,9.843e-06,9.672e-06
1,512,1.0156e-05,9.61e-06,1.1046e-05,1.0044e-05,1.1046e-05
1,512,1.0122e-05,9.933e-06,1.0479e-05,1.008e-05,1.0121e-05
1,512,1.0047e-05,8.663e-06,1.1322e-05,9.955e-06,8.934e-06
1,512,1.0001e-05,9.42e-06,1.1001e-05,9.941e-06,1.1001e-05
1,512,9.994e-06,9.676e-06,1.0162e-05,1.0055e-05,1.0137e-05
1,512,1.0087e-05,9.657e-06,1.066e-05,1.0038e-05,1.066e-05
1,512,9.982e-06,8.555e-06,1.1095e-05,1.0036e-05,8.555e-06
1,512,9.891e-06,9.361e-06,1.0258e-05,9.957e-06,9.923e-06
1,512,9.971e-06,9.694e-06,1.072e-05,9.822e-06,1.072e-05
1,512,1.0167e-05,9.873e-06,1.0425e-05,1.0141e-05,1.0425e-05
1,512,9.981e-06,9.777e-06,1.0152e-05,9.979e-06,9.964e-06
1,512,9.975e-06,9.319e-06,1.0319e-05,1.0082e-05,1.0319e-05
1,512,9.942e-06,9.292e-06,1.044e-05,9.975e-06,1.044e-05
1,512,1.005e-05,9.836e-06,1.0322e-05,9.976e-06,1.0277e-05
1,512,1.0033e-05,9.834e-06,1.0283e-05,1.0001e-05,9.91e-06
1,512,1.0085e-05,8.831e-06,1.1399e-05,9.946e-06,8.831e-06
1,512,1.0638e-05,8.478e-06,1.2849e-05,1.0524e-05,1.107e-05
1,512,1.1829e-05,9.354e-06,1.3461e-05,1.2067e-05,1.2958e-05
1,512,1.01e-05,9.887e-06,1.022e-05,1.0147e-05,1.0185e-05
1,512,1.3722e-05,1.154e-05,1.598e-05,1.351e-05,1.5114e-05
1,512,1.0083e-05,9.343e-06,1.0637e-05,1.0217e-05,9.448e-06
1,512,1.0117e-05,9.399e-06,1.0849e-05,1.0069e-05,1.0418e-05
1,512,1.0163e-05,9.641e-06,1.1436e-05,1.0034e-05,1.0115e-05
1,512,1.011e-05,9.396e-06,1.1302e-05,9.981e-06,9.396e-06
1,512,1.0014e-05,8.433e-06,1.1413e-05,9.882e-06,8.433e-06
1,512,9.84e-06,9.463e-06,1.0262e-05,9.804e-06,1.0262e-05
1,512,9.98e-06,9.781e-06,1.0074e-05,1.0027e-05,9.88e-06
1,512,1.0023e-05,9.616e-06,1.0227e-05,1.0053e-05,1.0227e-05
1,512,1.0268e-05,8.387e-06,1.1898e-05,1.0269e-05,1.0057e-05
1,512,9.993e-06,8.993e-06,1.0683e-05,1.0165e-05,1.0517e-05
1,512,9.969e-06,9.578e-06,1.0407e-05,9.959e-06,9.981e-06
1,512,9.878e-06,9.557e-06,1.0152e-05,9.906e-06,9.731e-06
1,512,1.0145e-05,9.878e-06,1.048e-05,1.0088e-05,1.0416e-05
1,512,1.0142e-05,9.016e-06,1.1537e-05,1.0098e-05,9.159e-06
1,512,1.0021e-05,9.518e-06,1.0371e-05,1.0093e-05,1.0371e-05
1,512,1.0058e-05,9.553e-06,1.0473e-05,1.0001e-05,1.0285e-05
1,512,1.0004e-05,9.856e-06,1.0287e-05,9.976e-06,1.0157e-05
1,512,1.0129e-05,8.597e-06,1.1246e-05,1.0203e-05,8.597e-06
1,512,1.014e-05,9.584e-06,1.0911e-05,9.954e-06,9.989e-06
1,512,1.0117e-05,9.823e-06,1.0355e-05,1.0122e-05,9.997e-06
1,512,1.0018e-05,9.324e-06,1.0609e-05,1.0036e-05,9.324e-06
1,512,1.0019e-05,9.248e-06,1.1159e-05,1.0014e-05,1.0093e-05
1,512,9.856e-06,9.61e-06,1.0144e-05,9.857e-06,9.743e-06
1,512,1.0009e-05,9.39e-06,1.0519e-05,1.0051e-05,1.019e-05
1,512,9.957e-06,9.801e-06,1.0463e-05,9.888e-06,9.895e-06
1,512,9.97e-06,9.39e-06,1.0764e-05,9.801e-06,1.0346e-05
1,512,9.994e-06,9.21e-06,1.0873e-05,9.969e-06,9.662e-06
1,512,9.945e-06,9.24e-06,1.0662e-05,9.93e-06,9.917e-06
1,512,9.953e-06,9.544e-06,1.0325e-05,9.947e-06,9.968e-06
1,512,9.933e-06,9.619e-06,1.0214e-05,9.914e-06,9.867e-06
1,512,9.906e-06,8.333e-06,1.0788e-05,1.0108e-05,1.0032e-05
1,512,1.0153e-05,9.444e-06,1.2011e-05,9.866e-06,1.0247e-05
1,512,9.998e-06,9.633e-06,1.0369e-05,1.0009e-05,9.633e-06
1,512,9.992e-06,9.807e-06,1.0174e-05,1.0032e-05,1.0052e-05
1,512,1.0446e-05,7.397e-06,1.299e-05,1.0456e-05,7.397e-06
1,512,1.0056e-05,9.152e-06,1.0835e-05,1.0116e-05,1.0045e-05
1,512,1.0082e-05,9.87e-06,1.0328e-05,1.0072e-05,1.0095e-05
1,512,1e-05,9.296e-06,1.0765e-05,1.0021e-05,1.0765e-05
1,512,9.966e-06,9.556e-06,1.0459e-05,9.898e-06,1.0261e-05
1,512,1.0153e-05,9.6e-06,1.0757e-05,1.0169e-05,1.063e-05
1,512,1.0031e-05,9.86e-06,1.0435e-05,9.957e-06,9.926e-06
1,512,1.0046e-05,9.416e-06,1.0669e-05,1.0035e-05,1.0407e-05
1,512,1.0265e-05,9.367e-06,1.0696e-05,1.0281e-05,1.0683e-05
1,512,1.0274e-05,8.237e-06,1.2137e-05,1.0592e-05,8.237e-06
1,512,9.993e-06,9.852e-06,1.0269e-05,9.973e-06,9.939e-06
1,512,1.0017e-05,9.702e-06,1.0254e-05,1.008e-05,9.878e-06
1,512,1.0098e-05,8.347e-06,1.1828e-05,1.0048e-05,1.0251e-05
1,512,1.0001e-05,9.287e-06,1.0671e-05,1.0049e-05,1.0142e-05
1,512,1.0001e-05,9.009e-06,1.0912e-05,9.883e-06,9.436e-06
1,512,9.997e-06,9.844e-06,1.0198e-05,9.98e-06,1.0018e-05
1,512,1.0263e-05,1.0077e-05,1.0455e-05,1.0277e-05,1.0455e-05
1,512,1.0312e-05,8.931e-06,1.199e-05,1.0134e-05,9.915e-06
1,512,9.958e-06,9.418e-06,1.0413e-05,9.967e-06,9.418e-06
1,512,1.0199e-05,9.59e-06,1.1234e-05,1.0095e-05,1.0254e-05
1,512,1.0268e-05,9.364e-06,1.1085e-05,1.0334e-05,1.04e-05
1,512,9.973e-06,9.516e-06,1.0332e-05,9.942e-06,1.0279e-05
1,512,1.0118e-05,9.039e-06,1.152e-05,1.0108e-05,9.039e-06
1,512,1.0037e-05,9.435e-06,1.0748e-05,1.0026e-05,1.0276e-05
1,512,1.0002e-05,9.703e-06,1.0591e-05,9.976e-06,1.0004e-05
1,512,1.0109e-05,9.798e-06,1.0736e-05,1.0023e-05,9.946e-06
1,512,1.0058e-05,9.168e-06,1.1033e-05,1.004e-05,1.0024e-05
1,512,9.932e-06,9.701e-06,1.0056e-05,9.966e-06,9.701e-06
1,512,9.932e-06,9.459e-06,1.0406e-05,9.925e-06,1.0106e-05
1,512,9.957e-06,9.662e-06,1.0372e-05,9.913e-06,1.0221e-05
1,512,1.0211e-05,9.443e-06,1.111e-05,1.0162e-05,1.0033e-05
1,512,1.0038e-05,9.697e-06,1.0424e-05,1.0057e-05,1.0099e-05
1,512,9.891e-06,9.533e-06,1.028e-05,9.936e-06,9.918e-06
1,512,1.0065e-05,9.914e-06,1.0531e-05,9.963e-06,9.914e-06
1,512,9.934e-06,9.65e-06,1.026e-05,9.894e-06,9.65e-06
1,512,9.964e-06,9.528e-06,1.0437e-05,9.886e-06,9.528e-06
1,512,9.923e-06,9.177e-06,1.0699e-05,9.958e-06,1.0699e-05
1,512,9.9e-06,9.542e-06,1.0192e-05,9.94e-06,1.0192e-05
1,512,1.0266e-05,9.836e-06,1.1532e-05,1.0082e-05,9.931e-06
1,512,1.0005e-05,9.214e-06,1.0872e-05,9.976e-06,1.0198e-05
1,512,1.0041e-05,9.73e-06,1.0868e-05,9.944e-06,9.921e-06
1,512,9.932e-06,9.777e-06,1.0173e-05,9.962e-06,9.969e-06
1,512,1.0055e-05,9.842e-06,1.0212e-05,1.0057e-05,9.98e-06
1,512,1.0166e-05,9.889e-06,1.0789e-05,1.0114e-05,1.0257e-05
1,512,1.0072e-05,9.436e-06,1.0396e-05,1.0124e-05,1.0275e-05
1,512,1.0025e-05,9.471e-06,1.0398e-05,1.0172e-05,1.0208e-05
1,512,1.0191e-05,9.809e-06,1.1307e-05,9.991e-06,9.835e-06
1,512,1.0097e-05,9.504e-06,1.1327e-05,9.991e-06,1.0371e-05
1,512,1.0125e-05,9.373e-06,1.052e-05,1.047e-05,9.727e-06
1,512,9.951e-06,9.703e-06,1.0117e-05,9.959e-06,9.948e-06
1,512,9.9e-06,9.504e-06,1.022e-05,9.901e-06,9.504e-06
1,512,9.963e-06,9.523e-06,1.0304e-05,9.931e-06,1.0304e-05
1,512,9.958e-06,9.235e-06,1.0768e-05,9.956e-06,9.235e-06
1,512,9.954e-06,9.749e-06,1.0179e-05,9.954e-06,1.0179e-05
1,512,1.0055e-05,9.456e-06,1.0627e-05,1.0071e-05,1.0056e-05
1,512,1.0169e-05,9.345e-06,1.0956e-05,1.02e-05,1.0763e-05
1,512,1.0036e-05,9.851e-06,1.0473e-05,9.97e-06,1.0022e-05
1,512,1.0332e-05,9.435e-06,1.1473e-05,1.0219e-05,1.0711e-05
1,512,1.0136e-05,9.077e-06,1.0967e-05,1.0154e-05,9.926e-06
1,512,1.0021e-05,9.886e-06,1.0145e-05,1.0021e-05,1.0095e-05
1,512,1.0072e-05,9.762e-06,1.0462e-05,1.0015e-05,1.0462e-05
1,512,1.0134e-05,9.393e-06,1.1076e-05,9.997e-06,9.974e-06
1,512,1.0041e-05,9.704e-06,1.0623e-05,9.998e-06,9.704e-06
1,512,9.966e-06,9.775e-06,1.0127e-05,9.952e-06,9.856e-06
1,512,1.0086e-05,9.945e-06,1.0476e-05,1.0043e-05,9.985e-06
1,512,1.0018e-05,9.828e-06,1.0418e-05,9.975e-06,1.0018e-05
1,512,1.0017e-05,9.623e-06,1.0266e-05,1.0073e-05,1.0144e-05
1,512,9.948e-06,9.516e-06,1.0471e-05,9.956e-06,1.0283e-05
1,512,1.0226e-05,1.0032e-05,1.0385e-05,1.0244e-05,1.0299e-05
1,512,1.0056e-05,9.592e-06,1.0684e-05,1.0135e-05,1.0204e-05
1,512,1.004e-05,9.59e-06,1.0559e-05,9.993e-06,9.947e-06
1,512,1.0018e-05,9.118e-06,1.0965e-05,9.952e-06,1.0518e-05
1,512,1e-05,9.836e-06,1.0314e-05,9.96e-06,9.942e-06
1,512,9.993e-06,9.788e-06,1.0405e-05,9.949e-06,1.0115e-05
1,512,1.0047e-05,9.421e-06,1.0658e-05,9.96e-06,9.689e-06
1,512,1.0108e-05,9.863e-06,1.0382e-05,1.0067e-05,1.0382e-05
1,512,1.016e-05,9.747e-06,1.1091e-05,9.961e-06,1.0559e-05
1,512,1.0258e-05,9.924e-06,1.0612e-05,1.0232e-05,1.0365e-05
1,512,1.0575e-05,9.789e-06,1.2593e-05,1.0271e-05,1.0204e-05
1,512,1.0073e-05,9.66e-06,1.0414e-05,1.0051e-05,1.0021e-05
1,512,1.0336e-05,1.0164e-05,1.054e-05,1.0335e-05,1.0409e-05
1,512,1.0181e-05,9.844e-06,1.1201e-05,1.0006e-05,9.904e-06
1,512,9.987e-06,9.529e-06,1.0448e-05,1.0024e-05,1.0072e-05
1,512,9.993e-06,9.385e-06,1.0351e-05,1.0079e-05,1.0351e-05
1,512,9.966e-06,9.449e-06,1.0275e-05,1.0003e-05,1.0275e-05
1,512,9.959e-06,9.379e-06,1.0416e-05,9.95e-06,1.0416e-05
1,512,9.943e-06,9.692e-06,1.0104e-05,9.958e-06,9.918e-06
1,512,9.881e-06,9.251e-06,1.0485e-05,9.977e-06,1.0485e-05
1,512,1.002e-05,9.411e-06,1.0528e-05,1.0024e-05,9.411e-06
1,512,9.981e-06,9.846e-06,1.0138e-05,9.94e-06,1.0138e-05
1,512,1.0008e-05,9.762e-06,1.0328e-05,9.998e-06,9.88e-06
1,512,9.889e-06,9.171e-06,1.0773e-05,9.874e-06,9.744e-06
1,512,9.973e-06,9.856e-06,1.0127e-05,9.958e-06,9.986e-06
1,512,1.0057e-05,9.876e-06,1.0319e-05,1.0019e-05,1.0319e-05
1,512,9.929e-06,9.712e-06,1.0224e-05,9.94e-06,9.947e-06
1,512,9.878e-06,9.78e-06,1.002e-05,9.857e-06,9.87e-06
1,512,9.988e-06,9.384e-06,1.0445e-05,9.993e-06,1.0445e-05
1,512,1.0102e-05,9.953e-06,1.0303e-05,1.011e-05,1.0147e-05
1,512,1.0065e-05,9.682e-06,1.0319e-05,1.0086e-05,1.0072e-05
1,512,9.954e-06,9.535e-06,1.0328e-05,9.969e-06,1.0328e-05
1,512,9.956e-06,9.424e-06,1.0341e-05,9.978e-06,1.0132e-05
1,512,1.0114e-05,9.65e-06,1.0604e-05,1.0015e-05,1.0604e-05
1,512,9.938e-06,9.762e-06,1.0131e-05,9.922e-06,1.0131e-05
1,512,9.996e-06,9.405e-06,1.0516e-05,1.0029e-05,1.0364e-05
1,512,9.927e-06,9.43e-06,1.045e-05,9.932e-06,9.997e-06
1,512,9.929e-06,9.424e-06,1.0622e-05,9.888e-06,9.424e-06
1,512,1.0014e-05,9.729e-06,1.0194e-05,1.0074e-05,1.0133e-05
1,512,9.961e-06,9.565e-06,1.0375e-05,9.971e-06,9.607e-06
1,512,9.929e-06,9.514e-06,1.0429e-05,9.881e-06,1.012e-05
1,512,1.003e-05,9.708e-06,1.0804e-05,9.896e-06,9.974e-06
1,512,1.0002e-05,9.68e-06,1.0227e-05,9.983e-06,9.87e-06
1,512,1.0004e-05,9.864e-06,1.0248e-05,9.941e-06,1.0131e-05
1,512,1.0449e-05,1.0164e-05,1.1055e-05,1.0335e-05,1.0339e-05
1,512,1.0333e-05,9.442e-06,1.0821e-05,1.0498e-05,1.0821e-05
1,512,1.0084e-05,9.683e-06,1.0305e-05,1.0119e-05,1.0154e-05
1,512,1.0091e-05,9.611e-06,1.0584e-05,1.0091e-05,1.0584e-05
1,512,1.0019e-05,9.786e-06,1.0163e-05,1.0022e-05,1.0162e-05
1,512,1.0156e-05,9.66e-06,1.1234e-05,1.0097e-05,1.014e-05
1,512,1.0031e-05,9.651e-06,1.0522e-05,1.0014e-05,9.928e-06
1,512,1.0012e-05,9.367e-06,1.0674e-05,1.0021e-05,1.0674e-05
1,512,9.971e-06,9.806e-06,1.0198e-05,9.948e-06,1.0198e-05
1,512,1.0027e-05,9.814e-06,1.0287e-05,9.986e-06,9.985e-06
1,512,1.008e-05,9.531e-06,1.0405e-05,1.011e-05,1.0069e-05
1,512,9.996e-06,9.746e-06,1.0143e-05,9.999e-06,9.984e-06
1,512,1.005e-05,9.529e-06,1.0536e-05,1.0093e-05,1.043e-05
1,512,1.0073e-05,9.692e-06,1.1049e-05,9.942e-06,1.0285e-05
1,512,9.936e-06,9.39e-06,1.0272e-05,9.932e-06,9.39e-06
1,512,9.946e-06,9.39e-06,1.0517e-05,9.991e-06,9.894e-06
1,512,1.0062e-05,9.707e-06,1.0441e-05,1.0036e-05,9.824e-06
1,512,1.0293e-05,1.0164e-05,1.0584e-05,1.0246e-05,1.029e-05
1,512,1.0351e-05,9.8e-06,1.0995e-05,1.0368e-05,1.0409e-05
1,512,1.0084e-05,9.774e-06,1.0343e-05,1.0092e-05,1.0324e-05
1,512,9.887e-06,9.755e-06,1.0173e-05,9.842e-06,9.84e-06
1,512,1.0176e-05,9.955e-06,1.0362e-05,1.0165e-05,1.0301e-05
1,512,1.0091e-05,9.907e-06,1.0272e-05,1.0108e-05,1.0183e-05
1,512,1.0052e-05,9.073e-06,1.0454e-05,1.0221e-05,1.0335e-05
1,512,9.996e-06,9.83e-06,1.0355e-05,9.959e-06,9.879e-06
1,512,9.996e-06,9.82e-06,1.0346e-05,9.939e-06,1.0346e-05
1,512,1.0028e-05,9.846e-06,1.0118e-05,1.0062e-05,1.0059e-05
1,512,9.973e-06,9.505e-06,1.0459e-05,9.964e-06,9.854e-06
1,512,9.985e-06,9.531e-06,1.0163e-05,1.0024e-05,1.0023e-05
1,512,1.0057e-05,9.864e-06,1.0297e-05,1.0023e-05,1.0157e-05
1,512,9.947e-06,9.759e-06,1.0171e-05,9.967e-06,9.968e-06
1,512,9.872e-06,9.788e-06,9.976e-06,9.85e-06,9.83e-06
1,512,9.956e-06,9.719e-06,1.0194e-05,9.979e-06,9.83e-06
1,512,9.901e-06,9.782e-06,1.018e-05,9.86e-06,9.782e-06
1,512,9.971e-06,9.403e-06,1.0381e-05,9.997e-06,9.862e-06
1,512,1.0037e-05,9.672e-06,1.0509e-05,9.984e-06,1.0164e-05
1,512,9.935e-06,9.577e-06,1.0216e-05,9.939e-06,9.836e-06
1,512,1.0245e-05,9.989e-06,1.0723e-05,1.0184e-05,9.989e-06
1,512,1.0265e-05,1.0048e-05,1.0654e-05,1.0233e-05,1.0289e-05
1,512,1.0191e-05,9.402e-06,1.094e-05,1.0318e-05,1.094e-05
1,512,9.989e-06,9.688e-06,1.0338e-05,9.92e-06,9.888e-06
1,512,1.0067e-05,9.898e-06,1.0444e-05,1.0018e-05,1.0082e-05
1,512,9.993e-06,9.903e-06,1.014e-05,9.96e-06,1.0038e-05
1,512,1.0148e-05,9.972e-06,1.0966e-05,1.0026e-05,9.976e-06
1,512,9.958e-06,8.673e-06,1.0718e-05,1.0056e-05,1.0518e-05
1,512,1.0381e-05,9.545e-06,1.1862e-05,1.0169e-05,1.0216e-05
1,512,1.0019e-05,9.476e-06,1.0558e-05,1.0032e-05,1.0069e-05
1,512,9.96e-06,9.85e-06,1.0042e-05,9.974e-06,1e-05
1,512,1.0119e-05,9.865e-06,1.1171e-05,9.953e-06,9.939e-06
1,512,1.0176e-05,9.544e-06,1.0999e-05,1.0137e-05,1.0004e-05
1,512,9.969e-06,9.393e-06,1.0662e-05,9.967e-06,9.393e-06
1,512,1.0079e-05,9.464e-06,1.075e-05,1.0044e-05,1.075e-05
1,512,9.956e-06,9.062e-06,1.0451e-05,1.0015e-05,1.0451e-05
1,512,1.0212e-05,9.69e-06,1.0946e-05,1.013e-05,1.0946e-05
1,512,1.0044e-05,9.777e-06,1.0315e-05,9.987e-06,9.998e-06
1,512,1.008e-05,9.469e-06,1.1011e-05,9.967e-06,1.1011e-05
1,512,1.0001e-05,9.637e-06,1.0215e-05,1.0035e-05,1.0215e-05
1,512,1.03e-05,9.93e-06,1.0689e-05,1.0263e-05,1.0689e-05
1,512,1.0114e-05,9.671e-06,1.0624e-05,1.0164e-05,9.738e-06
1,512,1.0068e-05,9.857e-06,1.0311e-05,1.008e-05,1.0067e-05
1,512,9.954e-06,9.58e-06,1.046e-05,9.91e-06,1.046e-05
1,512,1.0067e-05,9.709e-06,1.0726e-05,1.001e-05,1.0294e-05
1,512,1.0063e-05,9.782e-06,1.0332e-05,1.0054e-05,9.945e-06
1,512,1.0006e-05,9.84e-06,1.0324e-05,9.979e-06,9.944e-06
1,512,1.0157e-05,1.0021e-05,1.0368e-05,1.0119e-05,1.0164e-05
1,512,1.0078e-05,9.636e-06,1.0451e-05,1.006e-05,1.0451e-05
1,512,1.007e-05,9.296e-06,1.0759e-05,1.0088e-05,9.372e-06
1,512,1.0102e-05,9.642e-06,1.0514e-05,1.0104e-05,1.0514e-05
1,512,1.0079e-05,9.749e-06,1.0391e-05,1.0054e-05,1.0116e-05
1,512,1.0112e-05,9.505e-06,1.0477e-05,1.0216e-05,1.0289e-05
1,512,1.0037e-05,9.47e-06,1.0861e-05,1.0044e-05,1.038e-05
1,512,1.0146e-05,9.49e-06,1.0665e-05,1.0104e-05,1.0299e-05
1,512,1.0068e-05,9.789e-06,1.0341e-05,1.0051e-05,1.0157e-05
1,512,1.0095e-05,9.959e-06,1.0283e-05,1.0055e-05,1.0001e-05
1,512,1.0059e-05,9.589e-06,1.0714e-05,1.0089e-05,1.0714e-05
1,512,1.0131e-05,9.647e-06,1.0578e-05,1.0154e-05,9.726e-06
1,512,1.0086e-05,9.684e-06,1.0512e-05,1.0083e-05,1.0512e-05
1,512,1.0109e-05,9.932e-06,1.0396e-05,1.0052e-05,1.0043e-05
1,512,1.0358e-05,1.0146e-05,1.0662e-05,1.0394e-05,1.0507e-05
1,512,1.0435e-05,9.836e-06,1.1944e-05,1.0102e-05,1.0085e-05
1,512,1.0005e-05,9.019e-06,1.0956e-05,9.988e-06,1.0084e-05
1,512,1.007e-05,9.839e-06,1.0438e-05,1.0036e-05,1.0038e-05
1,512,9.998e-06,9.748e-06,1.0506e-05,9.964e-06,9.82e-06
1,512,1.0059e-05,9.707e-06,1.04e-05,1.01e-05,1.04e-05
1,512,9.907e-06,9.542e-06,1.0227e-05,9.923e-06,9.542e-06
1,512,1.0094e-05,9.497e-06,1.118e-05,1.0037e-05,9.595e-06
1,512,1.0072e-05,9.78e-06,1.049e-05,1.002e-05,9.78e-06
1,512,1.0019e-05,9.044e-06,1.1106e-05,9.999e-06,1.1106e-05
1,512,9.891e-06,9.363e-06,1.0336e-05,9.928e-06,1.0336e-05
1,512,9.997e-06,9.781e-06,1.0311e-05,9.98e-06,9.781e-06
1,512,9.967e-06,9.853e-06,1.0156e-05,9.927e-06,1.0081e-05
1,512,1.0083e-05,9.684e-06,1.0355e-05,1.0121e-05,9.684e-06
1,512,1.0273e-05,9.822e-06,1.1632e-05,1.0119e-05,1.1632e-05
1,512,9.945e-06,9.639e-06,1.0258e-05,9.975e-06,9.985e-06
1,512,1.0024e-05,9.812e-06,1.017e-05,1.0042e-05,9.905e-06
1,512,9.966e-06,9.67e-06,1.0158e-05,9.991e-06,9.793e-06
1,512,1.0167e-05,9.615e-06,1.0524e-05,1.0185e-05,1.0185e-05
1,512,1.0374e-05,9.786e-06,1.0874e-05,1.0398e-05,1.0077e-05
1,512,1.0419e-05,1.0207e-05,1.0642e-05,1.042e-05,1.044e-05
1,512,1.0392e-05,9.814e-06,1.0749e-05,1.0458e-05,1.0749e-05
1,512,1.034e-05,9.914e-06,1.0884e-05,1.0295e-05,1.0884e-05
1,512,1.0429e-05,9.928e-06,1.0917e-05,1.0454e-05,1.0881e-05
1,512,1.0257e-05,1.0079e-05,1.0386e-05,1.0257e-05,1.0261e-05
1,512,1.0258e-05,9.636e-06,1.0613e-05,1.0328e-05,1.0516e-05
1,512,1.0237e-05,9.794e-06,1.0573e-05,1.0273e-05,1.0573e-05
1,512,1.0495e-05,9.719e-06,1.1138e-05,1.0481e-05,1.0333e-05
1,512,1.0505e-05,1.0114e-05,1.0851e-05,1.0611e-05,1.0114e-05
1,512,1.012e-05,9.718e-06,1.0451e-05,1.0163e-05,1.0079e-05
1,512,1.0235e-05,9.904e-06,1.0928e-05,1.0175e-05,1.0286e-05
1,512,1.0054e-05,9.604e-06,1.0793e-05,1.0026e-05,1.0315e-05
1,512,1.0114e-05,9.592e-06,1.0378e-05,1.0189e-05,1.0153e-05
1,512,1.0048e-05,9.787e-06,1.0344e-05,1.0004e-05,1.0344e-05
1,512,1.0091e-05,9.922e-06,1.0208e-05,1.0095e-05,1e-05
1,512,1.0366e-05,9.839e-06,1.092e-05,1.033e-05,1.0863e-05
1,512,1.0098e-05,9.602e-06,1.0835e-05,1.0083e-05,9.602e-06
1,512,1.029e-05,1.0041e-05,1.0538e-05,1.0329e-05,1.0408e-05
1,512,1.0102e-05,9.834e-06,1.032e-05,1.0077e-05,9.95e-06
1,512,1.0038e-05,9.376e-06,1.0343e-05,1.0128e-05,1.0343e-05
1,512,1.0064e-05,9.49e-06,1.0515e-05,1.0178e-05,1.0181e-05
1,512,1.0032e-05,9.578e-06,1.0386e-05,1.0101e-05,1.0386e-05
1,512,9.993e-06,9.795e-06,1.0144e-05,9.99e-06,9.795e-06
1,512,9.967e-06,9.792e-06,1.0101e-05,9.969e-06,9.792e-06
1,512,1.0489e-05,8.681e-06,1.2269e-05,1.0497e-05,1.2269e-05
1,512,1.0157e-05,9.346e-06,1.0611e-05,1.0243e-05,1.0611e-05
1,512,1.0895e-05,9.54e-06,1.3069e-05,1.0835e-05,1.1062e-05
1,512,9.901e-06,9.528e-06,1.0246e-05,9.914e-06,1.021e-05
1,512,1.0096e-05,9.854e-06,1.0581e-05,9.973e-06,1.0241e-05
1,512,1.017e-05,9.923e-06,1.0428e-05,1.0232e-05,1.0428e-05
1,512,1.0076e-05,9.716e-06,1.047e-05,1.0103e-05,9.803e-06
1,512,1.0093e-05,9.91e-06,1.0281e-05,1.0091e-05,9.91e-06
1,512,1.014e-05,9.622e-06,1.0629e-05,1.0106e-05,1.0004e-05
1,512,1.0117e-05,9.655e-06,1.081e-05,1.0117e-05,1.0291e-05
1,512,1.0029e-05,9.75e-06,1.0363e-05,1.0012e-05,9.75e-06
1,512,1.0066e-05,9.65e-06,1.0469e-05,1.0029e-05,1.0156e-05
1,512,1.0015e-05,9.862e-06,1.0124e-05,1.0019e-05,9.952e-06
1,512,1.0136e-05,9.495e-06,1.0471e-05,1.0375e-05,1.04e-05
1,512,1.0071e-05,9.615e-06,1.0505e-05,1.0065e-05,9.615e-06
1,512,1.0289e-05,1.0077e-05,1.0518e-05,1.0299e-05,1.0273e-05
1,512,1.0066e-05,9.963e-06,1.0244e-05,1.0042e-05,1.0008e-05
1,512,9.998e-06,9.524e-06,1.0682e-05,9.993e-06,1.0682e-05
1,512,1.0154e-05,9.8e-06,1.0458e-05,1.0214e-05,1.0458e-05
1,512,1.0048e-05,9.629e-06,1.0287e-05,1.0097e-05,1.0249e-05
1,512,1.0081e-05,9.9e-06,1.0382e-05,1.0049e-05,9.924e-06
1,512,9.993e-06,9.88e-06,1.0171e-05,9.975e-06,1.0026e-05
1,512,1.0071e-05,9.683e-06,1.0407e-05,1.0111e-05,9.858e-06
1,512,1.0087e-05,9.597e-06,1.0987e-05,9.99e-06,9.597e-06
1,512,1.0198e-05,9.632e-06,1.1033e-05,1.0089e-05,1.028e-05
1,512,1.0035e-05,9.683e-06,1.0604e-05,9.947e-06,1.0301e-05
1,512,1.0126e-05,9.576e-06,1.0885e-05,1.0108e-05,9.981e-06
1,512,1.0087e-05,9.586e-06,1.0416e-05,1.0164e-05,1.0385e-05
1,512,1.0159e-05,1.0018e-05,1.0459e-05,1.0146e-05,1.0131e-05
1,512,1.0044e-05,9.398e-06,1.0826e-05,9.997e-06,1.0388e-05
1,512,1.0032e-05,9.527e-06,1.0493e-05,9.994e-06,9.971e-06
1,512,1.0094e-05,9.646e-06,1.037e-05,1.0075e-05,1.0115e-05
1,512,1.0061e-05,9.888e-06,1.0365e-05,1.0023e-05,9.92e-06
1,512,1.0024e-05,9.883e-06,1.0231e-05,1.0011e-05,9.948e-06
1,512,1.0263e-05,9.692e-06,1.085e-05,1.0235e-05,1.085e-05
1,512,1.0219e-05,9.88e-06,1.0685e-05,1.0232e-05,1.0392e-05
1,512,1.0329e-05,1.0052e-05,1.0652e-05,1.0312e-05,1.0249e-05
1,512,1.0229e-05,9.98e-06,1.0414e-05,1.0268e-05,1.0268e-05
1,512,1.0011e-05,9.693e-06,1.0495e-05,9.847e-06,1.0423e-05
1,512,9.955e-06,9.348e-06,1.0301e-05,1.0005e-05,1.0068e-05
1,512,1.005e-05,9.562e-06,1.0495e-05,1.0126e-05,9.644e-06
1,512,1.0105e-05,9.788e-06,1.039e-05,1.0124e-05,1.0219e-05
1,512,9.974e-06,9.848e-06,1.0086e-05,9.985e-06,9.98e-06
1,512,1.0045e-05,9.494e-06,1.0921e-05,9.897e-06,1.0921e-05
1,512,1.0046e-05,9.551e-06,1.0512e-05,1.0043e-05,9.551e-06
1,512,1.0086e-05,9.459e-06,1.0815e-05,9.926e-06,1.0677e-05
1,512,1.0055e-05,9.9e-06,1.0324e-05,1.0017e-05,1.0047e-05
1,512,1.0006e-05,9.874e-06,1.0272e-05,1.0002e-05,9.991e-06
1,512,1.0162e-05,9.73e-06,1.0769e-05,1.0125e-05,1.0015e-05
1,512,1.0054e-05,9.935e-06,1.0161e-05,1.0075e-05,1.0054e-05
1,512,1.0099e-05,9.786e-06,1.0576e-05,1.0027e-05,1.0489e-05
1,512,1.0062e-05,9.603e-06,1.0693e-05,1.0046e-05,9.981e-06
1,512,1.0103e-05,9.988e-06,1.0332e-05,1.0083e-05,9.988e-06
1,512,9.991e-06,9.533e-06,1.0551e-05,9.986e-06,9.533e-06
1,512,9.976e-06,9.902e-06,1.0035e-05,9.984e-06,9.964e-06
1,512,1.0114e-05,9.972e-06,1.0346e-05,1.0053e-05,1.0056e-05
1,512,1.0106e-05,9.543e-06,1.0534e-05,1.0166e-05,1.0129e-05
1,512,1.0015e-05,9.627e-06,1.0501e-05,1.0024e-05,1.045e-05
1,512,9.968e-06,9.613e-06,1.037e-05,9.924e-06,9.613e-06
1,512,1.0359e-05,9.922e-06,1.1256e-05,1.0265e-05,1.1256e-05
1,512,1.0052e-05,9.604e-06,1.0436e-05,1.0029e-05,1.0436e-05
1,512,1.0133e-05,9.423e-06,1.0998e-05,9.999e-06,1.0394e-05
1,512,1.0077e-05,9.57e-06,1.0529e-05,1.0089e-05,9.57e-06
1,512,9.977e-06,9.79e-06,1.0122e-05,9.978e-06,1.0048e-05
1,512,1.0304e-05,9.869e-06,1.0902e-05,1.0252e-05,1.0902e-05
1,512,1.0311e-05,9.444e-06,1.1723e-05,1.0206e-05,1.0308e-05
1,512,1.0069e-05,9.092e-06,1.1064e-05,1.0095e-05,1.0104e-05
1,512,1.0011e-05,9.627e-06,1.0408e-05,1.0007e-05,1.0136e-05
1,512,9.984e-06,9.81e-06,1.0165e-05,9.977e-06,9.932e-06
1,512,9.929e-06,9.39e-06,1.0461e-05,9.929e-06,9.879e-06
1,512,9.947e-06,9.39e-06,1.0449e-05,9.905e-06,9.994e-06
1,512,9.986e-06,9.681e-06,1.02e-05,9.963e-06,9.681e-06
1,512,9.888e-06,9.622e-06,1.0194e-05,9.865e-06,9.695e-06
1,512,1.0036e-05,9.695e-06,1.0442e-05,1.002e-05,1.0442e-05
1,512,1.0168e-05,9.762e-06,1.0709e-05,1.0155e-05,9.932e-06
1,512,1.0168e-05,9.705e-06,1.0933e-05,1.0014e-05,1.0127e-05
1,512,1.0052e-05,9.794e-06,1.0304e-05,1.005e-05,9.794e-06
1,512,1.0476e-05,9.598e-06,1.1295e-05,1.0467e-05,1.1295e-05
1,512,1.0312e-05,9.839e-06,1.1062e-05,1.0281e-05,1.0366e-05
1,512,1.0256e-05,9.809e-06,1.071e-05,1.0241e-05,1.016e-05
1,512,1.0129e-05,9.857e-06,1.0505e-05,1.008e-05,1.0107e-05
1,512,1.0408e-05,9.781e-06,1.1932e-05,1.0149e-05,9.781e-06
1,512,1.0059e-05,9.357e-06,1.0922e-05,1.0048e-05,1.0086e-05
1,512,1.0094e-05,9.384e-06,1.0764e-05,1.0052e-05,9.986e-06
1,512,9.962e-06,8.605e-06,1.1192e-05,9.978e-06,1.0114e-05
1,512,9.981e-06,8.942e-06,1.0783e-05,1.0046e-05,8.942e-06
1,512,1.0271e-05,9.558e-06,1.0859e-05,1.0239e-05,9.85e-06
1,512,1.0283e-05,1.0191e-05,1.0407e-05,1.0273e-05,1.0218e-05
1,512,1.0097e-05,9.498e-06,1.0921e-05,1.0084e-05,9.746e-06
1,512,1.0068e-05,9.863e-06,1.0398e-05,1.0065e-05,1.0149e-05
1,512,9.935e-06,9.403e-06,1.0418e-05,9.966e-06,1.0418e-05
1,512,1e-05,9.604e-06,1.0282e-05,9.974e-06,1.0124e-05
1,512,1.0033e-05,9.347e-06,1.0723e-05,1.0006e-05,1.0093e-05
1,512,1.0123e-05,9.676e-06,1.0545e-05,1.0124e-05,1.0545e-05
1,512,1.0063e-05,9.915e-06,1.0445e-05,1.0008e-05,1.0017e-05
1,512,1.0143e-05,9.776e-06,1.0371e-05,1.0196e-05,1.0183e-05
1,512,1.0029e-05,9.857e-06,1.0157e-05,1.0032e-05,1.0157e-05
1,512,1.0181e-05,9.57e-06,1.1046e-05,1.0097e-05,9.57e-06
1,512,1.0032e-05,9.837e-06,1.0153e-05,1.0059e-05,1.0107e-05
1,512,1.0589e-05,9.722e-06,1.2176e-05,1.0421e-05,1.0511e-05
1,512,1.0136e-05,9.509e-06,1.0746e-05,1.018e-05,1.0171e-05
1,512,1.0124e-05,9.398e-06,1.0961e-05,1.0121e-05,9.398e-06
1,512,1.0104e-05,9.969e-06,1.026e-05,1.0085e-05,1.0256e-05
1,512,9.992e-06,9.864e-06,1.0096e-05,1.0028e-05,1.0032e-05
1,512,9.971e-06,9.516e-06,1.046e-05,9.929e-06,9.866e-06
1,512,1.0037e-05,9.743e-06,1.0442e-05,9.905e-06,9.743e-06
1,512,9.997e-06,9.834e-06,1.0126e-05,1.0031e-05,9.983e-06
1,512,1.0087e-05,9.686e-06,1.038e-05,1.0172e-05,1.0215e-05
1,512,1.0029e-05,9.568e-06,1.0644e-05,1.0053e-05,1.0032e-05
1,512,1.0059e-05,9.395e-06,1.0513e-05,1.0131e-05,1.0513e-05
1,512,1.0025e-05,9.476e-06,1.0723e-05,1.0045e-05,9.495e-06
1,512,1.0011e-05,9.871e-06,1.0357e-05,9.937e-06,9.958e-06
1,512,1.0005e-05,9.547e-06,1.0543e-05,9.958e-06,1.043e-05
1,512,1.0043e-05,9.677e-06,1.0327e-05,1.0078e-05,9.88e-06
1,512,1.0122e-05,9.548e-06,1.0659e-05,1.0181e-05,1.0324e-05
1,512,1.0197e-05,9.258e-06,1.0823e-05,1.0283e-05,1.0316e-05
1,512,1.0048e-05,9.679e-06,1.0215e-05,1.0058e-05,1.0073e-05
1,512,1.0107e-05,9.758e-06,1.0474e-05,1.0106e-05,1.0127e-05
1,512,1.0078e-05,9.804e-06,1.0358e-05,1.0056e-05,9.804e-06
1,512,1.0102e-05,9.569e-06,1.06e-05,1.0159e-05,9.676e-06
1,512,1.0149e-05,9.531e-06,1.1225e-05,1.0133e-05,1.1225e-05
1,512,1.0241e-05,9.153e-06,1.1483e-05,1.0082e-05,1.1009e-05
1,512,1.0057e-05,9.172e-06,1.1013e-05,1.0053e-05,1.0112e-05
1,512,1.0088e-05,9.47e-06,1.0502e-05,1.0074e-05,1.0502e-05
1,512,1.0027e-05,9.895e-06,1.015e-05,1.0049e-05,1.015e-05
1,512,1.0059e-05,9.455e-06,1.0929e-05,9.948e-06,1.0612e-05
1,512,9.918e-06,9.559e-06,1.0227e-05,9.943e-06,9.845e-06
1,512,1.0016e-05,9.572e-06,1.0468e-05,9.951e-06,9.572e-06
1,512,1.0045e-05,9.072e-06,1.0905e-05,1.0064e-05,1.0322e-05
1,512,1.0011e-05,9.808e-06,1.033e-05,9.992e-06,9.808e-06
1,512,1.0205e-05,9.414e-06,1.0927e-05,1.02e-05,1.051e-05
1,512,9.968e-06,9.392e-06,1.0681e-05,9.93e-06,1.0152e-05
1,512,1.0038e-05,9.507e-06,1.0598e-05,1.0093e-05,9.507e-06
1,512,9.994e-06,9.434e-06,1.0482e-05,1.0063e-05,1.0482e-05
1,512,1.0233e-05,9.949e-06,1.0738e-05,1.0205e-05,1.0116e-05
1,512,1.0128e-05,9.62e-06,1.0545e-05,1.0136e-05,1.0154e-05
1,512,1.0241e-05,9.771e-06,1.0987e-05,1.0211e-05,1.0043e-05
1,512,1.0124e-05,9.585e-06,1.0501e-05,1.0163e-05,1.0162e-05
1,512,9.969e-06,9.749e-06,1.0257e-05,9.972e-06,1.0257e-05
1,512,1.0006e-05,9.433e-06,1.0519e-05,1e-05,1.0291e-05
1,512,9.991e-06,9.694e-06,1.042e-05,9.946e-06,9.864e-06
1,512,1.0015e-05,9.395e-06,1.0451e-05,1.0058e-05,1.0451e-05
1,512,1.001e-05,9.791e-06,1.0292e-05,1.0014e-05,1.0021e-05
1,512,1.0037e-05,9.439e-06,1.0658e-05,1.0026e-05,9.993e-06
1,512,1.0103e-05,9.611e-06,1.0725e-05,1.0029e-05,1.0015e-05
1,512,9.957e-06,9.374e-06,1.0471e-05,1.0009e-05,9.52e-06
1,512,9.983e-06,9.568e-06,1.0395e-05,1.0006e-05,1.0262e-05
1,512,9.969e-06,9.27e-06,1.0335e-05,1.0042e-05,1.0335e-05
1,512,1.0095e-05,9.683e-06,1.0591e-05,1.0029e-05,1.0042e-05
1,512,1.0021e-05,9.514e-06,1.0344e-05,1.0038e-05,1.0066e-05
1,512,1.0092e-05,9.812e-06,1.0367e-05,1.0173e-05,1.0367e-05
1,512,9.945e-06,9.813e-06,1.0106e-05,9.946e-06,9.813e-06
1,512,1.0256e-05,9.483e-06,1.1347e-05,1.019e-05,1.0136e-05
1,512,1.0301e-05,9.623e-06,1.1165e-05,1.0243e-05,1.0185e-05
1,512,1.005e-05,9.912e-06,1.0284e-05,1.0036e-05,1.0032e-05
1,512,1.0118e-05,9.665e-06,1.0459e-05,1.0248e-05,1.0347e-05
1,512,1.0092e-05,9.821e-06,1.031e-05,1.0053e-05,1.0023e-05
1,512,1.0164e-05,9.594e-06,1.0912e-05,1.0143e-05,1.0468e-05
1,512,1.0346e-05,1.0086e-05,1.0611e-05,1.0359e-05,1.0086e-05
1,512,1.0764e-05,9.898e-06,1.2165e-05,1.0639e-05,1.0927e-05
1,512,1.0054e-05,8.788e-06,1.0979e-05,1.0076e-05,8.788e-06
1,512,9.973e-06,9.522e-06,1.0372e-05,9.975e-06,9.917e-06
1,512,1.0156e-05,9.379e-06,1.1045e-05,1.0174e-05,9.834e-06
1,512,1.0434e-05,9.494e-06,1.2271e-05,1.0093e-05,1.0215e-05
1,512,1.0001e-05,9.106e-06,1.0814e-05,1.0032e-05,9.914e-06
1,512,9.914e-06,9.463e-06,1.0429e-05,9.907e-06,9.908e-06
1,512,9.905e-06,9.747e-06,1.0083e-05,9.937e-06,1.0021e-05
1,512,9.871e-06,9.594e-06,1.0223e-05,9.887e-06,9.975e-06
1,512,9.904e-06,9.694e-06,1.0143e-05,9.886e-06,9.694e-06
1,512,9.953e-06,9.455e-06,1.0447e-05,9.877e-06,1.0356e-05
1,512,9.953e-06,9.441e-06,1.0354e-05,9.984e-06,1.001e-05
1,512,9.959e-06,8.958e-06,1.1123e-05,9.888e-06,1.0442e-05
1,512,9.966e-06,9.797e-06,1.0143e-05,9.996e-06,9.861e-06
1,512,9.946e-06,9.372e-06,1.0625e-05,9.948e-06,1.0462e-05
1,512,9.846e-06,9.748e-06,9.924e-06,9.846e-06,9.786e-06
1,512,9.956e-06,9.279e-06,1.0579e-05,1.0056e-05,9.279e-06
1,512,9.853e-06,9.593e-06,1.0088e-05,9.83e-06,1.0088e-05
1,512,9.868e-06,9.117e-06,1.0272e-05,1.0008e-05,9.616e-06
1,512,9.885e-06,9.365e-06,1.029e-05,9.996e-06,1.029e-05
1,512,9.951e-06,9.463e-06,1.0386e-05,9.931e-06,1.0035e-05
1,512,9.882e-06,9.633e-06,1.0286e-05,9.851e-06,1.0286e-05
1,512,9.773e-06,9.646e-06,9.87e-06,9.789e-06,9.8e-06
1,512,9.928e-06,9.738e-06,1.0194e-05,9.908e-06,9.862e-06
1,512,9.916e-06,9.344e-06,1.0676e-05,9.93e-06,9.653e-06
1,512,9.945e-06,9.623e-06,1.023e-05,9.96e-06,9.908e-06
1,512,9.847e-06,9.601e-06,1.0037e-05,9.865e-06,1.0037e-05
1,512,9.965e-06,9.4e-06,1.0512e-05,9.985e-06,1.0059e-05
1,512,9.98e-06,9.547e-06,1.0423e-05,1.0013e-05,1.0138e-05
1,512,9.891e-06,9.213e-06,1.0467e-05,9.831e-06,9.723e-06
1,512,9.845e-06,9.237e-06,1.0465e-05,9.892e-06,1.0465e-05
1,512,9.878e-06,9.741e-06,1.0016e-05,9.853e-06,9.962e-06
1,512,9.965e-06,9.657e-06,1.0303e-05,9.955e-06,9.902e-06
1,512,1e-05,9.552e-06,1.0512e-05,9.948e-06,9.552e-06
1,512,9.903e-06,9.479e-06,1.0128e-05,9.939e-06,1.0064e-05
1,512,9.968e-06,9.549e-06,1.0233e-05,9.965e-06,1.0207e-05
1,512,1.0207e-05,9.684e-06,1.086e-05,1.0123e-05,1.0377e-05
1,512,9.948e-06,9.764e-06,1.026e-05,9.944e-06,9.908e-06
1,512,9.888e-06,9.33e-06,1.0562e-05,9.836e-06,1.0214e-05
1,512,9.889e-06,9.694e-06,1.01e-05,9.891e-06,9.883e-06
1,512,9.86e-06,9.1e-06,1.0578e-05,9.884e-06,9.668e-06
1,512,9.832e-06,9.698e-06,9.957e-06,9.828e-06,9.777e-06
1,512,9.965e-06,9.278e-06,1.0953e-05,9.926e-06,1.0068e-05
1,512,9.912e-06,9.738e-06,1.0085e-05,9.91e-06,1.0085e-05
1,512,9.96e-06,9.681e-06,1.0263e-05,9.911e-06,1.0263e-05
1,512,9.918e-06,9.679e-06,1.0224e-05,9.86e-06,9.859e-06
1,512,1.0219e-05,9.658e-06,1.0837e-05,1.0191e-05,1.0337e-05
1,512,9.952e-06,9.868e-06,1.0121e-05,9.909e-06,9.91e-06
1,512,9.949e-06,9.76e-06,1.0427e-05,9.892e-06,9.839e-06
1,512,1.0293e-05,9.601e-06,1.074e-05,1.0375e-05,1.0236e-05
1,512,1.0231e-05,9.991e-06,1.0665e-05,1.0206e-05,1.0191e-05
1,512,1.0152e-05,9.784e-06,1.0461e-05,1.0218e-05,1.0461e-05
1,512,9.983e-06,9.82e-06,1.0136e-05,9.972e-06,1.0124e-05
1,512,9.982e-06,9.613e-06,1.0523e-05,9.899e-06,9.965e-06
1,512,9.967e-06,9.72e-06,1.0136e-05,9.977e-06,1.009e-05
1,512,9.969e-06,9.387e-06,1.0419e-05,1.0035e-05,1.0255e-05
1,512,9.923e-06,9.766e-06,1.0033e-05,9.957e-06,9.942e-06
1,512,9.991e-06,9.634e-06,1.0551e-05,9.953e-06,9.928e-06
1,512,9.843e-06,9.53e-06,1.0172e-05,9.897e-06,1.0172e-05
1,512,9.849e-06,9.339e-06,1.0354e-05,9.87e-06,9.339e-06
1,512,9.971e-06,9.676e-06,1.0296e-05,9.947e-06,1.0296e-05
1,512,1.0175e-05,9.837e-06,1.0333e-05,1.0199e-05,1.0297e-05
1,512,1.0657e-05,1.0307e-05,1.1112e-05,1.0579e-05,1.1112e-05
1,512,1.0453e-05,1.0198e-05,1.0713e-05,1.0506e-05,1.0445e-05
1,512,1.0474e-05,9.744e-06,1.1603e-05,1.0397e-05,1.0209e-05
1,512,1.0197e-05,9.771e-06,1.072e-05,1.0103e-05,1.0092e-05
1,512,1.0051e-05,9.514e-06,1.0829e-05,9.916e-06,9.926e-06
1,512,9.954e-06,9.7e-06,1.0275e-05,9.932e-06,1.0089e-05
1,512,1.0045e-05,9.624e-06,1.0432e-05,1.008e-05,1.0256e-05
1,512,1.006e-05,9.966e-06,1.0307e-05,1.0022e-05,1.0023e-05
1,512,9.952e-06,9.746e-06,1.0116e-05,9.963e-06,9.848e-06
1,512,1.0012e-05,9.813e-06,1.0189e-05,1.0029e-05,9.931e-06
1,512,9.975e-06,9.441e-06,1.0624e-05,9.89e-06,9.807e-06
1,512,9.99e-06,9.61e-06,1.0345e-05,9.983e-06,1.0345e-05
1,512,9.877e-06,9.479e-06,1.0168e-05,9.971e-06,1.0168e-05
1,512,1.0013e-05,9.04e-06,1.085e-05,9.97e-06,1.0279e-05
1,512,9.906e-06,9.748e-06,1.0208e-05,9.855e-06,9.748e-06
1,512,9.761e-06,9.195e-06,1.016e-05,9.748e-06,9.834e-06
1,512,9.933e-06,9.684e-06,1.0198e-05,9.98e-06,1.0118e-05
1,512,9.976e-06,9.839e-06,1.0175e-05,9.952e-06,9.926e-06
1,512,1.0257e-05,9.775e-06,1.1749e-05,9.937e-06,9.969e-06
1,512,9.833e-06,9.06e-06,1.083e-05,9.806e-06,9.803e-06
1,512,9.975e-06,9.846e-06,1.0158e-05,9.97e-06,1.0158e-05
1,512,1.0047e-05,9.401e-06,1.124e-05,9.984e-06,1.0293e-05
1,512,9.98e-06,9.675e-06,1.0194e-05,1.0012e-05,1.006e-05
1,512,9.882e-06,9.313e-06,1.0453e-05,9.85e-06,9.833e-06
1,512,9.94e-06,9.829e-06,1.0137e-05,9.898e-06,1.0032e-05
1,512,9.905e-06,9.603e-06,1.0143e-05,9.95e-06,9.603e-06
1,512,9.95e-06,9.394e-06,1.0442e-05,9.921e-06,1.0052e-05
1,512,9.985e-06,9.695e-06,1.0277e-05,9.937e-06,9.831e-06
1,512,9.889e-06,9.427e-06,1.0135e-05,9.926e-06,9.962e-06
1,512,9.931e-06,9.811e-06,1.002e-05,9.932e-06,9.939e-06
1,512,1.0341e-05,9.877e-06,1.0761e-05,1.0375e-05,1.0685e-05
1,512,1.031e-05,1.0135e-05,1.0561e-05,1.0298e-05,1.0183e-05
1,512,1.0207e-05,9.672e-06,1.1299e-05,1.0063e-05,1.1299e-05
1,512,9.871e-06,9.614e-06,1.0381e-05,9.818e-06,9.951e-06
1,512,9.967e-06,9.852e-06,1.0116e-05,9.96e-06,9.993e-06
1,512,1.0069e-05,9.547e-06,1.0966e-05,9.994e-06,9.87e-06
1,512,9.941e-06,9.63e-06,1.0203e-05,9.894e-06,9.88e-06
1,512,9.896e-06,9.733e-06,1.0131e-05,9.863e-06,9.895e-06
1,512,9.894e-06,9.717e-06,1.0099e-05,9.855e-06,1.006e-05
1,512,9.867e-06,9.694e-06,9.984e-06,9.883e-06,9.89e-06
1,512,9.862e-06,9.55e-06,1.0105e-05,9.855e-06,9.838e-06
1,512,9.892e-06,9.793e-06,1.006e-05,9.891e-06,9.92e-06
1,512,1.0012e-05,9.818e-06,1.0135e-05,1.0023e-05,9.818e-06
1,512,1.0006e-05,9.794e-06,1.0197e-05,1.0026e-05,9.794e-06
1,512,9.92e-06,9.258e-06,1.0659e-05,9.909e-06,1.0231e-05
1,512,9.91e-06,9.617e-06,1.0211e-05,9.887e-06,9.847e-06
1,512,9.971e-06,9.763e-06,1.0232e-05,9.905e-06,1.0184e-05
1,512,9.886e-06,9.789e-06,1.003e-05,9.883e-06,9.881e-06
1,512,9.931e-06,9.363e-06,1.051e-05,9.894e-06,1.051e-05
1,512,9.887e-06,9.534e-06,1.022e-05,9.885e-06,9.932e-06
1,512,9.901e-06,9.411e-06,1.0457e-05,9.896e-06,9.411e-06
1,512,9.81e-06,9.457e-06,1.0087e-05,9.828e-06,9.719e-06
1,512,9.951e-06,9.489e-06,1.0566e-05,9.919e-06,9.973e-06
1,512,9.868e-06,9.557e-06,1.0217e-05,9.896e-06,1.0099e-05
1,512,9.843e-06,8.942e-06,1.0837e-05,9.866e-06,9.975e-06
1,512,9.926e-06,9.572e-06,1.0242e-05,9.932e-06,9.959e-06
1,512,9.795e-06,9.696e-06,9.894e-06,9.782e-06,9.894e-06
1,512,9.911e-06,9.306e-06,1.0658e-05,9.848e-06,1.0395e-05
1,512,1.0063e-05,9.617e-06,1.0954e-05,9.956e-06,9.783e-06
1,512,1.0129e-05,9.619e-06,1.0564e-05,1.0192e-05,1.0258e-05
1,512,9.862e-06,9.426e-06,1.0287e-05,9.841e-06,1.0245e-05
1,512,1.0199e-05,9.888e-06,1.0369e-05,1.0192e-05,1.0354e-05
1,512,1.0169e-05,9.794e-06,1.0578e-05,1.0152e-05,1.031e-05
1,512,1.0008e-05,9.366e-06,1.0374e-05,1.0022e-05,9.366e-06
1,512,9.861e-06,9.323e-06,1.0354e-05,9.844e-06,1.0327e-05
1,512,9.925e-06,9.716e-06,1.0819e-05,9.82e-06,9.808e-06
1,512,9.905e-06,9.645e-06,1.0136e-05,9.9e-06,9.949e-06
1,512,1.0081e-05,9.55e-06,1.0565e-05,1.0128e-05,1.0145e-05
1,512,9.959e-06,9.433e-06,1.0215e-05,1.0084e-05,9.433e-06
1,512,9.847e-06,9.379e-06,1.0266e-05,9.844e-06,1.0246e-05
1,512,9.871e-06,9.362e-06,1.014e-05,9.915e-06,1.014e-05
1,512,9.819e-06,9.636e-06,1.0134e-05,9.768e-06,9.653e-06
1,512,9.861e-06,9.164e-06,1.0745e-05,9.89e-06,9.164e-06
1,512,9.81e-06,9.453e-06,1.0154e-05,9.815e-06,9.852e-06
1,512,9.816e-06,9.242e-06,1.0551e-05,9.762e-06,1.0322e-05
1,512,9.873e-06,9.398e-06,1.044e-05,9.798e-06,9.823e-06
1,512,9.824e-06,9.584e-06,1.0067e-05,9.819e-06,1.0067e-05
1,512,9.898e-06,9.408e-06,1.0436e-05,9.859e-06,9.408e-06
1,512,9.833e-06,9.082e-06,1.046e-05,9.894e-06,1.0213e-05
1,512,9.811e-06,9.164e-06,1.0334e-05,9.751e-06,1.0132e-05
1,512,9.913e-06,9.555e-06,1.045e-05,9.887e-06,1.045e-05
1,512,9.797e-06,9.69e-06,9.863e-06,9.816e-06,9.845e-06
1,512,9.916e-06,9.631e-06,1.0434e-05,9.841e-06,9.97e-06
1,512,9.815e-06,9.325e-06,1.0239e-05,9.82e-06,1.0239e-05
1,512,9.894e-06,8.956e-06,1.0695e-05,9.857e-06,9.932e-06
1,512,9.851e-06,9.575e-06,1.0169e-05,9.849e-06,9.792e-06
1,512,9.867e-06,9.334e-06,1.0529e-05,9.914e-06,1.005e-05
1,512,9.824e-06,9.303e-06,1.0312e-05,9.81e-06,9.674e-06
1,512,9.785e-06,9.306e-06,1.0192e-05,9.807e-06,9.695e-06
1,512,9.839e-06,9.536e-06,1.0083e-05,9.903e-06,9.914e-06
1,512,9.827e-06,9.705e-06,1.0046e-05,9.81e-06,9.86e-06
1,512,9.857e-06,9.692e-06,1.015e-05,9.84e-06,9.854e-06
1,512,9.803e-06,9.213e-06,1.0292e-05,9.798e-06,1.0292e-05
1,512,9.903e-06,9.392e-06,1.0434e-05,9.874e-06,9.802e-06
1,512,9.883e-06,9.699e-06,1.0113e-05,9.873e-06,1.0071e-05
1,512,9.88e-06,9.309e-06,1.0514e-05,9.883e-06,9.309e-06
1,512,9.985e-06,7.586e-06,1.2179e-05,9.921e-06,1.2179e-05
1,512,9.868e-06,9.033e-06,1.0961e-05,9.797e-06,1.0961e-05
1,512,1.0207e-05,9.765e-06,1.1618e-05,1.0021e-05,9.765e-06
1,512,9.971e-06,9.188e-06,1.0963e-05,9.921e-06,9.803e-06
1,512,9.865e-06,9.513e-06,1.0311e-05,9.813e-06,9.721e-06
1,512,1.0125e-05,9.455e-06,1.1423e-05,1.0063e-05,1.0242e-05
1,512,9.853e-06,9.456e-06,1.0202e-05,9.918e-06,1.0054e-05
1,512,9.868e-06,9.655e-06,1.0122e-05,9.883e-06,1.0122e-05
1,512,9.896e-06,9.214e-06,1.0366e-05,9.948e-06,9.214e-06
1,512,9.875e-06,9.343e-06,1.0374e-05,9.93e-06,9.922e-06
1,512,9.904e-06,9.492e-06,1.0207e-05,9.925e-06,9.946e-06
1,512,1.0171e-05,9.965e-06,1.0241e-05,1.0201e-05,1.014e-05
1,512,1.0057e-05,9.658e-06,1.0427e-05,1.0156e-05,1.0427e-05
1,512,9.922e-06,9.352e-06,1.0247e-05,9.99e-06,9.579e-06
1,512,9.821e-06,9.315e-06,1.0183e-05,9.881e-06,1.0183e-05
1,512,9.835e-06,9.382e-06,1.0338e-05,9.811e-06,9.807e-06
1,512,9.93e-06,9.218e-06,1.0531e-05,1.0043e-05,1.0531e-05
1,512,9.853e-06,9.346e-06,1.0369e-05,9.82e-06,1.0369e-05
1,512,9.897e-06,9.521e-06,1.0377e-05,9.745e-06,9.597e-06
1,512,9.832e-06,9.624e-06,9.985e-06,9.846e-06,9.96e-06
1,512,9.915e-06,9.55e-06,1.0314e-05,9.869e-06,9.667e-06
1,512,9.858e-06,9.237e-06,1.0483e-05,9.844e-06,1.0295e-05
1,512,9.843e-06,9.641e-06,1.0232e-05,9.812e-06,9.826e-06
1,512,9.887e-06,9.806e-06,1.0052e-05,9.869e-06,1.0052e-05
1,512,9.852e-06,9.199e-06,1.0321e-05,9.893e-06,9.802e-06
1,512,9.833e-06,9.411e-06,1.0351e-05,9.864e-06,9.904e-06
1,512,9.836e-06,9.379e-06,1.031e-05,9.902e-06,9.537e-06
1,512,9.793e-06,9.247e-06,1.0277e-05,9.796e-06,9.753e-06
1,512,9.741e-06,9.543e-06,9.861e-06,9.753e-06,9.812e-06
1,512,9.787e-06,9.577e-06,9.966e-06,9.762e-06,9.748e-06
1,512,9.874e-06,9.541e-06,1.0715e-05,9.807e-06,9.706e-06
1,512,9.792e-06,9.569e-06,1.0065e-05,9.785e-06,9.569e-06
1,512,9.778e-06,9.423e-06,1.0064e-05,9.826e-06,9.97e-06
1,512,9.808e-06,9.499e-06,9.97e-06,9.85e-06,9.888e-06
1,512,9.852e-06,9.422e-06,1.0316e-05,9.831e-06,1.0316e-05
1,512,9.797e-06,9.383e-06,1.0311e-05,9.787e-06,9.383e-06
1,512,1.0056e-05,9.762e-06,1.0345e-05,1.0055e-05,1.0091e-05
1,512,9.968e-06,9.453e-06,1.0519e-05,9.952e-06,1.0342e-05
1,512,9.894e-06,9.659e-06,1.0265e-05,9.76e-06,1.0232e-05
1,512,1.0161e-05,9.346e-06,1.0636e-05,1.0219e-05,1.0007e-05
1,512,9.767e-06,9.401e-06,1.0111e-05,9.773e-06,9.748e-06
1,512,9.816e-06,9.464e-06,1.0192e-05,9.827e-06,9.52e-06
1,512,9.888e-06,9.686e-06,1.0225e-05,9.799e-06,9.686e-06
1,512,9.805e-06,9.445e-06,1.0084e-05,9.854e-06,9.872e-06
1,512,9.837e-06,8.924e-06,1.0713e-05,9.846e-06,9.877e-06
1,512,9.785e-06,9.636e-06,9.964e-06,9.754e-06,9.755e-06
1,512,9.818e-06,9.353e-06,1.0341e-05,9.801e-06,9.855e-06
1,512,9.819e-06,9.398e-06,1.0491e-05,9.789e-06,9.933e-06
1,512,9.816e-06,9.53e-06,1.0086e-05,9.834e-06,1e-05
1,512,9.79e-06,9.689e-06,9.955e-06,9.758e-06,9.955e-06
1,512,1.0012e-05,9.275e-06,1.0837e-05,9.901e-06,9.91e-06
1,512,9.785e-06,9.343e-06,1.0224e-05,9.738e-06,1.0224e-05
1,512,9.875e-06,9.3e-06,1.0538e-05,9.891e-06,9.3e-06
1,512,9.831e-06,9.557e-06,1.0244e-05,9.812e-06,9.844e-06
1,512,9.839e-06,9.55e-06,1.0193e-05,9.837e-06,9.839e-06
1,512,1.0091e-05,9.642e-06,1.0472e-05,1.0101e-05,9.99e-06
1,512,1.0089e-05,9.492e-06,1.0501e-05,1.0071e-05,1.0338e-05
1,512,1.0159e-05,9.606e-06,1.0816e-05,1.0169e-05,1.0204e-05
1,512,1.0118e-05,9.935e-06,1.0415e-05,1.0117e-05,1.0153e-05
1,512,1.0094e-05,9.623e-06,1.079e-05,1.0075e-05,9.999e-06
1,512,1.0125e-05,9.617e-06,1.0548e-05,1.0125e-05,1.0112e-05
1,512,9.994e-06,9.656e-06,1.0178e-05,1.0091e-05,9.656e-06
1,512,9.834e-06,9.508e-06,1.0261e-05,9.884e-06,9.942e-06
1,512,9.865e-06,9.764e-06,1.0035e-05,9.875e-06,9.866e-06
1,512,9.961e-06,9.022e-06,1.0884e-05,9.953e-06,1.0884e-05
1,512,1.0139e-05,9.99e-06,1.0292e-05,1.0172e-05,1.0292e-05
1,512,1.0224e-05,9.325e-06,1.1285e-05,1.0244e-05,1.0256e-05
1,512,9.872e-06,9.095e-06,1.0762e-05,9.803e-06,9.765e-06
1,512,9.887e-06,9.307e-06,1.0456e-05,9.951e-06,9.961e-06
1,512,9.757e-06,9.427e-06,1.0066e-05,9.812e-06,9.529e-06
1,512,9.844e-06,9.553e-06,1.0099e-05,9.901e-06,1.0091e-05
1,512,9.872e-06,9.706e-06,1.0191e-05,9.81e-06,1.0191e-05
1,512,9.841e-06,9.394e-06,1.0288e-05,9.826e-06,9.832e-06
1,512,9.921e-06,9.363e-06,1.0438e-05,1.0004e-05,9.479e-06
1,512,9.904e-06,9.673e-06,1.0207e-05,9.852e-06,9.971e-06
1,512,9.954e-06,9.364e-06,1.0423e-05,1.0049e-05,9.767e-06
1,512,9.872e-06,9.504e-06,1.0184e-05,9.891e-06,1.0184e-05
1,512,9.898e-06,9.359e-06,1.0598e-05,9.852e-06,1.0345e-05
1,512,1.014e-05,9.88e-06,1.0658e-05,1.0014e-05,1.0281e-05
1,512,1.0365e-05,1.0256e-05,1.0492e-05,1.0365e-05,1.0492e-05
1,512,1.0308e-05,9.507e-06,1.1062e-05,1.0149e-05,1.1062e-05
1,512,9.815e-06,9.572e-06,1.0051e-05,9.819e-06,9.869e-06
1,512,1.0126e-05,9.164e-06,1.134e-05,1.003e-05,9.439e-06
1,512,9.78e-06,9.335e-06,1.0057e-05,9.839e-06,9.665e-06
1,512,1.011e-05,9.668e-06,1.0383e-05,1.0146e-05,1.0019e-05
1,512,1.0197e-05,9.665e-06,1.1103e-05,1.0195e-05,1.0376e-05
1,512,9.919e-06,9.66e-06,1.0203e-05,9.948e-06,9.95e-06
1,512,9.854e-06,9.488e-06,1.0085e-05,9.885e-06,9.666e-06
1,512,9.919e-06,9.281e-06,1.042e-05,9.949e-06,9.851e-06
1,512,9.896e-06,9.762e-06,1.0073e-05,9.908e-06,9.861e-06
1,512,9.935e-06,9.37e-06,1.0549e-05,9.811e-06,1.0251e-05
1,512,9.836e-06,9.582e-06,1.011e-05,9.861e-06,9.616e-06
1,512,9.878e-06,9.434e-06,1.0347e-05,9.875e-06,1.0347e-05
1,512,9.843e-06,9.741e-06,1.0131e-05,9.81e-06,1.0131e-05
1,512,1.0242e-05,9.829e-06,1.0816e-05,1.0134e-05,1.0622e-05
1,512,1.007e-05,9.814e-06,1.0325e-05,1.0022e-05,9.866e-06
1,512,9.87e-06,9.287e-06,1.0426e-05,9.926e-06,1.0405e-05
1,512,9.896e-06,9.661e-06,1.0273e-05,9.865e-06,9.907e-06
1,512,9.807e-06,9.253e-06,1.0343e-05,9.769e-06,9.705e-06
1,512,9.832e-06,9.473e-06,1.0168e-05,9.786e-06,9.768e-06
1,512,9.857e-06,9.681e-06,1.0079e-05,9.84e-06,9.681e-06
1,512,9.832e-06,9.331e-06,1.0398e-05,9.891e-06,1.0131e-05
1,512,9.838e-06,9.674e-06,1.0038e-05,9.848e-06,9.889e-06
1,512,1.018e-05,9.678e-06,1.0894e-05,1.018e-05,1.0094e-05
1,512,1.0076e-05,9.846e-06,1.0223e-05,1.0085e-05,1.0034e-05
1,512,1.0079e-05,9.76e-06,1.0267e-05,1.0108e-05,1.0077e-05
1,512,1.007e-05,9.868e-06,1.0157e-05,1.0114e-05,1.0157e-05
1,512,1.0073e-05,9.717e-06,1.0628e-05,9.979e-06,9.87e-06
1,512,1.0112e-05,9.606e-06,1.0536e-05,1.0189e-05,1.0159e-05
1,512,9.98e-06,9.832e-06,1.0272e-05,9.933e-06,1.0041e-05
1,512,9.848e-06,9.536e-06,1.0078e-05,9.874e-06,1.0038e-05
1,512,1.0189e-05,9.798e-06,1.0773e-05,1.0156e-05,1.0291e-05
1,512,1.022e-05,9.267e-06,1.0848e-05,1.0259e-05,1.0747e-05
1,512,1.0116e-05,1.0001e-05,1.0313e-05,1.008e-05,1.0261e-05
1,512,9.897e-06,9.616e-06,1.0585e-05,9.856e-06,9.918e-06
1,512,9.915e-06,9.561e-06,1.0253e-05,9.925e-06,9.915e-06
1,512,9.908e-06,9.004e-06,1.0695e-05,9.972e-06,9.905e-06
1,512,9.928e-06,9.225e-06,1.0583e-05,9.922e-06,1.0145e-05
1,512,9.924e-06,9.652e-06,1.0138e-05,9.9e-06,1.0138e-05
1,512,9.829e-06,9.718e-06,9.931e-06,9.833e-06,9.912e-06
1,512,9.851e-06,9.421e-06,1.0438e-05,9.83e-06,9.757e-06
1,512,9.987e-06,9.245e-06,1.0666e-05,1.0091e-05,1.0666e-05
1,512,9.823e-06,9.56e-06,1.0201e-05,9.806e-06,1.0201e-05
1,512,1.0136e-05,9.667e-06,1.0497e-05,1.0202e-05,9.913e-06
1,512,1.0082e-05,9.667e-06,1.0316e-05,1.0138e-05,1.0259e-05
1,512,1.0138e-05,9.677e-06,1.0773e-05,9.949e-06,9.697e-06
1,512,9.911e-06,9.522e-06,1.0223e-05,9.979e-06,1.0223e-05
1,512,9.888e-06,9.786e-06,1.0028e-05,9.851e-06,1.0011e-05
1,512,9.895e-06,9.085e-06,1.0683e-05,9.914e-06,1.0683e-05
1,512,9.861e-06,9.718e-06,1.0106e-05,9.827e-06,9.774e-06
1,512,9.954e-06,8.763e-06,1.1061e-05,9.995e-06,9.915e-06
1,512,9.838e-06,9.037e-06,1.073e-05,9.814e-06,9.787e-06
1,512,9.834e-06,9.514e-06,1.0166e-05,9.815e-06,9.779e-06
1,512,9.963e-06,9.407e-06,1.037e-05,1.0049e-05,1.0078e-05
1,512,9.988e-06,9.504e-06,1.0526e-05,9.957e-06,9.938e-06
1,512,9.889e-06,9.795e-06,9.978e-06,9.885e-06,9.878e-06
1,512,9.86e-06,9.291e-06,1.0556e-05,9.854e-06,9.942e-06
1,512,9.917e-06,9.45e-06,1.0326e-05,9.925e-06,1.0027e-05
1,512,9.865e-06,9.492e-06,1.0258e-05,9.863e-06,9.492e-06
1,512,9.893e-06,9.745e-06,1.0019e-05,9.873e-06,9.958e-06
1,512,9.913e-06,9.428e-06,1.0432e-05,9.892e-06,1.0421e-05
1,512,9.909e-06,9.739e-06,9.996e-06,9.926e-06,9.923e-06
1,512,9.875e-06,9.303e-06,1.0426e-05,9.85e-06,1.0426e-05
1,512,9.986e-06,9.536e-06,1.0295e-05,9.981e-06,1.0223e-05
1,512,9.878e-06,9.457e-06,1.036e-05,9.878e-06,1.0147e-05
1,512,9.852e-06,9.575e-06,1.0129e-05,9.827e-06,9.836e-06
1,512,9.962e-06,9.112e-06,1.0794e-05,9.928e-06,9.94e-06
1,512,1.0125e-05,9.927e-06,1.0256e-05,1.0124e-05,1.0121e-05
1,512,1.0023e-05,9.84e-06,1.0252e-05,9.95e-06,9.905e-06
1,512,1.0017e-05,9.285e-06,1.0678e-05,1.0172e-05,1.0242e-05
1,512,9.91e-06,9.708e-06,1.0284e-05,9.807e-06,1.0129e-05
1,512,9.889e-06,9.42e-06,1.0471e-05,1.0001e-05,1.0113e-05
1,512,9.883e-06,9.765e-06,1.0008e-05,9.896e-06,9.904e-06
1,512,9.894e-06,9.774e-06,1.0005e-05,9.889e-06,9.855e-06
1,512,9.944e-06,9.408e-06,1.0511e-05,9.969e-06,9.954e-06
1,512,9.915e-06,9.69e-06,1.0279e-05,9.861e-06,9.69e-06
1,512,9.923e-06,9.431e-06,1.0433e-05,9.954e-06,1.0229e-05
1,512,9.861e-06,9.686e-06,1.0047e-05,9.876e-06,9.879e-06
1,512,9.934e-06,9.492e-06,1.0209e-05,9.931e-06,1.0209e-05
1,512,9.962e-06,9.423e-06,1.0476e-05,9.929e-06,9.551e-06
1,512,9.913e-06,9.348e-06,1.0445e-05,9.948e-06,1.0445e-05
1,512,9.927e-06,9.799e-06,1.0045e-05,9.909e-06,9.922e-06
1,512,9.957e-06,9.519e-06,1.094e-05,9.857e-06,9.856e-06
1,512,9.939e-06,9.066e-06,1.0828e-05,9.939e-06,1.0071e-05
1,512,9.943e-06,9.227e-06,1.0831e-05,9.796e-06,1.0831e-05
1,512,1.0075e-05,9.491e-06,1.128e-05,9.976e-06,1.0143e-05
1,512,9.956e-06,9.501e-06,1.0448e-05,1.0033e-05,1.0103e-05
1,512,9.992e-06,9.491e-06,1.048e-05,9.969e-06,9.989e-06
1,512,9.946e-06,9.416e-06,1.0516e-05,9.989e-06,9.502e-06
1,512,9.941e-06,9.838e-06,1.0114e-05,9.926e-06,1.0003e-05
1,512,9.885e-06,9.688e-06,9.992e-06,9.935e-06,9.94e-06
1,512,1.0058e-05,9.583e-06,1.061e-05,1.0058e-05,9.718e-06
1,512,9.986e-06,9.511e-06,1.0418e-05,9.979e-06,9.511e-06
1,512,9.921e-06,9.47e-06,1.0336e-05,9.909e-06,1.0276e-05
1,512,9.924e-06,9.632e-06,1.0303e-05,9.843e-06,1.0226e-05
1,512,9.918e-06,9.359e-06,1.0554e-05,9.914e-06,9.985e-06
1,512,9.932e-06,9.022e-06,1.1061e-05,9.925e-06,1.0418e-05
1,512,1.0044e-05,9.385e-06,1.074e-05,1.0021e-05,1.0071e-05
1,512,1.0021e-05,9.953e-06,1.0096e-05,1.0015e-05,9.999e-06
1,512,1.0254e-05,1.0027e-05,1.036e-05,1.0324e-05,1.033e-05
1,512,1.0502e-05,1.0258e-05,1.0734e-05,1.0509e-05,1.0518e-05
1,512,1.0295e-05,9.746e-06,1.0869e-05,1.0174e-05,1.0714e-05
1,512,9.979e-06,9.713e-06,1.029e-05,9.969e-06,1.0183e-05
1,512,9.964e-06,9.773e-06,1.0188e-05,9.947e-06,9.921e-06
1,512,1.0174e-05,9.633e-06,1.061e-05,1.0149e-05,1.0106e-05
1,512,1.0137e-05,9.834e-06,1.0741e-05,1.0057e-05,1.0234e-05
1,512,9.951e-06,9.588e-06,1.0366e-05,9.976e-06,9.641e-06
1,512,9.93e-06,9.684e-06,1.0069e-05,9.971e-06,9.9e-06
1,512,9.948e-06,9.371e-06,1.044e-05,9.947e-06,1.044e-05
1,512,9.908e-06,9.789e-06,1.0042e-05,9.922e-06,9.997e-06
1,512,1.0001e-05,9.526e-06,1.0502e-05,1.008e-05,1.0084e-05
1,512,9.945e-06,9.688e-06,1.0155e-05,9.954e-06,9.98e-06
1,512,1.0142e-05,9.504e-06,1.0769e-05,1.0087e-05,1.0769e-05
1,512,1.0195e-05,1.0055e-05,1.0368e-05,1.0157e-05,1.0368e-05
1,512,1.0335e-05,9.604e-06,1.1114e-05,1.0289e-05,1.1114e-05
1,512,1.0096e-05,9.919e-06,1.0242e-05,1.0135e-05,1.0221e-05
1,512,1.0005e-05,9.579e-06,1.1016e-05,9.891e-06,9.579e-06
1,512,9.912e-06,9.428e-06,1.0427e-05,9.917e-06,9.715e-06
1,512,1.0171e-05,9.734e-06,1.0582e-05,1.0199e-05,1.0154e-05
1,512,1.0015e-05,9.784e-06,1.0446e-05,9.889e-06,9.888e-06
1,512,9.942e-06,9.831e-06,1.0013e-05,9.961e-06,1.0008e-05
1,512,9.947e-06,9.422e-06,1.0398e-05,9.935e-06,9.955e-06
1,512,1.0375e-05,9.975e-06,1.1447e-05,1.0232e-05,1.0223e-05
1,512,1.0562e-05,1.029e-05,1.1528e-05,1.0421e-05,1.1528e-05
1,512,1.0444e-05,9.598e-06,1.1452e-05,1.0438e-05,1.1452e-05
1,512,1.0398e-05,1.0197e-05,1.0576e-05,1.039e-05,1.0576e-05
1,512,1.0204e-05,9.955e-06,1.0581e-05,1.0106e-05,1.0436e-05
1,512,1.0193e-05,9.676e-06,1.0733e-05,1.0186e-05,1.0176e-05
1,512,1.0187e-05,9.941e-06,1.0469e-05,1.0194e-05,1.0469e-05
1,512,1.0321e-05,1.0035e-05,1.1215e-05,1.0208e-05,1.1215e-05
1,512,1.0183e-05,9.827e-06,1.0572e-05,1.0186e-05,1.0572e-05
1,512,1.016e-05,1.0071e-05,1.0248e-05,1.0152e-05,1.0085e-05
1,512,1.0155e-05,9.799e-06,1.0399e-05,1.0167e-05,1.0249e-05
1,512,9.972e-06,9.397e-06,1.089e-05,9.919e-06,1.089e-05
1,512,9.945e-06,9.619e-06,1.0378e-05,9.929e-06,1.0141e-05
1,512,9.88e-06,9.73e-06,1.0028e-05,9.886e-06,1.0028e-05
1,512,1.0019e-05,9.583e-06,1.0581e-05,9.967e-06,1.0038e-05
1,512,9.913e-06,9.622e-06,1.0205e-05,9.917e-06,9.97e-06
1,512,9.935e-06,9.76e-06,1.0237e-05,9.904e-06,1.0014e-05
1,512,9.928e-06,9.762e-06,1.0256e-05,9.861e-06,9.801e-06
1,512,9.953e-06,9.511e-06,1.0459e-05,9.914e-06,1.028e-05
1,512,1.0028e-05,9.43e-06,1.0515e-05,1.0082e-05,9.43e-06
1,512,1.0058e-05,9.661e-06,1.0466e-05,1.0029e-05,1.0209e-05
1,512,1.0009e-05,9.846e-06,1.0091e-05,1.0034e-05,1.0091e-05
1,512,9.955e-06,9.329e-06,1.0597e-05,9.968e-06,1.0597e-05
1,512,9.966e-06,9.817e-06,1.013e-05,9.937e-06,1.013e-05
1,512,1.006e-05,9.089e-06,1.08e-05,1.0094e-05,9.973e-06
1,512,9.959e-06,9.512e-06,1.0284e-05,9.954e-06,1.0014e-05
1,512,1.0245e-05,9.939e-06,1.0693e-05,1.0147e-05,1.0041e-05
1,512,1.0039e-05,9.354e-06,1.0684e-05,1.0106e-05,1.0684e-05
1,512,9.992e-06,9.712e-06,1.0272e-05,9.967e-06,1.0172e-05
1,512,9.978e-06,9.516e-06,1.0462e-05,9.985e-06,9.966e-06
1,512,9.947e-06,9.836e-06,1.0105e-05,9.941e-06,9.93e-06
1,512,9.952e-06,9.454e-06,1.0573e-05,9.932e-06,1.0185e-05
1,512,9.971e-06,9.707e-06,1.0285e-05,9.926e-06,9.84e-06
1,512,9.905e-06,9.761e-06,1.0185e-05,9.877e-06,9.764e-06
1,512,9.941e-06,9.627e-06,1.03e-05,9.915e-06,1.0242e-05
1,512,9.924e-06,9.844e-06,1.0148e-05,9.884e-06,9.844e-06
1,512,1.0278e-05,9.891e-06,1.0782e-05,1.0199e-05,1.0782e-05
1,512,1.0219e-05,9.9e-06,1.0829e-05,1.0172e-05,1.0188e-05
1,512,9.971e-06,9.457e-06,1.0512e-05,9.945e-06,1.0512e-05
1,512,9.963e-06,9.588e-06,1.0287e-05,9.969e-06,1.0088e-05
1,512,9.998e-06,9.497e-06,1.0699e-05,9.951e-06,9.612e-06
1,512,9.891e-06,9.658e-06,1.009e-05,9.913e-06,9.854e-06
1,512,9.93e-06,9.449e-06,1.0577e-05,9.87e-06,9.816e-06
1,512,1.0334e-05,9.791e-06,1.1487e-05,1.023e-05,1.1487e-05
1,512,9.935e-06,9.065e-06,1.0345e-05,1.0033e-05,1.0345e-05
1,512,9.851e-06,9.717e-06,1.0068e-05,9.834e-06,9.744e-06
1,512,9.914e-06,9.751e-06,1.0019e-05,9.928e-06,9.884e-06
1,512,9.879e-06,9.73e-06,1.0035e-05,9.882e-06,9.876e-06
1,512,9.924e-06,9.371e-06,1.0567e-05,9.866e-06,1.0466e-05
1,512,9.927e-06,9.201e-06,1.0568e-05,9.998e-06,9.303e-06
1,512,9.879e-06,9.457e-06,1.0264e-05,9.871e-06,1.0264e-05
1,512,9.847e-06,9.342e-06,1.0287e-05,9.84e-06,9.843e-06
1,512,9.903e-06,9.548e-06,1.0249e-05,9.94e-06,1.0161e-05
1,512,9.88e-06,9.321e-06,1.0328e-05,9.936e-06,1.0115e-05
1,512,9.904e-06,9.295e-06,1.0685e-05,9.867e-06,1.0271e-05
1,512,9.874e-06,9.397e-06,1.0361e-05,9.885e-06,9.897e-06
1,512,9.832e-06,9.637e-06,1.0133e-05,9.833e-06,9.904e-06
1,512,1.0143e-05,9.43e-06,1.0905e-05,1.0155e-05,1.0905e-05
1,512,1.0271e-05,1.0049e-05,1.0531e-05,1.0266e-05,1.0049e-05
1,512,1.0217e-05,9.575e-06,1.0733e-05,1.0252e-05,1.0518e-05
1,512,1.0134e-05,9.737e-06,1.0673e-05,1.015e-05,1.0397e-05
1,512,1.0101e-05,9.874e-06,1.0331e-05,1.0116e-05,1.0331e-05
1,512,1.0017e-05,9.381e-06,1.0654e-05,1.005e-05,1.0145e-05
1,512,9.905e-06,9.678e-06,1.0248e-05,9.855e-06,9.733e-06
1,512,9.881e-06,9.368e-06,1.0368e-05,9.891e-06,9.823e-06
1,512,9.872e-06,9.464e-06,1.0259e-05,9.893e-06,9.902e-06
1,512,9.913e-06,9.243e-06,1.0532e-05,9.887e-06,1.0401e-05
1,512,9.887e-06,9.42e-06,1.0361e-05,9.87e-06,9.505e-06
1,512,9.918e-06,9.442e-06,1.0311e-05,9.961e-06,1.0311e-05
1,512,9.926e-06,9.825e-06,1.0016e-05,9.914e-06,9.985e-06
1,512,9.89e-06,8.897e-06,1.1e-05,9.852e-06,1.1e-05
1,512,9.93e-06,9.505e-06,1.0291e-05,9.928e-06,9.505e-06
1,512,9.947e-06,9.832e-06,1.0052e-05,9.935e-06,9.946e-06
1,512,1.0028e-05,9.411e-06,1.0394e-05,1.0052e-05,1.03e-05
1,512,1.0113e-05,9.522e-06,1.1099e-05,1.0036e-05,9.657e-06
1,512,9.977e-06,9.364e-06,1.0772e-05,9.912e-06,9.928e-06
1,512,9.973e-06,9.616e-06,1.0362e-05,9.966e-06,1.0097e-05
1,512,9.92e-06,9.817e-06,1.0042e-05,9.93e-06,9.885e-06
1,512,9.921e-06,9.8e-06,1.0029e-05,9.905e-06,9.896e-06
1,512,1.0202e-05,9.659e-06,1.0753e-05,1.028e-05,1.0753e-05
1,512,1.0117e-05,9.779e-06,1.0372e-05,1.0136e-05,1.0111e-05
1,512,1.0061e-05,9.814e-06,1.0646e-05,9.993e-06,9.814e-06
1,512,9.843e-06,9.611e-06,9.981e-06,9.86e-06,9.911e-06
1,512,9.946e-06,9.765e-06,1.0049e-05,9.956e-06,1.003e-05
1,512,1.012e-05,9.791e-06,1.0734e-05,1.0083e-05,1.0228e-05
1,512,1.0263e-05,1.0058e-05,1.0699e-05,1.02e-05,1.0187e-05
1,512,9.87e-06,9.21e-06,1.0487e-05,9.865e-06,1.0431e-05
1,512,1.0079e-05,9.856e-06,1.1016e-05,9.949e-06,9.925e-06
1,512,9.838e-06,9.412e-06,1.0128e-05,9.847e-06,9.412e-06
1,512,9.885e-06,9.731e-06,1.0081e-05,9.86e-06,9.964e-06
1,512,9.898e-06,9.504e-06,1.0214e-05,9.878e-06,9.697e-06
1,512,9.894e-06,9.483e-06,1.034e-05,9.859e-06,1.034e-05
1,512,9.885e-06,9.593e-06,1.0144e-05,9.871e-06,1.0144e-05
1,512,9.882e-06,9.768e-06,9.975e-06,9.88e-06,9.951e-06
1,512,9.943e-06,9.805e-06,1.0111e-05,9.906e-06,9.805e-06
1,512,9.855e-06,9.693e-06,1.0004e-05,9.824e-06,9.693e-06
1,512,9.947e-06,9.355e-06,1.0427e-05,1.0104e-05,1.0368e-05
1,512,9.867e-06,9.736e-06,9.978e-06,9.896e-06,9.736e-06
1,512,9.863e-06,9.435e-06,1.031e-05,9.863e-06,1.031e-05
1,512,9.829e-06,9.508e-06,1.0243e-05,9.789e-06,9.979e-06
1,512,9.843e-06,9.502e-06,1.008e-05,9.854e-06,1.0034e-05
1,512,9.875e-06,9.194e-06,1.0473e-05,9.915e-06,9.896e-06
1,512,9.876e-06,9.289e-06,1.034e-05,9.835e-06,1.034e-05
1,512,9.881e-06,9.481e-06,1.0283e-05,9.881e-06,9.828e-06
1,512,9.907e-06,8.481e-06,1.1211e-05,9.879e-06,9.858e-06
1,512,9.943e-06,9.083e-06,1.0874e-05,9.953e-06,9.969e-06
1,512,9.804e-06,9.734e-06,9.932e-06,9.781e-06,9.734e-06
1,512,9.873e-06,9.484e-06,1.0405e-05,9.872e-06,1.0094e-05
1,512,1.0128e-05,9.785e-06,1.0472e-05,1.0164e-05,1.0308e-05
1,512,9.94e-06,9.237e-06,1.058e-05,9.96e-06,9.873e-06
1,512,9.862e-06,9.664e-06,1.0174e-05,9.853e-06,9.872e-06
1,512,9.824e-06,9.542e-06,1.0138e-05,9.832e-06,9.542e-06
1,512,9.814e-06,9.475e-06,1.0083e-05,9.821e-06,9.7e-06
1,512,9.859e-06,9.441e-06,1.0258e-05,9.828e-06,9.803e-06
1,512,9.841e-06,9.471e-06,1.0136e-05,9.817e-06,9.699e-06
1,512,1.0134e-05,9.899e-06,1.0279e-05,1.0169e-05,1.0279e-05
1,512,9.853e-06,9.546e-06,1.0161e-05,9.861e-06,1.0085e-05
1,512,9.894e-06,9.777e-06,1.0101e-05,9.883e-06,1.0101e-05
1,512,9.845e-06,9.339e-06,1.0755e-05,9.895e-06,1.0755e-05
1,512,9.881e-06,9.798e-06,1.0026e-05,9.859e-06,9.798e-06
1,512,9.942e-06,9.726e-06,1.0804e-05,9.85e-06,9.869e-06
1,512,9.851e-06,8.93e-06,1.0727e-05,9.843e-06,9.794e-06
1,512,9.83e-06,9.21e-06,1.039e-05,9.895e-06,9.857e-06
1,512,9.917e-06,9.47e-06,1.0722e-05,9.908e-06,9.965e-06
1,512,9.895e-06,9.656e-06,1.015e-05,9.896e-06,1.015e-05
1,512,1.0017e-05,9.894e-06,1.0159e-05,1.0025e-05,9.908e-06
1,512,1.0017e-05,9.782e-06,1.0221e-05,1.0063e-05,1.0055e-05
1,512,9.81e-06,9.194e-06,1.0362e-05,9.821e-06,9.194e-06
1,512,9.881e-06,9.414e-06,1.0375e-05,9.91e-06,9.921e-06
1,512,9.954e-06,9.686e-06,1.0298e-05,9.944e-06,9.867e-06
1,512,9.896e-06,9.476e-06,1.0161e-05,1.0007e-05,1.0043e-05
1,512,9.984e-06,9.219e-06,1.0451e-05,1.0134e-05,1.0391e-05
1,512,1.0054e-05,9.629e-06,1.0435e-05,1.0069e-05,1.0405e-05
1,512,9.875e-06,9.779e-06,9.949e-06,9.883e-06,9.905e-06
1,512,1.0095e-05,9.48e-06,1.0691e-05,1.0102e-05,1.0691e-05
1,512,9.985e-06,9.765e-06,1.0195e-05,9.971e-06,9.921e-06
1,512,9.888e-06,9.422e-06,1.0435e-05,9.83e-06,9.681e-06
1,512,9.868e-06,9.443e-06,1.0281e-05,9.869e-06,9.815e-06
1,512,9.849e-06,9.725e-06,9.96e-06,9.856e-06,9.832e-06
1,512,9.879e-06,9.45e-06,1.0293e-05,9.897e-06,1.0196e-05
1,512,9.887e-06,9.673e-06,1.0307e-05,9.815e-06,1.0073e-05
1,512,9.864e-06,9.26e-06,1.0161e-05,9.9e-06,9.934e-06
1,512,9.902e-06,9.784e-06,1.0056e-05,9.904e-06,9.893e-06
1,512,9.828e-06,9.693e-06,9.971e-06,9.833e-06,9.832e-06
1,512,9.872e-06,9.334e-06,1.0462e-05,9.838e-06,9.936e-06
1,512,9.848e-06,9.552e-06,1.0169e-05,9.853e-06,1.0169e-05
1,512,9.88e-06,9.469e-06,1.0217e-05,9.884e-06,1.0188e-05
1,512,9.968e-06,9.716e-06,1.0223e-05,9.936e-06,1.0223e-05
1,512,9.961e-06,9.576e-06,1.0445e-05,1.001e-05,1.0075e-05
1,512,9.933e-06,9.275e-06,1.0613e-05,9.859e-06,1.0316e-05
1,512,9.881e-06,9.684e-06,1.0023e-05,9.881e-06,1.0023e-05
1,512,9.911e-06,9.827e-06,1.0105e-05,9.869e-06,9.855e-06
1,512,9.867e-06,9.739e-06,9.956e-06,9.881e-06,9.834e-06
1,512,9.887e-06,9.039e-06,1.0538e-05,9.886e-06,9.421e-06
1,512,9.882e-06,9.227e-06,1.0295e-05,9.917e-06,9.917e-06
1,512,9.834e-06,9.467e-06,1.0165e-05,9.889e-06,1.0165e-05
1,512,9.874e-06,9.387e-06,1.0098e-05,9.915e-06,9.965e-06
1,512,9.843e-06,9.546e-06,1.0274e-05,9.815e-06,9.798e-06
1,512,9.916e-06,9.56e-06,1.0208e-05,9.888e-06,9.73e-06
1,512,9.811e-06,9.696e-06,1.0009e-05,9.771e-06,9.739e-06
1,512,1.0045e-05,9.933e-06,1.0254e-05,1.0004e-05,1.0254e-05
1,512,1.0292e-05,9.426e-06,1.187e-05,1.0041e-05,9.426e-06
1,512,9.914e-06,9.428e-06,1.0327e-05,9.873e-06,9.742e-06
