run_id,msg_size,0_Avg-Duration_s,0_Min-Duration_s,0_Max-Duration_s,0_Median-Duration_s,0_MainRank-Duration_s
1,8,0.00034432,0.000338938,0.000347847,0.000344262,0.000341934
1,8,0.000346773,0.000342596,0.000353146,0.000346689,0.000349018
1,8,0.000345258,0.000338881,0.000351609,0.000344932,0.000343026
1,8,0.000346602,0.000341015,0.000352121,0.000346466,0.000344468
1,8,0.000346987,0.000340854,0.000356291,0.000346827,0.000344419
1,8,0.000347663,0.000342904,0.000350854,0.000347835,0.000348437
1,8,0.000346813,0.000342466,0.000350912,0.000346678,0.000344188
1,8,0.000344554,0.000339813,0.000347993,0.000344522,0.000342304
1,8,0.00034646,0.000342396,0.000349208,0.000346521,0.000343958
1,8,0.000344802,0.000340914,0.000348999,0.000344952,0.000343236
1,8,0.000346328,0.000341103,0.000352876,0.000345708,0.000342996
1,8,0.000346858,0.000340543,0.000353637,0.000346733,0.000342566
1,8,0.000355035,0.000340216,0.00037588,0.000354061,0.000345912
1,8,0.000346475,0.000340126,0.00035447,0.000345721,0.000346413
1,8,0.00034441,0.000339481,0.000352112,0.000343737,0.000342365
1,8,0.000349228,0.00034506,0.000352956,0.000349299,0.000346603
1,8,0.000345447,0.000340413,0.000349661,0.00034524,0.000341984
1,8,0.000346494,0.000340822,0.000350601,0.000346616,0.000344899
1,8,0.000346811,0.000340985,0.000356429,0.000346506,0.000342395
1,8,0.000346479,0.000340371,0.000352913,0.000346417,0.000344199
1,8,0.000349736,0.000346172,0.00035441,0.000349334,0.000353446
1,8,0.000344475,0.000338329,0.000351102,0.000343987,0.000341683
1,8,0.000346986,0.000342688,0.000351833,0.000346814,0.000343738
1,8,0.000344286,0.000340873,0.000349617,0.000344073,0.000341733
1,8,0.000348046,0.000342994,0.000352532,0.00034798,0.000346573
1,8,0.000347756,0.000342607,0.000351542,0.000347585,0.00034544
1,8,0.000350091,0.000342936,0.000365267,0.000346557,0.0003555
1,8,0.000349546,0.00034009,0.000359579,0.000349819,0.000356072
1,8,0.000344439,0.000338399,0.000351723,0.000343516,0.000341183
1,8,0.000346826,0.000341595,0.000351335,0.000346918,0.000343657
1,8,0.000344215,0.000340899,0.000347455,0.000344368,0.000342755
1,8,0.000344952,0.000340098,0.000351863,0.000344149,0.000342655
1,8,0.000345869,0.000341665,0.000351703,0.000345879,0.000344499
1,8,0.000343722,0.0003395,0.000348144,0.000343832,0.000341573
1,8,0.000348633,0.000343268,0.00035545,0.000348235,0.00034507
1,8,0.000344045,0.000339595,0.000348214,0.000344242,0.000341783
1,8,0.000346021,0.000341564,0.00035015,0.000345866,0.000341564
1,8,0.000344483,0.000338229,0.000349907,0.000344196,0.000341753
1,8,0.000352623,0.000341954,0.000370618,0.000348705,0.000345982
1,8,0.000346221,0.000337966,0.00035578,0.000346732,0.000345131
1,8,0.000344339,0.00033991,0.000350497,0.00034369,0.000342354
1,8,0.000345897,0.000339342,0.000349089,0.000346197,0.000340812
1,8,0.000344275,0.000340111,0.000349039,0.000344222,0.000343016
1,8,0.000348358,0.000342956,0.000354655,0.000347995,0.000344339
1,8,0.000343647,0.000339179,0.000347686,0.000343625,0.000342786
1,8,0.000345818,0.000341576,0.000350692,0.000345159,0.000344489
1,8,0.00034469,0.000340643,0.000348166,0.000344411,0.000343206
1,8,0.0003509,0.000340141,0.000374226,0.000345456,0.000340141
1,8,0.000351851,0.000343829,0.000370954,0.000347384,0.00036576
1,8,0.000344949,0.000337628,0.000351745,0.000345045,0.000340692
1,8,0.000345846,0.000341583,0.000349327,0.000345649,0.000344489
1,8,0.000344658,0.00033967,0.000350941,0.000343712,0.000340632
1,8,0.000346773,0.000343108,0.000350512,0.000347024,0.000344439
1,8,0.000347837,0.000342896,0.000353616,0.000347529,0.000346873
1,8,0.000343953,0.00033914,0.00034946,0.000343417,0.000340621
1,8,0.000346779,0.000341536,0.000350718,0.000346436,0.000343487
1,8,0.000344424,0.000340483,0.000348224,0.000344665,0.000343057
1,8,0.000345864,0.000341936,0.000349548,0.000345565,0.000343227
1,8,0.00035328,0.00033907,0.000372112,0.000348962,0.000341643
1,8,0.000349381,0.00034494,0.000357784,0.00034875,0.000347716
1,8,0.000347725,0.000342997,0.000353959,0.000347634,0.000345872
1,8,0.000345322,0.000339219,0.000353034,0.000345149,0.000341713
1,8,0.000349287,0.000345201,0.000356562,0.000348787,0.000347514
1,8,0.00034415,0.000340313,0.000350983,0.000343139,0.000341844
1,8,0.000345534,0.000340322,0.00035129,0.000345165,0.000341583
1,8,0.000344664,0.000340514,0.000348044,0.000344694,0.000341443
1,8,0.000346212,0.000340884,0.000350903,0.000346427,0.000343127
1,8,0.000345818,0.000340923,0.000354979,0.000345634,0.000344098
1,8,0.000359776,0.000339751,0.000416836,0.00035016,0.000341864
1,8,0.0004019,0.000339609,0.000428372,0.000402994,0.000408814
1,8,0.000344349,0.00033923,0.000351532,0.000343585,0.000342175
1,8,0.00034712,0.000340188,0.000355188,0.000346424,0.000344138
1,8,0.0003472,0.000341993,0.000353482,0.000346659,0.000347394
1,8,0.000346554,0.000341613,0.000350258,0.000346543,0.000343046
1,8,0.000344755,0.000338359,0.000352001,0.000344486,0.000341533
1,8,0.000344862,0.000338423,0.000350911,0.000345011,0.000342034
1,8,0.000345831,0.000341884,0.000350678,0.000345707,0.000345671
1,8,0.000345084,0.000339312,0.000355831,0.000344579,0.000341493
1,8,0.000346393,0.000339439,0.000353636,0.000346909,0.000348567
1,8,0.000345212,0.00033903,0.000352141,0.000345351,0.000342305
1,8,0.000346987,0.000341344,0.000354066,0.000346919,0.000344579
1,8,0.00034592,0.000340651,0.000349922,0.00034595,0.000340651
1,8,0.00034527,0.000336555,0.000352084,0.000345315,0.000342506
1,8,0.000346515,0.000341805,0.000355518,0.000345783,0.00034497
1,8,0.000344093,0.000338287,0.000351179,0.000343862,0.000343126
1,8,0.000345951,0.000340904,0.000349419,0.000345801,0.000343657
1,8,0.000344823,0.000338669,0.000348828,0.000344684,0.000342255
1,8,0.000346015,0.000341375,0.000349168,0.00034621,0.000342766
1,8,0.000345195,0.000340183,0.00035073,0.000345063,0.000342004
1,8,0.00034468,0.00033937,0.000349528,0.000344633,0.000341182
1,8,0.000345983,0.000341829,0.000353366,0.000345521,0.000343096
1,8,0.000350677,0.000342651,0.000368394,0.000347404,0.00034521
1,8,0.000346974,0.000341474,0.000353397,0.000346437,0.000348286
1,8,0.000344772,0.000339581,0.00034997,0.000344341,0.00034475
1,8,0.000346195,0.000340721,0.000351411,0.000345591,0.000344008
1,8,0.000343878,0.000339451,0.000347795,0.000343764,0.000341804
1,8,0.00034516,0.000337808,0.000349609,0.000345105,0.000342455
1,8,0.000345914,0.00034145,0.000348327,0.000346128,0.000344169
1,8,0.000344855,0.000340544,0.00034905,0.00034477,0.000342665
1,8,0.000349475,0.000342054,0.000356232,0.000349562,0.000351061
1,8,0.000347347,0.00033972,0.000351685,0.000348082,0.000341332
1,8,0.000349573,0.00034484,0.000353306,0.000349598,0.000347986
1,8,0.000344546,0.000339171,0.000348867,0.000344067,0.000341573
1,8,0.000345661,0.000337226,0.000352644,0.00034598,0.000346102
1,8,0.000345608,0.000340494,0.000352612,0.000345059,0.000342616
1,8,0.000344402,0.000340263,0.000348448,0.000344388,0.000341413
1,8,0.000346535,0.000340533,0.000351561,0.000346557,0.000342906
1,8,0.000344328,0.000339696,0.000347164,0.000344484,0.000343257
1,8,0.000350126,0.0003454,0.000359737,0.000349334,0.000347825
1,8,0.000344452,0.000338368,0.000351535,0.000343416,0.000341944
1,8,0.000347417,0.000338616,0.000351281,0.000347514,0.000347715
1,8,0.000347052,0.000340604,0.000353437,0.000346213,0.000341784
1,8,0.000344415,0.000339064,0.000349136,0.000343751,0.000342515
1,8,0.000346117,0.000342487,0.000348637,0.000346211,0.000344258
1,8,0.000344196,0.00033875,0.000348545,0.000343832,0.000340471
1,8,0.000347358,0.000342486,0.000351914,0.000347012,0.00034475
1,8,0.000344294,0.000340954,0.000349054,0.000344079,0.000343347
1,8,0.000345113,0.000338369,0.000349029,0.000345163,0.000342946
1,8,0.000346768,0.000342106,0.000354468,0.000346543,0.000343677
1,8,0.000344563,0.000338879,0.000351582,0.000343791,0.000341804
1,8,0.000348712,0.000343877,0.000351885,0.000348742,0.000344669
1,8,0.000344233,0.00033849,0.000348167,0.000344335,0.000341112
1,8,0.000346784,0.000342247,0.000350571,0.000347004,0.000342445
1,8,0.000345132,0.000340884,0.000349247,0.000344848,0.000341964
1,8,0.000348099,0.000338106,0.000353178,0.000348331,0.000346833
1,8,0.000346293,0.000341644,0.000350068,0.000346412,0.000342656
1,8,0.000344051,0.000339671,0.000348114,0.000344126,0.000342154
1,8,0.000346187,0.000341914,0.00035464,0.000345782,0.000341914
1,8,0.000344577,0.000339989,0.000347704,0.000344648,0.000341483
1,8,0.000348092,0.00034443,0.000350728,0.00034816,0.000346382
1,8,0.000344958,0.000340433,0.000349348,0.000344648,0.000343266
1,8,0.000346143,0.000341303,0.000349268,0.000346318,0.000345842
1,8,0.000347344,0.000341815,0.000353677,0.000347058,0.000343127
1,8,0.000344295,0.00033644,0.000350201,0.000344375,0.000345401
1,8,0.000345933,0.000340572,0.000351632,0.000345034,0.000340572
1,8,0.000344547,0.000340263,0.000347884,0.000344664,0.000340842
1,8,0.000345764,0.000340582,0.000350601,0.000345387,0.00034487
1,8,0.000344005,0.000339069,0.000347953,0.000344166,0.000341072
1,8,0.000346193,0.000341944,0.00034999,0.000346168,0.000343607
1,8,0.000351721,0.000345243,0.000361472,0.000351731,0.000347435
1,8,0.000346343,0.000340289,0.000351404,0.000346261,0.000343187
1,8,0.00034738,0.000341465,0.000351782,0.000347598,0.000343858
1,8,0.000344325,0.000339035,0.000348145,0.000344612,0.000344479
1,8,0.00034732,0.000340854,0.000352164,0.000347414,0.000343237
1,8,0.00034427,0.000337876,0.000347504,0.000344939,0.000342906
1,8,0.0003463,0.000341974,0.00035099,0.000346087,0.000345912
1,8,0.000346602,0.000339873,0.00035513,0.000346281,0.000343066
1,8,0.000345323,0.000340813,0.000348587,0.000345515,0.000342856
1,8,0.000352455,0.000347456,0.000360851,0.000351882,0.000350521
1,8,0.000344385,0.000337898,0.000352593,0.000343006,0.000341924
1,8,0.000345973,0.000341603,0.000349778,0.00034572,0.000341684
1,8,0.000344416,0.000340353,0.000348438,0.000344123,0.000342746
1,8,0.000345907,0.00033984,0.00035022,0.00034587,0.000343748
1,8,0.000345804,0.000339881,0.000350159,0.000345937,0.000343748
1,8,0.00034457,0.000341964,0.000347785,0.000344488,0.000343687
1,8,0.000347211,0.000340672,0.000351283,0.000347274,0.000344318
1,8,0.000344662,0.0003398,0.000350109,0.000343627,0.000340902
1,8,0.000346019,0.000341262,0.000350561,0.000346121,0.000343567
1,8,0.000346669,0.000341744,0.000351471,0.000346763,0.000343918
1,8,0.000346157,0.000338885,0.00035136,0.000346191,0.000343728
1,8,0.000346144,0.000343016,0.000351704,0.000346226,0.000344479
1,8,0.000344116,0.000338574,0.000347632,0.000344338,0.000342035
1,8,0.000346265,0.000341725,0.000352264,0.000345948,0.000343076
1,8,0.000344008,0.00033869,0.000348097,0.000343937,0.000342365
1,8,0.000347626,0.000341413,0.000351712,0.000347785,0.000342865
1,8,0.000344838,0.000339139,0.000347785,0.000345435,0.000343287
1,8,0.000345265,0.000338538,0.00034942,0.00034541,0.000342205
1,8,0.000348819,0.000343086,0.000357905,0.000348867,0.000343086
1,8,0.000344437,0.000338708,0.000350919,0.000344222,0.000342846
1,8,0.000345797,0.000340012,0.000349927,0.000345554,0.000341864
1,8,0.000343983,0.00034008,0.000346981,0.000343917,0.000341934
1,8,0.000346482,0.000340782,0.000350871,0.00034614,0.000340782
1,8,0.000344284,0.000339751,0.000348684,0.000344208,0.000342816
1,8,0.000347128,0.000343347,0.000351893,0.0003469,0.000348828
1,8,0.000344865,0.00033949,0.000349819,0.000344559,0.000341924
1,8,0.000344115,0.000339911,0.000347614,0.000344248,0.000340582
1,8,0.000346903,0.000341395,0.000354259,0.000346943,0.000342676
1,8,0.000347168,0.000343409,0.000350589,0.000347259,0.000344439
1,8,0.000347116,0.000343308,0.000352143,0.000346735,0.000345371
1,8,0.000344606,0.000339764,0.000349277,0.000344467,0.000342836
1,8,0.000350431,0.000342908,0.000357015,0.000350795,0.000343747
1,8,0.000345374,0.000338265,0.000350871,0.000345488,0.000346002
1,8,0.00034424,0.00033968,0.000349928,0.000343841,0.000341403
1,8,0.000349011,0.000343397,0.000356739,0.000349563,0.000345982
1,8,0.000344998,0.000338335,0.000349029,0.000345273,0.000345712
1,8,0.000346457,0.000341052,0.000351813,0.000345752,0.000342956
1,8,0.000344317,0.000340382,0.000348885,0.000344162,0.000343176
1,8,0.000349825,0.000345178,0.000353427,0.000350009,0.000347665
1,8,0.000348646,0.000342948,0.000355568,0.000348256,0.00034513
1,8,0.000346736,0.00033719,0.000353535,0.000347018,0.000345891
1,8,0.000346651,0.000343067,0.000350011,0.000346487,0.00034469
1,8,0.000344206,0.000339351,0.00034912,0.000343647,0.000341774
1,8,0.000346551,0.000340683,0.000352764,0.000346707,0.000343467
1,8,0.000343957,0.000339481,0.000348185,0.000343905,0.000342334
1,8,0.000346032,0.000341534,0.000349449,0.000346074,0.000343658
1,8,0.000345392,0.000340393,0.00034951,0.000345185,0.000342285
1,8,0.00034709,0.000339976,0.000352985,0.000347086,0.000344118
1,8,0.000346578,0.000341465,0.000350832,0.000346636,0.000342916
1,8,0.000343754,0.000339311,0.000348075,0.000343972,0.000340632
1,8,0.000347542,0.000341162,0.000352765,0.000347154,0.000344669
1,8,0.000344573,0.000340149,0.000348878,0.000344583,0.000343557
1,8,0.000345694,0.000341464,0.000348416,0.000345887,0.000342074
1,8,0.000344714,0.000340642,0.000350428,0.000344623,0.000341954
1,8,0.000344355,0.00034051,0.000349258,0.000344152,0.000342144
1,8,0.000347172,0.000339532,0.000352254,0.000347236,0.000342205
1,8,0.000344726,0.000341506,0.000348946,0.000344609,0.000345521
1,8,0.000348253,0.000343141,0.000353055,0.000348072,0.000343146
1,8,0.000343815,0.000339848,0.000347726,0.000343646,0.000342285
1,8,0.00034725,0.000341685,0.000352065,0.000347243,0.000343437
1,8,0.000344845,0.000340963,0.000347985,0.00034486,0.000341593
1,8,0.00034449,0.000339459,0.000349927,0.000344299,0.000340511
1,8,0.000346328,0.000341676,0.000350452,0.000346233,0.000343316
1,8,0.000344585,0.000338739,0.000348816,0.000344597,0.000340321
1,8,0.000349221,0.000345041,0.000353938,0.000348678,0.000345371
1,8,0.000344632,0.000338606,0.000348847,0.000345496,0.000347034
1,8,0.000348847,0.000341755,0.00035433,0.000348219,0.000344609
1,8,0.00034494,0.000340654,0.000349518,0.000344898,0.000341994
1,8,0.000344333,0.00033652,0.000350468,0.000344179,0.000341373
1,8,0.000346162,0.000341574,0.000350993,0.00034595,0.000342706
1,8,0.000345227,0.000341664,0.000349484,0.000345179,0.000343497
1,8,0.000351842,0.000342688,0.000360861,0.000351955,0.000344479
1,8,0.000344345,0.000337423,0.000349787,0.000343821,0.000347084
1,8,0.000347125,0.000341623,0.000352934,0.000346609,0.000346012
1,8,0.000344673,0.00033994,0.00035002,0.000344595,0.000341292
1,8,0.000345079,0.000339097,0.000348578,0.000345369,0.000342134
1,8,0.000348512,0.000343328,0.000354938,0.000348208,0.000344439
1,8,0.000344251,0.000340371,0.000348536,0.000344278,0.000343367
1,8,0.000346991,0.000342325,0.000353427,0.000346759,0.000344619
1,8,0.000347044,0.000341264,0.000351912,0.00034716,0.000343227
1,8,0.000347914,0.000341849,0.000352373,0.00034853,0.000343106
1,8,0.000344249,0.000340476,0.000347935,0.000344139,0.000343688
1,8,0.000344433,0.000337908,0.000351331,0.000343907,0.000341584
1,8,0.000346418,0.000342498,0.000353186,0.000346191,0.000342666
1,8,0.00034429,0.000341623,0.000348654,0.000344177,0.000344329
1,8,0.00034795,0.000342537,0.000352474,0.000347908,0.000344339
1,8,0.000344767,0.00033906,0.000347823,0.000344898,0.000340611
1,8,0.000346103,0.000341393,0.00035234,0.000345611,0.000345431
1,8,0.00034419,0.000337666,0.000351972,0.00034301,0.000342014
1,8,0.000344504,0.000339872,0.000348397,0.000344539,0.000344549
1,8,0.000346594,0.000341385,0.000351383,0.000346297,0.000342435
1,8,0.000345116,0.000338938,0.00035015,0.000344823,0.000340922
1,8,0.000346288,0.000343387,0.000349711,0.000346322,0.00034504
1,8,0.000344272,0.000339898,0.000349499,0.000343772,0.000343868
1,8,0.000346233,0.000340701,0.000352254,0.000346191,0.000344159
1,8,0.000347413,0.000340833,0.000351732,0.000347468,0.000342445
1,8,0.000344782,0.00033925,0.000348096,0.000344919,0.000344188
1,8,0.000346302,0.000342611,0.00035006,0.000346316,0.00034516
1,8,0.000344544,0.00033889,0.000349116,0.000344172,0.000341683
1,8,0.000346698,0.000341613,0.000349809,0.000346933,0.000342806
1,8,0.00034449,0.000339832,0.000347397,0.00034448,0.000341062
1,8,0.000345909,0.000342538,0.000350209,0.000345709,0.00034481
1,8,0.000344402,0.000339251,0.000347975,0.000344529,0.000341423
1,8,0.000346027,0.000341062,0.000351983,0.000345541,0.000344139
1,8,0.000348851,0.000342507,0.000353969,0.000348758,0.00034477
1,8,0.000344274,0.000340161,0.000348376,0.00034402,0.000344038
1,8,0.000345628,0.000340433,0.000350888,0.000345109,0.000342555
1,8,0.000344281,0.00033894,0.000348046,0.000344087,0.000341213
1,8,0.000345852,0.000341415,0.000349429,0.000346081,0.000342636
1,8,0.000344201,0.000340263,0.000348116,0.000344589,0.000342906
1,8,0.000346422,0.000340491,0.000352405,0.00034617,0.000344379
1,8,0.000350442,0.000342726,0.000361058,0.000349347,0.000346753
1,8,0.000345196,0.000340462,0.000349878,0.000345303,0.000346132
1,8,0.000346859,0.000340434,0.000351661,0.00034674,0.000343277
1,8,0.000346888,0.000342614,0.000352133,0.000346892,0.000344619
1,8,0.00034586,0.000340724,0.000349389,0.000346061,0.000342295
1,8,0.00034441,0.000340502,0.000347734,0.000344525,0.000343136
1,8,0.000346674,0.000340962,0.000352496,0.000346353,0.000344108
1,8,0.000346941,0.000342846,0.000354866,0.000346618,0.000344239
1,8,0.000346748,0.000341274,0.000352284,0.000347384,0.000343216
1,8,0.000348257,0.000341674,0.000355542,0.000348162,0.000345491
1,8,0.000344146,0.000338087,0.000351432,0.000342743,0.000342435
1,8,0.000345687,0.000341235,0.000350752,0.000345571,0.000343517
1,8,0.000344223,0.00033998,0.000348403,0.000344038,0.000341714
1,8,0.000349232,0.000338887,0.000354117,0.000349554,0.000346322
1,8,0.000346021,0.000339822,0.000352514,0.000346306,0.000342686
1,8,0.000345035,0.000340233,0.000350309,0.000344993,0.000341884
1,8,0.000346369,0.000342876,0.000350992,0.000346167,0.000345802
1,8,0.000344557,0.000337367,0.000351251,0.000343937,0.000341673
1,8,0.00034586,0.000340603,0.000349479,0.000345784,0.000341553
1,8,0.00034443,0.000338991,0.000349107,0.000344228,0.000341183
1,8,0.000346399,0.000339969,0.000349939,0.000346638,0.000343076
1,8,0.000346012,0.000342487,0.000348575,0.000345945,0.000344539
1,8,0.000347159,0.000342137,0.000351092,0.000346787,0.000344198
1,8,0.000346518,0.000341254,0.000349771,0.000346539,0.000342846
1,8,0.00034437,0.00033976,0.000347332,0.000344439,0.000341293
1,8,0.000345873,0.000341425,0.000349315,0.000345815,0.000342906
1,8,0.000344452,0.000339718,0.000347735,0.000344493,0.000343707
1,8,0.000345698,0.000340361,0.000349428,0.000345852,0.000342475
1,8,0.000346423,0.000341014,0.000351529,0.00034626,0.000343427
1,8,0.000344451,0.000340323,0.000348485,0.000344143,0.000343407
1,8,0.000346016,0.000341005,0.000349649,0.000345656,0.000341984
1,8,0.000344214,0.000338851,0.000348076,0.000343946,0.000340992
1,8,0.00034819,0.000342528,0.000351562,0.000348082,0.000343858
1,8,0.000344111,0.000340642,0.000348195,0.000343822,0.000342215
1,8,0.000345718,0.000334919,0.000350712,0.00034531,0.000342445
1,8,0.000346156,0.000341105,0.000350881,0.000346142,0.000342285
1,8,0.000344552,0.00033991,0.000347972,0.00034423,0.000341202
1,8,0.00034642,0.000342247,0.00034961,0.000346578,0.000343618
1,8,0.000344859,0.000340984,0.000348435,0.000344713,0.000342615
1,8,0.000347388,0.000341333,0.000353297,0.000347605,0.000341333
1,8,0.000346315,0.000341676,0.000348897,0.000346522,0.000343577
1,8,0.000352603,0.000348617,0.000359098,0.000351934,0.000354508
1,8,0.000345244,0.000339029,0.000352623,0.000343894,0.000342725
1,8,0.000344339,0.000340172,0.00034911,0.000344188,0.000341704
1,8,0.000346601,0.000340233,0.000350571,0.000346782,0.000342726
1,8,0.000344536,0.000340201,0.000349527,0.00034458,0.000341363
1,8,0.000346817,0.000341354,0.000350962,0.000346821,0.000343307
1,8,0.000344407,0.000340542,0.000347565,0.000344652,0.000342325
1,8,0.00035026,0.000346073,0.000357212,0.00035017,0.000348347
1,8,0.000345681,0.000339307,0.000353156,0.000345406,0.000343757
1,8,0.00034463,0.000338211,0.000351244,0.000344509,0.000340511
1,8,0.000348903,0.000343459,0.000352191,0.000349157,0.00034503
1,8,0.000344147,0.000341154,0.000347862,0.000344114,0.000341743
1,8,0.000346957,0.000341806,0.00035161,0.000346763,0.000344138
1,8,0.000344193,0.000340153,0.000347662,0.000344168,0.000341032
1,8,0.000346929,0.000341435,0.00035151,0.000346813,0.000343357
1,8,0.000345477,0.000339691,0.000349449,0.000345842,0.000343908
1,8,0.000344816,0.000339541,0.000350648,0.000344824,0.000341073
1,8,0.000346924,0.000343415,0.00034989,0.000347099,0.000344689
1,8,0.000345215,0.00034008,0.00035004,0.000344784,0.000342144
1,8,0.000349681,0.00034386,0.000356363,0.000349553,0.000346232
1,8,0.000344015,0.000340802,0.000347553,0.000343987,0.000342275
1,8,0.000346289,0.000341784,0.000351512,0.000346047,0.000344729
1,8,0.000345645,0.000339891,0.000351282,0.000344945,0.000339891
1,8,0.000345159,0.000339702,0.000349126,0.000345311,0.000342545
1,8,0.000346253,0.000342888,0.000352001,0.000346327,0.000344749
1,8,0.000344518,0.000338576,0.000348623,0.000344648,0.000342856
1,8,0.000346417,0.000342347,0.000350561,0.000346361,0.000344238
1,8,0.000344692,0.00033885,0.000349077,0.000344613,0.000340882
1,8,0.000346987,0.000342936,0.00035061,0.000346842,0.000344589
1,8,0.000347654,0.0003439,0.000352875,0.000347459,0.00034505
1,8,0.00034449,0.00033831,0.000351603,0.000344288,0.000340461
1,8,0.000346304,0.000342386,0.000351111,0.000346106,0.000343998
1,8,0.000344687,0.000340631,0.000348587,0.000344974,0.000344709
1,8,0.000346222,0.000340854,0.000351549,0.00034553,0.000343647
1,8,0.00034469,0.000341253,0.000347575,0.000344599,0.000344008
1,8,0.000346019,0.000340433,0.000349637,0.000345964,0.000342976
1,8,0.000345051,0.00033998,0.000349429,0.000345054,0.00034028
1,8,0.000345284,0.000341085,0.000351003,0.000345305,0.000343577
1,8,0.000348975,0.000343159,0.000356209,0.000348667,0.000343828
1,8,0.000346433,0.000341969,0.000350472,0.000346587,0.000345341
1,8,0.000349465,0.00034604,0.000355191,0.000348952,0.000350501
1,8,0.000344695,0.000337817,0.000351875,0.000343958,0.000341192
1,8,0.000346988,0.000343598,0.000349988,0.000346992,0.000344839
1,8,0.00034543,0.00033906,0.000351152,0.000345179,0.000340832
1,8,0.000345209,0.000340171,0.000350369,0.000345014,0.000341212
1,8,0.000347172,0.000343299,0.000351523,0.00034698,0.000345952
1,8,0.000344165,0.000340692,0.000349136,0.000343819,0.000342675
1,8,0.000351073,0.000346129,0.00035985,0.000349643,0.000351573
1,8,0.000347347,0.00034165,0.00035497,0.000346833,0.000348657
1,8,0.000348849,0.000341997,0.000354448,0.000348947,0.000345461
1,8,0.000344527,0.000338559,0.000348527,0.000345306,0.000345811
1,8,0.000345202,0.00033884,0.000353124,0.000344254,0.000343227
1,8,0.000346333,0.000340022,0.000352105,0.000346526,0.000342334
1,8,0.000344577,0.000340283,0.000347421,0.000344559,0.000341644
1,8,0.000346948,0.000342827,0.000352603,0.000346876,0.000344339
1,8,0.000344698,0.000341734,0.000348317,0.000344594,0.000343457
1,8,0.000346082,0.000341895,0.000351933,0.000345435,0.000344639
1,8,0.000344273,0.000340644,0.000348146,0.000344328,0.000342635
1,8,0.000346025,0.000339742,0.000355539,0.000345151,0.000342986
1,8,0.000347112,0.000342004,0.000352896,0.000346487,0.000345671
1,8,0.000345117,0.000340414,0.000350551,0.000344893,0.000342305
1,8,0.00034623,0.000342457,0.000349931,0.000346036,0.000343858
1,8,0.000345065,0.000338587,0.000349948,0.000344808,0.000341694
1,8,0.000346375,0.000342047,0.000349819,0.000346324,0.00034535
1,8,0.000344757,0.000339339,0.000347996,0.000344808,0.000342606
1,8,0.000344238,0.000337743,0.000347843,0.000344014,0.000342445
1,8,0.000346466,0.000341886,0.000349129,0.000346369,0.000342976
1,8,0.000346905,0.000342145,0.000350356,0.000346903,0.0003451
1,8,0.00034604,0.000341982,0.000349448,0.000346178,0.000343607
1,8,0.000344382,0.000339761,0.000349099,0.000344424,0.000340642
1,8,0.00034588,0.000342385,0.000352362,0.000345155,0.000344038
1,8,0.000344124,0.000340834,0.000348437,0.000343727,0.000343176
1,8,0.000344814,0.000339899,0.000348647,0.000344654,0.000344549
1,8,0.000346262,0.000341669,0.000351683,0.000345552,0.000344809
1,8,0.000344234,0.000339983,0.000348537,0.000343872,0.000341313
1,8,0.000345666,0.000341955,0.000350367,0.000345304,0.000344249
1,8,0.000344272,0.00033912,0.000348578,0.000344198,0.000341172
1,8,0.000348531,0.000342647,0.000351762,0.000348588,0.000345261
1,8,0.000344075,0.000338499,0.000348086,0.000343973,0.000340781
1,8,0.000349107,0.000342284,0.000356551,0.000348812,0.000346262
1,8,0.000349979,0.000345762,0.00035709,0.000350016,0.000346393
1,8,0.000344801,0.000339309,0.00035043,0.000344684,0.000343067
1,8,0.000346763,0.000342497,0.000355292,0.000345917,0.000344098
1,8,0.000344348,0.000340039,0.0003503,0.000343893,0.000343467
1,8,0.000345843,0.000341385,0.000350011,0.000345735,0.000343357
1,8,0.0003451,0.000340242,0.000348408,0.000345034,0.000341894
1,8,0.000349526,0.000343507,0.000353293,0.000349723,0.000347334
1,8,0.000350185,0.000343138,0.00035984,0.000348988,0.000345851
1,8,0.000345365,0.000341793,0.000352593,0.000344508,0.000342385
1,8,0.000346793,0.000340907,0.000352393,0.000346441,0.000343306
1,8,0.000344414,0.000339105,0.000348974,0.000344622,0.000344479
1,8,0.000346542,0.000340451,0.000351633,0.000346032,0.000344008
1,8,0.000344648,0.000340412,0.000347734,0.000344798,0.000342616
1,8,0.00034618,0.000340881,0.000350719,0.000346067,0.000344028
1,8,0.000347231,0.00034234,0.000356563,0.000346771,0.00034493
1,8,0.000344887,0.000340821,0.000348946,0.000345116,0.000342866
1,8,0.000347981,0.000344872,0.000352065,0.000347849,0.000347425
1,8,0.000344776,0.000338319,0.000348466,0.000344764,0.000341644
1,8,0.000346607,0.000342074,0.000353583,0.000346132,0.000344499
1,8,0.000344597,0.00034105,0.000349209,0.00034447,0.000342375
1,8,0.000346741,0.000341403,0.00035037,0.000346877,0.0003454
1,8,0.000346637,0.000340583,0.000353564,0.000346482,0.000344038
1,8,0.000344639,0.000339611,0.000349559,0.000344485,0.000341884
1,8,0.000346167,0.000341595,0.000350853,0.000345812,0.000343697
1,8,0.000344281,0.000339991,0.000349006,0.000343902,0.000342254
1,8,0.000348447,0.00034387,0.000352855,0.000348362,0.000345971
1,8,0.00034396,0.000339039,0.000347456,0.000343913,0.000341584
1,8,0.000346305,0.000341012,0.000349741,0.000346567,0.00034491
1,8,0.000346544,0.000341745,0.000349899,0.000346548,0.000344659
1,8,0.000344602,0.000339361,0.000349407,0.000344443,0.000344299
1,8,0.000346483,0.000340484,0.000352864,0.000346087,0.000343247
1,8,0.000344108,0.000339519,0.000349969,0.000343563,0.000342735
1,8,0.000347162,0.000343547,0.000351312,0.000347279,0.000345451
1,8,0.000343967,0.00033956,0.000350582,0.00034322,0.000340862
1,8,0.000345508,0.00034113,0.000349989,0.000345378,0.000344118
1,8,0.000348219,0.000342306,0.000353856,0.00034805,0.00034497
1,8,0.00034435,0.000339401,0.000347451,0.000344417,0.000343337
1,8,0.000346241,0.000341024,0.000349707,0.000346222,0.000343677
1,8,0.000344879,0.000340391,0.000348297,0.000345019,0.000343417
1,8,0.000348976,0.000343066,0.000355059,0.000349103,0.000343066
1,8,0.00034776,0.000342006,0.000351902,0.00034799,0.000342936
1,8,0.000346487,0.000335651,0.000350967,0.000346484,0.00034513
1,8,0.000347174,0.000342475,0.000353977,0.000346774,0.000344339
1,8,0.000345739,0.000339419,0.000352234,0.000345646,0.000342856
1,8,0.000348842,0.000344101,0.000353353,0.000348887,0.000346573
1,8,0.000345428,0.00034116,0.000349919,0.000344912,0.000344148
1,8,0.000346392,0.000340792,0.000350257,0.000346541,0.000340792
1,8,0.000344732,0.000340822,0.000348726,0.000344803,0.000343928
1,8,0.000350046,0.000344664,0.00035945,0.000349528,0.000346543
1,8,0.000344956,0.00033914,0.00035104,0.000344302,0.00034483
1,8,0.000344708,0.000338558,0.000349277,0.00034458,0.000340671
1,8,0.000346884,0.000343299,0.000352815,0.000346457,0.000344399
1,8,0.000344762,0.000340313,0.000351302,0.000344339,0.000341653
1,8,0.000346023,0.000342207,0.000349358,0.000346043,0.000343918
1,8,0.000347316,0.000343039,0.000351383,0.000347093,0.000344649
1,8,0.000347934,0.000342597,0.000353046,0.000347978,0.000344169
1,8,0.000344676,0.000339971,0.000350498,0.000344237,0.000343177
1,8,0.000345191,0.000340351,0.000348834,0.00034548,0.000341594
1,8,0.000346754,0.000340954,0.000353577,0.000345711,0.000343457
1,8,0.000344607,0.00033967,0.000351609,0.000343853,0.000344028
1,8,0.000346518,0.000342553,0.000350661,0.000346558,0.000344059
1,8,0.00034481,0.000338668,0.000348696,0.000344888,0.000343287
1,8,0.000346208,0.000340512,0.000351051,0.00034588,0.000341313
1,8,0.000346347,0.000341443,0.000353395,0.000346176,0.000345441
1,8,0.000345001,0.000339404,0.000352062,0.00034479,0.000343868
1,8,0.000346859,0.000342756,0.00035086,0.000346754,0.000343567
1,8,0.000344615,0.000340343,0.000349515,0.000344498,0.000340471
1,8,0.000346025,0.000342285,0.00035125,0.000345637,0.000344189
1,8,0.000344628,0.00033986,0.000348317,0.000344612,0.000341874
1,8,0.000346349,0.000342145,0.000349508,0.000346451,0.000343567
1,8,0.000346188,0.000341043,0.000359308,0.000345369,0.000342716
1,8,0.000344555,0.00033901,0.000352954,0.000343223,0.000343176
1,8,0.000346988,0.000342475,0.000354395,0.000346427,0.000342475
1,8,0.000347147,0.000341151,0.00035487,0.000347152,0.000347725
1,8,0.000345823,0.000340751,0.000352135,0.000345384,0.000344108
1,8,0.000344393,0.000339221,0.000349179,0.000344197,0.000341704
1,8,0.000346256,0.000341796,0.000349098,0.000346326,0.000343457
1,8,0.000344828,0.000339429,0.000349869,0.000344892,0.000339429
1,8,0.000344314,0.00033986,0.000349308,0.000344187,0.000342284
1,8,0.00034839,0.000342096,0.000357744,0.000347886,0.000347766
1,8,0.000347402,0.000340441,0.000351793,0.00034769,0.000343938
1,8,0.000347585,0.000342906,0.000350742,0.000347785,0.000346793
1,8,0.000344447,0.000340012,0.000348677,0.000344338,0.000342415
1,8,0.000349665,0.000342616,0.000355792,0.000350059,0.000344138
1,8,0.000345035,0.000339586,0.000348927,0.000345322,0.000343066
1,8,0.000345003,0.000340933,0.00035168,0.000344153,0.000343787
1,8,0.000347349,0.000339852,0.000355671,0.000347369,0.000341343
1,8,0.000345076,0.000340511,0.00035076,0.00034502,0.000347745
1,8,0.000350169,0.000343579,0.00036067,0.000349629,0.000345581
1,8,0.000345293,0.000339886,0.000353517,0.000344082,0.00034512
1,8,0.000347218,0.000342737,0.000351071,0.000347182,0.000343657
1,8,0.000345137,0.000340092,0.000351641,0.000344694,0.000342024
1,8,0.000347965,0.000341198,0.000354778,0.000347818,0.000344649
1,8,0.000346403,0.000340112,0.000350117,0.000346312,0.000343327
1,8,0.000344073,0.000339491,0.000347555,0.000344094,0.000341463
1,8,0.00034774,0.000344511,0.000351961,0.000347674,0.000345882
1,8,0.000344415,0.000339297,0.00035012,0.000343356,0.000344148
1,8,0.000346983,0.000341185,0.000351675,0.000347098,0.000343497
1,8,0.000344643,0.000338458,0.000348186,0.000345211,0.000342906
1,8,0.000346492,0.000338925,0.000352865,0.000346202,0.000345441
1,8,0.000347244,0.000342707,0.000350692,0.000347132,0.000344058
1,8,0.000344597,0.000339771,0.000348955,0.000344598,0.000341784
1,8,0.000348686,0.000343788,0.000352226,0.000348727,0.00034512
1,8,0.000344919,0.000341013,0.000350502,0.000344653,0.000343107
1,8,0.000346173,0.000341884,0.000352281,0.000345639,0.000344298
1,8,0.000344712,0.000339069,0.000348096,0.000344824,0.000341123
1,8,0.00034424,0.000339111,0.000348504,0.000344063,0.000342585
1,8,0.000346183,0.000342385,0.000355802,0.000345379,0.000345441
1,8,0.000344872,0.000340792,0.00034975,0.000344939,0.000343788
1,8,0.000345894,0.000341884,0.0003494,0.000345867,0.000343738
1,8,0.000344447,0.000339891,0.000348425,0.000344593,0.000341794
1,8,0.000349161,0.000344229,0.000353095,0.000349117,0.000346132
1,8,0.00034498,0.000339592,0.000348839,0.000344918,0.000340712
1,8,0.000345022,0.000336953,0.000350821,0.00034508,0.000347495
1,8,0.000345912,0.000340343,0.000351854,0.000345118,0.000341283
1,8,0.000344862,0.000339972,0.000349619,0.00034466,0.000341564
1,8,0.000346936,0.000341635,0.000353265,0.000346637,0.000342906
1,8,0.000344616,0.000339541,0.000348888,0.000344608,0.000342876
1,8,0.00034662,0.000341143,0.000350813,0.0003464,0.00034511
1,8,0.000344695,0.000339799,0.000348824,0.000345029,0.000343477
1,8,0.000347773,0.000336134,0.000356713,0.000348185,0.00034494
1,8,0.000349807,0.000341219,0.000355682,0.000349959,0.000349218
1,8,0.000344645,0.000340703,0.000348185,0.000344548,0.000344138
1,8,0.000347386,0.000341586,0.000353687,0.000347906,0.000342996
1,8,0.000344104,0.00034016,0.000348125,0.000344117,0.000343237
1,8,0.000346833,0.000342435,0.00035082,0.000346951,0.00034493
1,8,0.000344697,0.000340924,0.00034985,0.000344554,0.000342766
1,8,0.000347413,0.000342184,0.00035099,0.000347503,0.000346552
1,8,0.000352562,0.000344198,0.000364497,0.00035272,0.000362795
1,8,0.000344955,0.000336626,0.000353603,0.000344328,0.000339039
1,8,0.000349264,0.000345623,0.000353488,0.000349059,0.000347104
1,8,0.000344759,0.000340422,0.000349177,0.00034449,0.000343136
1,8,0.000346857,0.000341055,0.000351705,0.000346718,0.000343988
1,8,0.000344901,0.000340493,0.000348775,0.000345156,0.000341494
1,8,0.000346314,0.000341923,0.000350971,0.000346232,0.000344389
1,8,0.00034786,0.000342407,0.000354726,0.000347683,0.000343777
1,8,0.000344788,0.000336612,0.000351342,0.000344391,0.000344108
1,8,0.000347014,0.000342705,0.000351613,0.000346736,0.00034519
1,8,0.000344061,0.000337752,0.000348728,0.000344068,0.000342556
1,8,0.000347119,0.000341395,0.000352675,0.000346882,0.000342775
1,8,0.000347879,0.000343612,0.000351914,0.000347726,0.000345211
1,8,0.000346226,0.000341232,0.00035007,0.000346356,0.000344098
1,8,0.000346673,0.000342941,0.000353003,0.000346308,0.000344479
1,8,0.000344408,0.00033957,0.00035035,0.000343748,0.000343287
1,8,0.000346043,0.000341595,0.000350221,0.000345647,0.000342064
1,8,0.000344395,0.000340131,0.000348696,0.000344249,0.000341313
1,8,0.000346164,0.000342394,0.000349839,0.000346517,0.000345431
1,8,0.000343736,0.000338088,0.000349786,0.000343232,0.000340411
1,8,0.00034714,0.000342224,0.000350882,0.000347329,0.000345781
1,8,0.000348713,0.000343533,0.000353316,0.000348756,0.000347024
1,8,0.000344842,0.000340032,0.00035127,0.000343861,0.000342045
1,8,0.000346372,0.000341915,0.00035041,0.000346376,0.000345431
1,8,0.000344916,0.00034009,0.00035017,0.000344302,0.000341393
1,8,0.000347092,0.000344214,0.000350025,0.000347047,0.000346152
1,8,0.000344444,0.000338708,0.000349497,0.000344293,0.000340581
1,8,0.000345498,0.000340391,0.000349828,0.000345274,0.000341534
1,8,0.000346417,0.000341806,0.000354167,0.000346403,0.000345571
1,8,0.00034413,0.000340172,0.000347562,0.000344182,0.000342415
1,8,0.000346225,0.000342385,0.000350551,0.000345941,0.000342385
1,8,0.00034809,0.000342956,0.000352385,0.000348262,0.000346352
1,8,0.000351101,0.000345729,0.000360186,0.000350991,0.000348346
1,8,0.000344901,0.000336682,0.000352344,0.000345035,0.00034502
1,8,0.000346375,0.000339737,0.000353016,0.000345434,0.000346342
1,8,0.000346303,0.000340611,0.000353496,0.000345266,0.000344679
1,8,0.00034398,0.0003391,0.000347533,0.000343993,0.000342014
1,8,0.000346064,0.000341725,0.000351143,0.00034572,0.000342875
1,8,0.000344133,0.000340406,0.000349046,0.000343935,0.000343697
1,8,0.000346654,0.000341445,0.000351023,0.000346178,0.000342004
1,8,0.000347255,0.000342185,0.000351552,0.00034767,0.000343457
1,8,0.000350111,0.000336131,0.00035668,0.000350437,0.000346573
1,8,0.000346482,0.000342316,0.000352826,0.000346508,0.000343487
1,8,0.000343876,0.000338344,0.000349327,0.000343291,0.000342786
1,8,0.000346879,0.000341793,0.00035704,0.000346397,0.000344499
1,8,0.000344492,0.000341785,0.000348135,0.000344369,0.000343066
1,8,0.000346331,0.000341765,0.00035146,0.000346025,0.000342845
1,8,0.000345565,0.0003401,0.000349947,0.000345418,0.000341613
1,8,0.000346464,0.000342517,0.000351492,0.000346165,0.000345261
1,8,0.000345056,0.000338839,0.000354488,0.000343971,0.000341783
1,8,0.000347031,0.000342225,0.000351762,0.000347333,0.000346924
1,8,0.000347637,0.000340394,0.000354718,0.000348199,0.000341654
1,8,0.000345745,0.000341773,0.000350239,0.000345531,0.000343767
1,8,0.000346803,0.000341305,0.000350311,0.000346813,0.000343236
1,8,0.000344804,0.000341012,0.000349138,0.000344607,0.000342465
1,8,0.000346845,0.000342081,0.000351503,0.000346627,0.000345521
1,8,0.0003457,0.000340101,0.000350892,0.000345496,0.000343497
1,8,0.000344566,0.000340651,0.000348003,0.00034464,0.000342826
1,8,0.000346222,0.000341664,0.000351242,0.000346348,0.000343376
1,8,0.000344215,0.000338479,0.000347695,0.000344102,0.000341313
1,8,0.000348595,0.000343038,0.000352564,0.000348813,0.000344679
1,8,0.000344653,0.00034142,0.000349949,0.000344794,0.00034485
1,8,0.000346117,0.000340802,0.000351334,0.000345375,0.000342304
1,8,0.000345695,0.00033997,0.000350531,0.000345424,0.000342365
1,8,0.000345303,0.00033901,0.000351463,0.000345044,0.000341423
1,8,0.000347521,0.000343176,0.000351249,0.000347579,0.000344009
1,8,0.00034471,0.000341032,0.000348918,0.000344497,0.000343427
1,8,0.000346175,0.000341194,0.00034994,0.000345979,0.000343266
1,8,0.000344522,0.000339321,0.000348866,0.000344329,0.000341884
1,8,0.00034901,0.000345752,0.000351782,0.000349095,0.000347124
1,8,0.000345262,0.000340331,0.000351002,0.000345073,0.000341183
1,8,0.000345108,0.00033989,0.000350519,0.000345271,0.000342535
1,8,0.000351523,0.000343399,0.000363024,0.000351378,0.000344539
1,8,0.000345703,0.000340371,0.000352825,0.000345506,0.000348867
1,8,0.000347251,0.000343004,0.000351591,0.000347033,0.000346834
1,8,0.000344776,0.000337968,0.000349899,0.000344319,0.000341313
1,8,0.000346516,0.000343348,0.000351722,0.000346511,0.000344639
1,8,0.000345156,0.000339231,0.000351422,0.000344971,0.000341092
1,8,0.000344848,0.000337866,0.000350332,0.000344987,0.000342515
1,8,0.000349612,0.000345451,0.000355418,0.000349504,0.000347635
1,8,0.00034709,0.000341984,0.000352492,0.000347064,0.000342845
1,8,0.000348344,0.000341946,0.00035484,0.000348452,0.000344338
1,8,0.000344316,0.000340602,0.000350669,0.000343646,0.000344419
1,8,0.000346517,0.000341003,0.000350692,0.000346472,0.000343397
1,8,0.00034545,0.000341403,0.000352273,0.000345558,0.000342946
1,8,0.000345353,0.000340532,0.000351683,0.000344869,0.000343046
1,8,0.000345795,0.000341335,0.000350839,0.000345512,0.000342345
1,8,0.000345447,0.000339502,0.000349477,0.000345311,0.000340671
1,8,0.000348779,0.000345984,0.000353536,0.000348521,0.000347054
1,8,0.000344279,0.000339559,0.000350132,0.000343417,0.000342415
1,8,0.000345965,0.000340213,0.00035146,0.000345664,0.000341513
1,8,0.000345859,0.000339852,0.000351321,0.00034559,0.000341643
1,8,0.000345319,0.000338324,0.000349988,0.000345261,0.000341884
1,8,0.000346099,0.000341596,0.000348954,0.000346045,0.000343097
1,8,0.000344598,0.000341394,0.000348958,0.000344459,0.000343607
1,8,0.000347438,0.000343287,0.000352802,0.000346749,0.000348617
1,8,0.000345349,0.00033996,0.000349728,0.00034542,0.000344609
1,8,0.000346699,0.000341466,0.000351589,0.000346637,0.000344249
1,8,0.000347202,0.000343197,0.000350892,0.000347409,0.000345741
1,8,0.000344597,0.000337748,0.000349601,0.00034409,0.000341904
1,8,0.000346488,0.000341725,0.000350037,0.000346458,0.000343287
1,8,0.00034479,0.000341512,0.000347625,0.000344862,0.000344399
1,8,0.000346113,0.000340492,0.000351051,0.000346192,0.000341995
1,8,0.000344767,0.000339629,0.00034957,0.000344907,0.000341733
1,8,0.000347152,0.000342137,0.000351092,0.000347146,0.00034509
1,8,0.000345112,0.000340251,0.000349056,0.000345227,0.000342676
1,8,0.000345568,0.000337083,0.000350131,0.000345621,0.000345792
1,8,0.00034915,0.00034377,0.000355437,0.000348258,0.000346312
1,8,0.00034481,0.000340623,0.000347802,0.000344784,0.000341663
1,8,0.000347321,0.000341535,0.000352194,0.000347424,0.00034497
1,8,0.000344587,0.000340694,0.000347504,0.00034454,0.000342325
1,8,0.000346688,0.000340734,0.000350349,0.000346522,0.000343857
1,8,0.000345831,0.000342076,0.000347916,0.00034588,0.000344469
1,8,0.000346941,0.000339596,0.000351963,0.000347417,0.000349198
1,8,0.000346403,0.000341074,0.000352201,0.000346804,0.000342676
1,8,0.000345333,0.000340121,0.000349557,0.000345299,0.000345961
1,8,0.00034663,0.000340493,0.00035092,0.000346493,0.000342344
1,8,0.000347134,0.000343552,0.000350381,0.000347128,0.000345
1,8,0.000346782,0.000341193,0.000351081,0.00034678,0.000343988
1,8,0.00034498,0.000341379,0.000348524,0.000345009,0.000343497
1,8,0.000347628,0.000340322,0.000354428,0.000348272,0.000346272
1,8,0.000347902,0.000342296,0.000356351,0.000348215,0.000345571
1,8,0.000344023,0.000338997,0.000350642,0.000342855,0.000341523
1,8,0.000346607,0.000342095,0.000349831,0.000346536,0.000344439
1,8,0.000344158,0.000339672,0.000348967,0.000343686,0.000341884
1,8,0.000346503,0.000341645,0.000350682,0.0003464,0.000343737
1,8,0.000345056,0.00033858,0.000349416,0.000345094,0.000341584
1,8,0.000348997,0.000342665,0.000353747,0.000349268,0.000346142
1,8,0.000346814,0.000343836,0.000349781,0.000346718,0.000345391
1,8,0.000344172,0.000337375,0.000349378,0.000344208,0.000342044
1,8,0.000346532,0.000342467,0.000349699,0.000346581,0.000344529
1,8,0.000345243,0.000340371,0.000349607,0.000344557,0.000342204
1,8,0.000347598,0.000341504,0.000352855,0.000347875,0.000344328
1,8,0.000344781,0.000341746,0.000347293,0.000344986,0.000342895
1,8,0.000346518,0.000340952,0.000351281,0.000346638,0.000346373
1,8,0.00034702,0.000340281,0.000352341,0.000346956,0.000340281
1,8,0.000346747,0.000343529,0.000351582,0.000346532,0.000344469
1,8,0.000346587,0.000342257,0.000351453,0.000346293,0.00034465
1,8,0.000344897,0.000339135,0.000348147,0.000345101,0.000343076
1,8,0.000346452,0.000342366,0.000349739,0.000346462,0.000343628
1,8,0.000344804,0.000339091,0.000347473,0.000344919,0.000341873
1,8,0.00034629,0.000342305,0.000349608,0.000346437,0.000343848
1,8,0.00034663,0.000343582,0.000350201,0.000346593,0.000343777
1,8,0.000344885,0.000339751,0.000349879,0.000344434,0.000341804
1,8,0.000346725,0.000341124,0.000350731,0.000346417,0.000344119
1,8,0.000344831,0.000340781,0.000349868,0.000344748,0.000343577
1,8,0.000348689,0.000343627,0.000353904,0.000348105,0.00034523
1,8,0.000344097,0.000340994,0.000347275,0.000344024,0.000343167
1,8,0.000345701,0.00034033,0.000350911,0.000345592,0.000342235
1,8,0.000346731,0.000341796,0.000350069,0.000346666,0.000344269
1,8,0.000344703,0.000340453,0.000348137,0.000344704,0.000342956
1,8,0.000346958,0.000340984,0.00035476,0.000346583,0.000342525
1,8,0.000346636,0.000341335,0.000351071,0.000346848,0.000343116
1,8,0.00034967,0.00034665,0.00035537,0.000348938,0.000352605
1,8,0.000344771,0.000338829,0.000353486,0.000343792,0.000341092
1,8,0.000348662,0.000343476,0.000354187,0.000348586,0.000346482
1,8,0.000346704,0.000341924,0.000352053,0.000346378,0.000344128
1,8,0.000344852,0.000340052,0.000348727,0.000344676,0.000342254
1,8,0.000347087,0.000342177,0.000349789,0.000347182,0.000343668
1,8,0.000344732,0.00034034,0.000348416,0.000345036,0.000343116
1,8,0.00035041,0.000345764,0.000357293,0.000349934,0.000347585
1,8,0.000345474,0.000339569,0.0003548,0.000343943,0.000344248
1,8,0.000347021,0.000337716,0.000352615,0.000347134,0.00034488
1,8,0.000346682,0.000341956,0.00034939,0.000346713,0.000344319
1,8,0.000344662,0.000339781,0.000348384,0.00034467,0.000342465
1,8,0.000348812,0.000342997,0.000353076,0.000348963,0.000344699
1,8,0.000344572,0.000341562,0.000347245,0.000344634,0.000343377
1,8,0.000346794,0.000341092,0.000353212,0.00034667,0.000341092
1,8,0.000344574,0.000340028,0.000349029,0.000344379,0.000343377
1,8,0.000345859,0.000341132,0.000351613,0.000345329,0.000344389
1,8,0.000346705,0.000341714,0.000350422,0.000346968,0.000341714
1,8,0.000345174,0.000340582,0.000349879,0.000344525,0.000342685
1,8,0.000346554,0.000342506,0.000351832,0.000346209,0.000344178
1,8,0.000344305,0.000339639,0.000348917,0.00034414,0.000343787
1,8,0.000348617,0.000344829,0.000352825,0.000348227,0.000348026
1,8,0.000344843,0.000339361,0.000349448,0.000345244,0.000341523
1,8,0.000346649,0.000341536,0.000350918,0.000346682,0.000343006
1,8,0.000344796,0.000341033,0.000348016,0.000344714,0.000342375
1,8,0.000345541,0.000338849,0.000351563,0.000345344,0.000341924
1,8,0.000346167,0.000341936,0.000348768,0.000346156,0.000343638
1,8,0.000344997,0.000339809,0.000348234,0.000344979,0.000343226
1,8,0.000346416,0.000342618,0.000349786,0.000346273,0.000343888
1,8,0.000344609,0.000339762,0.00034932,0.000344437,0.000342145
1,8,0.000346591,0.000341706,0.0003505,0.00034669,0.000342866
1,8,0.000347194,0.000343309,0.000353517,0.000347003,0.000345381
1,8,0.000344956,0.000338695,0.000350813,0.000344541,0.000343958
1,8,0.000346917,0.000341728,0.000351994,0.000346257,0.000344559
1,8,0.00034403,0.000340431,0.000349218,0.000343557,0.000342225
1,8,0.000346109,0.000341676,0.000349379,0.00034608,0.000343828
1,8,0.000344617,0.000340243,0.000349148,0.000344478,0.000342265
1,8,0.000346404,0.000340984,0.000349519,0.000346463,0.000343658
1,8,0.000345387,0.000341052,0.000349559,0.000345283,0.000342946
1,8,0.000348088,0.000341495,0.000354508,0.000348051,0.000347545
1,8,0.00035278,0.000347296,0.000358625,0.000352736,0.000349479
1,8,0.000344471,0.000340459,0.000350122,0.000343805,0.000343797
1,8,0.000346879,0.000342758,0.000351888,0.000346572,0.000344429
1,8,0.000345121,0.00033942,0.000350259,0.000344822,0.000342405
1,8,0.000346435,0.000341966,0.00035066,0.000346051,0.000343377
1,8,0.000346113,0.000341654,0.000349569,0.000345971,0.000343327
1,8,0.000345241,0.000339241,0.000350651,0.000345298,0.000341222
1,8,0.000350744,0.000345327,0.000359487,0.000350339,0.000351042
1,8,0.000345333,0.00034002,0.000353376,0.000345054,0.000343818
1,8,0.000346854,0.000341163,0.000352444,0.000346599,0.000344378
1,8,0.000346847,0.000342406,0.000351293,0.000346847,0.000345852
1,8,0.0003468,0.000341153,0.000351111,0.000346463,0.000343136
1,8,0.000345031,0.000340902,0.000349709,0.000344935,0.000342526
1,8,0.000344412,0.000338429,0.000348729,0.000344309,0.000340431
1,8,0.000347226,0.000342107,0.000354909,0.000346184,0.000344219
1,8,0.000344258,0.00033992,0.000348154,0.00034423,0.000343327
1,8,0.000346113,0.000342947,0.000349809,0.000345947,0.000344489
1,8,0.000344294,0.000338389,0.000348487,0.000344514,0.000341974
1,8,0.000346642,0.000342257,0.000351261,0.000346103,0.000344549
1,8,0.000345836,0.000339612,0.000352365,0.000345704,0.000341103
1,8,0.000345529,0.000336823,0.000351584,0.000345356,0.000341163
1,8,0.000346249,0.000342528,0.000353456,0.000345981,0.000344388
1,8,0.000345038,0.000339177,0.00035077,0.00034482,0.00034487
1,8,0.000346165,0.000341325,0.000351973,0.000345315,0.000342565
1,8,0.000345183,0.000340323,0.00035023,0.000344945,0.000343858
1,8,0.000346738,0.000341575,0.000350461,0.000346779,0.000343667
1,8,0.000344737,0.000340213,0.000348957,0.000344732,0.000341403
1,8,0.000345045,0.000339842,0.000350148,0.00034521,0.000340481
1,8,0.000346237,0.000342726,0.000349846,0.000345924,0.000342726
1,8,0.000347026,0.000342397,0.000349939,0.000347164,0.0003449
1,8,0.000346254,0.000341924,0.000351663,0.000346101,0.000344449
1,8,0.000343692,0.000339822,0.000348968,0.000343326,0.000343467
1,8,0.000347391,0.000341636,0.000350881,0.000347741,0.000344229
1,8,0.000344879,0.000340078,0.000349387,0.000344895,0.000343006
1,8,0.00034406,0.000337788,0.000350009,0.000343583,0.000342004
1,8,0.000346329,0.000340811,0.000351,0.000345972,0.000343917
1,8,0.000344991,0.0003402,0.000348466,0.000345187,0.000341754
1,8,0.000346397,0.000341846,0.00035061,0.000346286,0.000344279
1,8,0.000344368,0.00033876,0.000348718,0.000344417,0.000340752
1,8,0.000351246,0.000344251,0.000356752,0.000351111,0.000347445
1,8,0.000347506,0.000340694,0.000351134,0.00034807,0.000342936
1,8,0.000345912,0.000337094,0.000352485,0.000346293,0.000348687
1,8,0.000346468,0.000341032,0.000356452,0.000344564,0.000341964
1,8,0.000344298,0.000338305,0.0003511,0.000342957,0.000341944
1,8,0.000346225,0.000341786,0.00035064,0.000346332,0.000344338
1,8,0.000344727,0.000340342,0.000348087,0.000344643,0.000342606
1,8,0.00034666,0.000341535,0.00035164,0.000346924,0.000343457
1,8,0.000345206,0.000340599,0.000349205,0.000345344,0.000343698
1,8,0.000349061,0.000338959,0.000358324,0.000348761,0.000349118
1,8,0.000346216,0.00033986,0.000352385,0.000346046,0.00034505
1,8,0.000344387,0.000339717,0.000347536,0.000344621,0.000342825
1,8,0.000346309,0.000341035,0.000350832,0.000346021,0.000342836
1,8,0.000344652,0.000338369,0.000348364,0.000344674,0.000340662
1,8,0.000346316,0.000342582,0.000349618,0.000346337,0.0003449
1,8,0.000344726,0.000339742,0.000348745,0.000344674,0.000340611
1,8,0.000346406,0.000339799,0.000350049,0.000346889,0.000346393
1,8,0.000347425,0.000341454,0.000352655,0.000347183,0.000345521
1,8,0.000344884,0.000340481,0.000348094,0.000344917,0.000342786
1,8,0.000349268,0.000343239,0.000354928,0.00034858,0.00034518
1,8,0.000344443,0.000339579,0.00035042,0.000343997,0.000341864
1,8,0.00034648,0.000340971,0.000350312,0.000346711,0.000342495
1,8,0.000344229,0.000338969,0.000348333,0.000344568,0.000341302
1,8,0.000346253,0.000340553,0.000352865,0.000345694,0.000341724
1,8,0.000346487,0.000342284,0.000351478,0.000346316,0.000344609
1,8,0.000344429,0.000339171,0.000349458,0.000343941,0.000343417
1,8,0.00034705,0.000342036,0.00035012,0.000347212,0.000342706
1,8,0.000344443,0.000339882,0.000348545,0.000344365,0.000342374
1,8,0.000348922,0.000345051,0.000353246,0.000348431,0.000346633
1,8,0.000345215,0.000340032,0.00034926,0.000344949,0.000341624
1,8,0.000345904,0.000340831,0.000349989,0.000346081,0.000345311
1,8,0.00034597,0.000339802,0.000353693,0.000345853,0.000341053
1,8,0.000344117,0.000339348,0.000351581,0.000343373,0.000340702
1,8,0.000347233,0.000343707,0.000352276,0.000346762,0.000348226
1,8,0.000345084,0.000338759,0.000350229,0.000344735,0.000344719
1,8,0.000345909,0.000341503,0.000350942,0.00034518,0.000343247
1,8,0.000344195,0.000338319,0.000348476,0.000344134,0.000340812
1,8,0.000346455,0.000341362,0.000349588,0.000346687,0.000344278
1,8,0.000348355,0.000343907,0.000352926,0.0003481,0.000343907
1,8,0.00034472,0.000339551,0.000348068,0.000344798,0.000343006
1,8,0.000348807,0.00034247,0.00035477,0.000349031,0.000347555
1,8,0.000347349,0.000341946,0.000351861,0.00034773,0.000342625
1,8,0.000348062,0.000342537,0.000352043,0.000347921,0.000343828
1,8,0.000344633,0.000341508,0.000348167,0.000344277,0.000345491
1,8,0.000345995,0.000338644,0.000351572,0.00034565,0.000345651
1,8,0.000346379,0.000340754,0.000353196,0.000346126,0.000341964
1,8,0.000345748,0.000342806,0.000350818,0.000345278,0.000342815
1,8,0.000349626,0.000343389,0.000355661,0.000349412,0.000345701
1,8,0.000345348,0.000340372,0.000347775,0.000345656,0.000342936
1,8,0.000350687,0.000344732,0.000359618,0.00035012,0.000346773
1,8,0.000345124,0.000338257,0.000351963,0.000343832,0.000342204
1,8,0.000346302,0.000342116,0.000349655,0.00034639,0.000344859
1,8,0.000346751,0.000341124,0.000351137,0.000346606,0.000343858
1,8,0.000344561,0.000340363,0.000348998,0.000344358,0.000342705
1,8,0.000346038,0.000341415,0.000348928,0.000346021,0.000342265
1,8,0.00034475,0.000339341,0.000349298,0.000344847,0.000342044
1,8,0.00034761,0.000343428,0.000353606,0.000347563,0.000345611
1,8,0.000346531,0.000340523,0.000354006,0.000345186,0.000345692
1,8,0.000345819,0.000341112,0.000349549,0.000345877,0.000344409
1,8,0.000346487,0.000339761,0.000357735,0.000345975,0.000343868
1,8,0.000344428,0.000338558,0.00035108,0.000343642,0.000342706
1,8,0.000347266,0.000341715,0.000350829,0.000347379,0.000343456
1,8,0.000344092,0.000338971,0.000347735,0.000344535,0.000341694
1,8,0.000346392,0.000341335,0.000351014,0.00034598,0.000341353
1,8,0.000344644,0.000340614,0.000348727,0.000344613,0.000341092
1,8,0.000345938,0.000340672,0.000352024,0.000345443,0.000343918
1,8,0.000348754,0.000342335,0.000352172,0.000348946,0.000343257
1,8,0.000344388,0.000339912,0.000348797,0.000344253,0.000342044
1,8,0.000346211,0.000341232,0.000354626,0.000345547,0.000342556
1,8,0.000345358,0.000341355,0.000349849,0.000345442,0.000343467
1,8,0.000345975,0.000341935,0.000349719,0.000346023,0.000342816
1,8,0.00034395,0.00034002,0.000347716,0.000343836,0.000341263
1,8,0.000347079,0.000341905,0.000350141,0.000347205,0.000342956
1,8,0.000345591,0.000339772,0.000351101,0.000345626,0.000343266
1,8,0.000345469,0.000338175,0.000353856,0.000344981,0.000345531
1,8,0.00034583,0.000340402,0.000352134,0.000345195,0.000341683
1,8,0.000347144,0.000343229,0.00035073,0.000347183,0.000344229
1,8,0.000347218,0.000341694,0.000353375,0.000347076,0.000343397
1,8,0.000344245,0.000338708,0.000349217,0.000344515,0.000342305
1,8,0.000346978,0.000342526,0.000352734,0.000346932,0.000344018
1,8,0.000345916,0.000341435,0.00035012,0.000345706,0.000345701
1,8,0.000347938,0.000340082,0.00035438,0.000348142,0.000341874
1,8,0.000347499,0.000343508,0.000351273,0.000347685,0.000345711
1,8,0.000345204,0.000341595,0.000348547,0.000345081,0.00034481
1,8,0.000347417,0.000342245,0.000351643,0.000347624,0.00034546
1,8,0.000344635,0.000340163,0.000348628,0.000344719,0.000342004
1,8,0.000349219,0.000344932,0.000352677,0.000349098,0.000347244
1,8,0.000344605,0.000339572,0.000349129,0.000344557,0.000342736
1,8,0.00034599,0.00034127,0.000350381,0.00034627,0.000342806
1,8,0.000349953,0.000343217,0.000360851,0.000349841,0.000352594
1,8,0.000344888,0.000339098,0.000353031,0.000343303,0.000341563
1,8,0.000346278,0.000343127,0.00035024,0.00034603,0.000345722
1,8,0.000344053,0.000338958,0.000348956,0.000343928,0.000340381
1,8,0.00034674,0.000343197,0.000351402,0.000346292,0.000344078
1,8,0.000346495,0.000342254,0.000353105,0.000346013,0.000343988
1,8,0.000346184,0.000340009,0.000355197,0.000345229,0.000343597
1,8,0.000347748,0.000344217,0.000353928,0.000347623,0.0003505
1,8,0.000344451,0.000337907,0.000351223,0.000343086,0.000340542
1,8,0.000347161,0.000341474,0.000351702,0.000347515,0.000344509
1,8,0.000343887,0.00033952,0.000348884,0.000343458,0.000340822
1,8,0.000347205,0.000342176,0.000350701,0.000347495,0.000343467
1,8,0.000346798,0.000341856,0.000352132,0.000346838,0.000342915
1,8,0.000344774,0.000337947,0.000349499,0.000344829,0.000341473
1,8,0.000346896,0.000342365,0.000353144,0.000346227,0.000346032
1,8,0.000344476,0.00033959,0.000349408,0.000344409,0.000342786
1,8,0.000348873,0.000344541,0.000352215,0.000348745,0.000347364
1,8,0.000344945,0.000340583,0.000348597,0.000344755,0.000343607
1,8,0.000346937,0.000343229,0.000351672,0.000346738,0.00034494
1,8,0.000345966,0.00033888,0.000351763,0.000345684,0.000341242
1,8,0.000345113,0.000336714,0.000350643,0.00034516,0.000343598
1,8,0.000346309,0.000340383,0.000350581,0.000346164,0.000341523
1,8,0.000344731,0.000340882,0.000348075,0.000344904,0.000343557
1,8,0.000347259,0.000341365,0.000351501,0.000347098,0.000344238
1,8,0.000345147,0.000341009,0.000348657,0.000345276,0.000343978
1,8,0.000349281,0.00034547,0.000352815,0.000349599,0.000348266
1,8,0.000345344,0.000339171,0.000351352,0.000345537,0.000343006
1,8,0.000344091,0.00033895,0.000349981,0.000344197,0.000340601
1,8,0.000346329,0.000341495,0.00035466,0.000346021,0.000342084
1,8,0.000344324,0.000339648,0.000348878,0.000344163,0.000344719
1,8,0.00034634,0.000341297,0.00035168,0.000346599,0.000346923
1,8,0.000345365,0.000339852,0.00034948,0.000345505,0.000344028
1,8,0.000351311,0.000344379,0.000358989,0.000351477,0.000348327
1,8,0.000345518,0.000336861,0.000352543,0.000345602,0.000346052
1,8,0.000345016,0.000338672,0.000350778,0.000344363,0.000343257
1,8,0.000348657,0.000343328,0.00035449,0.00034805,0.000344699
1,8,0.000344541,0.000339993,0.000348085,0.000344518,0.000343867
1,8,0.000347032,0.000341946,0.00035016,0.000347061,0.000343467
1,8,0.000344069,0.000339922,0.000349266,0.000343633,0.000342264
1,8,0.000346635,0.000341294,0.000350081,0.000346563,0.000343747
1,8,0.000347583,0.000342647,0.000353025,0.000347559,0.00034496
1,8,0.000346001,0.000340291,0.00035174,0.000346042,0.000345091
1,8,0.000346733,0.000341956,0.000352573,0.000346166,0.000344389
1,8,0.000344599,0.000340634,0.000349938,0.000344234,0.000341854
1,8,0.000348781,0.000343788,0.000357315,0.000348199,0.000345821
1,8,0.000344352,0.000341854,0.000347685,0.000344219,0.000344008
1,8,0.000346047,0.000341115,0.000352123,0.000345505,0.000343327
1,8,0.000345546,0.000340644,0.000350167,0.000345835,0.000343848
1,8,0.000345191,0.000336219,0.000350341,0.000345069,0.00034486
1,8,0.000346878,0.000341304,0.000354549,0.000346333,0.000343617
1,8,0.000344723,0.000338959,0.000348536,0.000345285,0.000342264
1,8,0.000347124,0.000341446,0.000351242,0.00034718,0.000343657
1,8,0.000345106,0.000340683,0.000349339,0.00034524,0.000342796
1,8,0.000346768,0.000342397,0.000349749,0.00034675,0.000344779
1,8,0.000347145,0.000342626,0.000350591,0.000346997,0.000345641
1,8,0.000344843,0.000336534,0.00035037,0.00034447,0.000345741
1,8,0.000346468,0.000342525,0.00035087,0.000346276,0.000346913
1,8,0.000344597,0.000339151,0.000347975,0.00034455,0.000340281
1,8,0.00034635,0.000341886,0.000349978,0.000346145,0.00034497
1,8,0.000344399,0.000339271,0.000347264,0.000344339,0.000342365
1,8,0.000346852,0.000341734,0.000349971,0.000346804,0.000343848
1,8,0.000345079,0.000338798,0.000348397,0.000345078,0.000342124
1,8,0.000346299,0.000340942,0.000351244,0.000346209,0.000344409
1,8,0.000349012,0.000344078,0.000355149,0.000348516,0.000345672
1,8,0.000344838,0.000340634,0.000349327,0.000344834,0.000342155
1,8,0.00034742,0.000343889,0.000352185,0.000347305,0.000346713
1,8,0.000344671,0.000339462,0.000350719,0.000343828,0.000340962
1,8,0.000345881,0.000343187,0.000349076,0.00034581,0.000344549
1,8,0.000345486,0.000340113,0.0003518,0.00034484,0.000342976
1,8,0.000346706,0.000343156,0.000349438,0.000346734,0.000345721
1,8,0.000346471,0.000341925,0.000351874,0.000346532,0.000342435
1,8,0.000345628,0.00034109,0.000353054,0.000345436,0.000341293
1,8,0.000351493,0.00034554,0.000358356,0.000351042,0.000347965
1,8,0.000347319,0.000341201,0.000351672,0.000347143,0.000346002
1,8,0.000346737,0.000342314,0.000352002,0.000346406,0.000347935
1,8,0.000344429,0.000339279,0.000349539,0.000344358,0.000340772
1,8,0.000346563,0.000341413,0.00034983,0.000346837,0.000345491
1,8,0.000347255,0.000340742,0.000354488,0.00034712,0.000342324
1,8,0.000344035,0.000338347,0.00035013,0.000344084,0.000344098
1,8,0.000348046,0.000342636,0.000356243,0.000347519,0.000344989
1,8,0.000347932,0.000341987,0.000351745,0.000348265,0.000345571
1,8,0.00034818,0.000342876,0.000356441,0.000347886,0.000345111
1,8,0.000344564,0.000340416,0.000351512,0.000343929,0.000342164
1,8,0.00034831,0.000342292,0.000353547,0.000348471,0.000347034
1,8,0.000346958,0.000341536,0.000356011,0.000346413,0.000343006
1,8,0.000344514,0.000338738,0.000350441,0.000344152,0.000342806
1,8,0.000346012,0.000341605,0.000349659,0.000345974,0.000342766
1,8,0.000345089,0.000340494,0.00034926,0.00034494,0.000340762
1,8,0.000346835,0.000342396,0.000351924,0.000346689,0.000345561
1,8,0.000344445,0.000339027,0.000350119,0.000343667,0.00034018
1,8,0.000346248,0.000336972,0.000351593,0.000346135,0.000345
1,8,0.000347294,0.000341344,0.000352784,0.000347104,0.000343878
1,8,0.000347786,0.000340933,0.000352082,0.000348154,0.000344379
1,8,0.00034575,0.000341946,0.000348453,0.000345688,0.000342384
1,8,0.000344265,0.000339442,0.000348647,0.000343795,0.000342626
1,8,0.000346636,0.000342885,0.000351142,0.000346101,0.000347605
1,8,0.000344676,0.000337517,0.000350708,0.000344559,0.000339129
1,8,0.000346108,0.000340812,0.000349881,0.000346296,0.000343256
1,8,0.000346534,0.000342917,0.000350512,0.000346583,0.000345451
1,8,0.0003445,0.00033882,0.000349288,0.000344392,0.000341192
1,8,0.000346609,0.000341175,0.000351102,0.000346431,0.000342485
1,8,0.000344584,0.000341455,0.000348748,0.000344524,0.000343457
1,8,0.000349269,0.000340481,0.000353644,0.000349186,0.000340481
1,8,0.000344523,0.000341214,0.000348207,0.000344503,0.000342976
1,8,0.000346244,0.000340381,0.000351814,0.00034609,0.000343618
1,8,0.000347375,0.000341102,0.000353315,0.00034734,0.000341954
1,8,0.000344099,0.000338336,0.000348788,0.000344369,0.000344289
1,8,0.000345591,0.000340794,0.000351911,0.00034513,0.000342816
1,8,0.000345075,0.000340774,0.000349178,0.000344965,0.000342936
1,8,0.000346581,0.000341584,0.000349887,0.000346966,0.000342115
1,8,0.000344724,0.000339873,0.000347805,0.000344807,0.000342465
1,8,0.000349131,0.000342207,0.000354098,0.000348651,0.000346041
1,8,0.000348364,0.000342576,0.000356088,0.00034775,0.00034494
1,8,0.000346691,0.000341224,0.000353256,0.000346571,0.000346994
1,8,0.000346665,0.000340753,0.000352985,0.000346385,0.000344098
1,8,0.000344242,0.000337975,0.000349267,0.000344661,0.00034551
1,8,0.000346181,0.000340822,0.00035124,0.000345805,0.000341283
1,8,0.000344273,0.00033895,0.000347975,0.000344292,0.000340551
1,8,0.000347246,0.000342156,0.000350731,0.000347175,0.000343537
1,8,0.000345463,0.000342688,0.000349428,0.000345591,0.000345481
1,8,0.000348143,0.000339451,0.000357975,0.000348965,0.000344188
1,8,0.000350295,0.00034482,0.000358495,0.000350288,0.000347505
1,8,0.000344552,0.00033951,0.00035029,0.000343586,0.000344288
1,8,0.000346575,0.000342116,0.000350478,0.000346568,0.000342535
1,8,0.000344454,0.00033911,0.000348597,0.000344329,0.0003402
1,8,0.000346317,0.000340554,0.000349387,0.000346238,0.000342836
1,8,0.00034476,0.000341571,0.000348539,0.000344669,0.000344869
1,8,0.000345656,0.000338419,0.00035127,0.000345971,0.000341503
1,8,0.000346303,0.000342866,0.000352303,0.000345829,0.000346613
1,8,0.000344391,0.000337348,0.000349648,0.000343778,0.000340461
1,8,0.00034929,0.000344682,0.000352211,0.000349386,0.000347154
1,8,0.000345259,0.000340303,0.00034932,0.000344973,0.000341614
1,8,0.000346892,0.000341425,0.000350722,0.000347078,0.000343628
1,8,0.000346036,0.000342044,0.000349107,0.000346366,0.000342866
1,8,0.000345293,0.00034104,0.000350189,0.000345381,0.000344288
1,8,0.000346807,0.000341526,0.000353285,0.000346483,0.000342174
1,8,0.000344805,0.00033976,0.000349325,0.00034504,0.000343236
1,8,0.000346576,0.000342528,0.00034971,0.000346662,0.000342596
1,8,0.000344604,0.000340293,0.000348334,0.000344488,0.000343177
1,8,0.000346258,0.000341445,0.000349019,0.000346243,0.000343508
1,8,0.000348096,0.000342417,0.000351633,0.000348121,0.000343457
1,8,0.000344166,0.000339355,0.000348437,0.000344137,0.000341593
1,8,0.0003448,0.000339481,0.000349268,0.000344457,0.000341193
1,8,0.000343066,0.000339875,0.000347023,0.000342955,0.000343116
1,8,0.000343174,0.000338109,0.000348294,0.00034276,0.000340752
1,8,0.000343016,0.00033886,0.000347095,0.00034294,0.000340311
1,8,0.000342668,0.000336586,0.000347755,0.000342524,0.000339208
1,8,0.000343163,0.000340391,0.000346612,0.000343068,0.000343638
1,8,0.000342406,0.000337628,0.000347744,0.000341657,0.00033953
1,8,0.00034308,0.000337487,0.000346802,0.000343037,0.000340311
1,8,0.000343,0.000338748,0.000346912,0.000343009,0.000340481
1,8,0.000342983,0.000337688,0.000346883,0.000343041,0.000339689
1,8,0.000342732,0.000337507,0.000347587,0.000342421,0.000339769
1,8,0.000342753,0.000338088,0.000348266,0.000342553,0.000340782
1,8,0.000343457,0.000338728,0.000349896,0.000343217,0.000339971
1,8,0.000343076,0.000338419,0.000346192,0.000343169,0.000340531
1,8,0.000343352,0.000338948,0.000348695,0.000342858,0.000341894
1,8,0.000342912,0.000337728,0.000347472,0.000342509,0.000340892
1,8,0.000343145,0.000337547,0.000348618,0.000342898,0.000340521
1,8,0.000342322,0.000338067,0.000346683,0.000342323,0.000340341
1,8,0.000342669,0.000337677,0.000347123,0.000342007,0.000339609
1,8,0.000343267,0.000336966,0.000347654,0.000343336,0.00033952
1,8,0.000342648,0.00033889,0.000345922,0.000342614,0.000340441
1,8,0.00034233,0.000336686,0.000347725,0.000342305,0.000339249
1,8,0.000342832,0.000337748,0.000347746,0.000342503,0.00034001
1,8,0.000342743,0.000337598,0.000346293,0.000342689,0.000340711
1,8,0.000342973,0.000336425,0.000347122,0.000342984,0.00033964
1,8,0.000342502,0.000339699,0.000345902,0.000342577,0.00034001
1,8,0.000342287,0.000338216,0.000346289,0.000341819,0.000339669
1,8,0.000342907,0.000338099,0.000348125,0.000342406,0.00034021
