run_id,msg_size,7_Avg-Duration_s,7_Min-Duration_s,7_Max-Duration_s,7_Median-Duration_s,7_MainRank-Duration_s
1,16777216,0.01422422,0.013690748,0.014343507,0.014299171,0.013795389
1,16777216,0.013906087,0.013660611,0.014020435,0.013931239,0.013890689
1,16777216,0.01410159,0.014033589,0.014151381,0.014104665,0.014093052
1,16777216,0.01388432,0.013505304,0.013983414,0.0139229,0.01392106
1,16777216,0.014086416,0.013674744,0.01415857,0.014124807,0.01411114
1,16777216,0.014249706,0.013555952,0.014416871,0.014368148,0.013555952
1,16777216,0.014262256,0.013464383,0.014443575,0.014376095,0.013464383
1,16777216,0.0143625,0.013662265,0.014522523,0.014477899,0.013662601
1,16777216,0.013990776,0.013694659,0.014111053,0.014012564,0.013749941
1,16777216,0.01419457,0.013707176,0.01433998,0.014290622,0.014286606
1,16777216,0.014386524,0.013757368,0.014559385,0.014508471,0.013757368
1,16777216,0.013920621,0.01363578,0.014042754,0.013989106,0.013895994
1,16777216,0.014347737,0.013751413,0.014493545,0.014451052,0.014372705
1,16777216,0.014114471,0.013815439,0.014203969,0.014155197,0.014161028
1,16777216,0.014482558,0.013827509,0.014630738,0.014581676,0.013884283
1,16777216,0.014322927,0.013809879,0.014455077,0.014412647,0.013809879
1,16777216,0.014458776,0.013523481,0.014619066,0.014572027,0.013523481
1,16777216,0.014368175,0.013633337,0.014524469,0.014475035,0.013633337
1,16777216,0.014072389,0.01385709,0.014147512,0.01409071,0.014064886
1,16777216,0.014358449,0.013656958,0.014507619,0.014461559,0.014448503
1,16777216,0.014380471,0.013942163,0.014459806,0.014434884,0.014435068
1,16777216,0.014020995,0.013745044,0.014107415,0.014055923,0.014065828
1,16777216,0.014141147,0.013759377,0.014219652,0.014173099,0.014164177
1,16777216,0.013748993,0.01364942,0.013827822,0.013782398,0.013784237
1,16777216,0.014399254,0.013773112,0.014528213,0.014495284,0.01450942
1,16777216,0.014409899,0.013553554,0.014590709,0.014551741,0.013553554
1,16777216,0.014271216,0.013993694,0.014432017,0.014232097,0.014432017
1,16777216,0.013714271,0.013611163,0.013805984,0.013742864,0.013611163
1,16777216,0.013790526,0.013676832,0.014006617,0.013722311,0.014006617
1,16777216,0.01370657,0.013573409,0.01381026,0.013749946,0.013749042
1,16777216,0.014245614,0.013629319,0.014335166,0.014295585,0.014297576
1,16777216,0.013621591,0.013444994,0.01368044,0.013629311,0.013444994
1,16777216,0.013980755,0.013668728,0.014204189,0.014022572,0.01388642
1,16777216,0.014011994,0.013583776,0.014127203,0.014085388,0.013603827
1,16777216,0.014370264,0.013625235,0.014524475,0.014479342,0.014243983
1,16777216,0.01369072,0.013539093,0.013802826,0.013709539,0.013539093
1,16777216,0.013580266,0.013546528,0.013621641,0.013579697,0.013547273
1,16777216,0.01426681,0.013529247,0.014405038,0.014328798,0.014378756
1,16777216,0.014474743,0.013931983,0.014631454,0.014590459,0.01396816
1,16777216,0.014457743,0.013824089,0.014535871,0.014507218,0.01450952
1,16777216,0.014199427,0.013746867,0.014306342,0.014267438,0.014263106
1,16777216,0.014436295,0.013616029,0.014594384,0.014559905,0.013616029
1,16777216,0.013841793,0.013633282,0.013946963,0.013884918,0.013881745
1,16777216,0.013706061,0.013537227,0.013880921,0.013655604,0.013880921
1,16777216,0.014509272,0.013887085,0.014659467,0.014609539,0.013887085
1,16777216,0.014118547,0.013510673,0.014246527,0.014199625,0.014202424
1,16777216,0.01444148,0.013910712,0.014566789,0.014533289,0.014544447
1,16777216,0.014028264,0.013909102,0.014089085,0.014046431,0.014026582
1,16777216,0.014348274,0.013572481,0.014536159,0.01449629,0.014489036
1,16777216,0.013990354,0.013758932,0.014081356,0.014004265,0.01378422
1,16777216,0.014369704,0.013523954,0.014537801,0.01449848,0.013523954
1,16777216,0.014377872,0.013454155,0.014541342,0.014497534,0.01449323
1,16777216,0.014294703,0.01355531,0.014441263,0.01440799,0.014414343
1,16777216,0.01377004,0.013594613,0.013845,0.013796846,0.01361859
1,16777216,0.014280148,0.01362777,0.014410904,0.014341531,0.014149189
1,16777216,0.014334224,0.013509727,0.0144747,0.014433829,0.014427721
1,16777216,0.014018828,0.013534211,0.014110092,0.014071395,0.013930535
1,16777216,0.014003756,0.013915632,0.014050389,0.014009485,0.014009411
1,16777216,0.013924236,0.013554563,0.014023876,0.013964324,0.013911745
1,16777216,0.013901518,0.013457003,0.014100968,0.01396263,0.014041352
1,16777216,0.014368244,0.01363445,0.014511098,0.0144632,0.01393737
1,16777216,0.01425085,0.014016036,0.014315351,0.014267944,0.014250619
1,16777216,0.014104837,0.013803709,0.014304717,0.014102867,0.013933889
1,16777216,0.013870973,0.013623988,0.014029171,0.013967984,0.013697279
1,16777216,0.014150912,0.01382803,0.014254777,0.014211001,0.0139858
1,16777216,0.013753952,0.013541121,0.013921061,0.013819058,0.013561719
1,16777216,0.014139018,0.013510445,0.014218094,0.01417741,0.014192774
1,16777216,0.014119697,0.013534682,0.014255257,0.014212281,0.013534682
1,16777216,0.014372134,0.013524197,0.014546818,0.01450262,0.014323603
1,16777216,0.014266167,0.013826353,0.014372274,0.014332811,0.014326777
1,16777216,0.014150951,0.013646408,0.014250199,0.01421049,0.013997989
1,16777216,0.01393397,0.013646681,0.014009498,0.013965304,0.013954995
1,16777216,0.01363835,0.013573625,0.013698806,0.013633276,0.013698806
1,16777216,0.014016812,0.013655671,0.014078503,0.014034918,0.014052638
1,16777216,0.014143767,0.013821968,0.014223212,0.014178426,0.014190934
1,16777216,0.013998449,0.013747082,0.014093733,0.01404665,0.013820006
1,16777216,0.013908512,0.013686115,0.013971452,0.013926738,0.013919035
1,16777216,0.013494301,0.013430919,0.013557318,0.013484252,0.013430919
1,16777216,0.013794068,0.013538544,0.013882337,0.013811326,0.013748648
1,16777216,0.01385118,0.013567716,0.014030316,0.013858712,0.013874701
1,16777216,0.013809463,0.013623938,0.013920525,0.013811015,0.013890766
1,16777216,0.014136829,0.01384255,0.014225226,0.014181602,0.013924734
1,16777216,0.014292699,0.013525009,0.014468479,0.014422564,0.013959765
1,16777216,0.013907553,0.013619122,0.014024195,0.013974473,0.013983241
1,16777216,0.01389968,0.013718653,0.013959844,0.013912246,0.01386939
1,16777216,0.013942873,0.013476898,0.01411632,0.013975947,0.01378531
1,16777216,0.014156853,0.013934235,0.014222933,0.014179214,0.013934235
1,16777216,0.013613236,0.013486846,0.013709008,0.013595862,0.013558068
1,16777216,0.013640917,0.013606843,0.013683747,0.013642472,0.013620269
1,16777216,0.01414733,0.01354977,0.014300009,0.014257271,0.013574242
1,16777216,0.014060143,0.013692875,0.01423146,0.014178766,0.013692875
1,16777216,0.014358087,0.01354654,0.014515356,0.014473634,0.0137584
1,16777216,0.014386086,0.013569426,0.014534233,0.014491019,0.01412743
1,16777216,0.014047385,0.013669038,0.014141197,0.014104936,0.014118784
1,16777216,0.013872448,0.013722924,0.013946567,0.013883082,0.013722924
1,16777216,0.013855119,0.013542299,0.014004037,0.013896428,0.013788759
1,16777216,0.013620465,0.013533999,0.013706768,0.01364023,0.013576177
1,16777216,0.014125594,0.014086613,0.014169705,0.01412426,0.0140899
1,16777216,0.014260106,0.013801497,0.014357102,0.014313154,0.013801497
1,16777216,0.014278827,0.013806854,0.014391081,0.01435639,0.014362938
1,16777216,0.014221893,0.01374692,0.014323525,0.014278258,0.014053029
1,16777216,0.014136121,0.013458405,0.01430009,0.014233825,0.014291886
1,16777216,0.013810582,0.013460965,0.013952403,0.013891516,0.013460965
1,16777216,0.014398028,0.013764714,0.014554042,0.014508955,0.014510396
1,16777216,0.01406496,0.013672339,0.014133526,0.014093765,0.013672339
1,16777216,0.013824224,0.013490752,0.013926891,0.01386501,0.013490752
1,16777216,0.014478466,0.01388694,0.014616643,0.01457633,0.014571985
1,16777216,0.013877815,0.013597641,0.013968932,0.013902031,0.013825839
1,16777216,0.01436209,0.013678975,0.014502709,0.014470969,0.014472457
1,16777216,0.013920957,0.01365082,0.014081605,0.014028283,0.013680786
1,16777216,0.013789931,0.013634413,0.013886624,0.013822136,0.013672555
1,16777216,0.014098794,0.013646454,0.014159199,0.014127789,0.014138537
1,16777216,0.014021576,0.013565637,0.014149463,0.014014213,0.013565637
1,16777216,0.01411778,0.013995595,0.014175179,0.014128653,0.014117044
1,16777216,0.014463717,0.014330949,0.014596069,0.014423614,0.014369648
1,16777216,0.013680921,0.013498921,0.013785287,0.013731482,0.013613893
1,16777216,0.014052224,0.013463411,0.014167679,0.014125951,0.014126132
1,16777216,0.013989913,0.013789665,0.014089828,0.014019903,0.013789665
1,16777216,0.013891125,0.013782659,0.013942396,0.013897652,0.013782659
1,16777216,0.013954281,0.01358031,0.014157105,0.014043371,0.013602643
1,16777216,0.014424229,0.013585113,0.014543719,0.014504178,0.014519922
1,16777216,0.013841234,0.013614579,0.013987963,0.013915565,0.013614579
1,16777216,0.013767731,0.013507941,0.013846534,0.013776873,0.013507941
1,16777216,0.013832478,0.01369326,0.013883148,0.013840446,0.01369326
1,16777216,0.014118535,0.013718276,0.014224427,0.01418085,0.013928179
1,16777216,0.013887627,0.013672818,0.013946644,0.013916447,0.01392232
1,16777216,0.013982572,0.013511361,0.014068263,0.013988683,0.013511361
1,16777216,0.014047254,0.013589429,0.014175918,0.0141332,0.013822698
1,16777216,0.014379185,0.014064435,0.014441973,0.01440364,0.014412408
1,16777216,0.013994442,0.013588779,0.0141536,0.014034592,0.013830718
1,16777216,0.014081516,0.013568309,0.014198341,0.014149139,0.01367905
1,16777216,0.013850367,0.013561308,0.014011927,0.013826584,0.013561308
1,16777216,0.014283382,0.013611573,0.014443808,0.014401501,0.014418792
1,16777216,0.014314113,0.013926889,0.014434256,0.014391274,0.014240429
1,16777216,0.013804992,0.013658765,0.013941517,0.013760673,0.013740262
1,16777216,0.013760805,0.013411205,0.013855544,0.013802797,0.013767611
1,16777216,0.013787802,0.013579933,0.013966866,0.013828017,0.013691088
1,16777216,0.013885954,0.013526797,0.013980461,0.013914099,0.013526797
1,16777216,0.013840247,0.013578206,0.014017322,0.013860493,0.013578206
1,16777216,0.013696969,0.013481146,0.013869512,0.013758675,0.013481146
1,16777216,0.014315032,0.013940544,0.014431638,0.014378108,0.014431638
1,16777216,0.014197068,0.013903265,0.014287676,0.01424546,0.013913654
1,16777216,0.01384741,0.013539631,0.013935395,0.013883276,0.013539631
1,16777216,0.01382742,0.01355935,0.013939829,0.013808117,0.01355935
1,16777216,0.014311199,0.013742625,0.014414168,0.014369386,0.014353123
1,16777216,0.013849335,0.013526669,0.014054396,0.013941995,0.013526669
1,16777216,0.013861974,0.013662548,0.013916814,0.013882203,0.013662548
1,16777216,0.013813363,0.013596045,0.013878854,0.013829126,0.013822304
1,16777216,0.014188718,0.013485887,0.014309115,0.014267816,0.013485887
1,16777216,0.013744725,0.013577328,0.013852986,0.013801254,0.013593792
1,16777216,0.013831799,0.01358314,0.013916906,0.013842154,0.01358314
1,16777216,0.013915094,0.013607495,0.01406228,0.013909184,0.014021167
1,16777216,0.013916185,0.013635189,0.014097184,0.013914864,0.013635189
1,16777216,0.013722933,0.013592794,0.013819324,0.013718241,0.013592794
1,16777216,0.013767778,0.013543946,0.013842638,0.013798208,0.013543946
1,16777216,0.013773435,0.013537884,0.013949071,0.013797842,0.013683642
1,16777216,0.013920246,0.013523812,0.014002328,0.01395939,0.013523812
1,16777216,0.013966546,0.013642221,0.014118106,0.014062411,0.01379386
1,16777216,0.014051924,0.013641685,0.014141118,0.014090205,0.014083998
1,16777216,0.014210246,0.013896344,0.014278939,0.014237071,0.01421513
1,16777216,0.014068635,0.013640969,0.014243754,0.01417889,0.013748258
1,16777216,0.014235138,0.014006496,0.01435444,0.014273652,0.01435444
1,16777216,0.014188424,0.014018239,0.01435304,0.01417477,0.014089411
1,16777216,0.014053785,0.013818387,0.014177099,0.014095176,0.013818387
1,16777216,0.014062528,0.013759857,0.014299881,0.01401997,0.013842431
1,16777216,0.013951883,0.013627796,0.014237867,0.013916367,0.014020803
1,16777216,0.013918876,0.01349987,0.014023192,0.013975987,0.01349987
1,16777216,0.014010729,0.013667043,0.01415076,0.014096602,0.014034785
1,16777216,0.014326052,0.013566863,0.014489295,0.014441861,0.013566863
1,16777216,0.014136118,0.013593052,0.014273077,0.014164108,0.013593052
1,16777216,0.01390312,0.013474497,0.014020816,0.013973325,0.013573288
1,16777216,0.013623509,0.013587244,0.013662229,0.013623142,0.013632043
1,16777216,0.014209561,0.01378354,0.014331596,0.014286305,0.014287037
1,16777216,0.013838229,0.013599886,0.014072217,0.013797354,0.013743147
1,16777216,0.013967024,0.013650441,0.014106971,0.014052811,0.013691404
1,16777216,0.014384207,0.013613078,0.014514434,0.014466305,0.014462539
1,16777216,0.013956406,0.013578698,0.014103616,0.014023596,0.013848399
1,16777216,0.013831207,0.013624679,0.013925479,0.013877809,0.013924738
1,16777216,0.013937579,0.013673016,0.014084468,0.013985619,0.013740842
1,16777216,0.013787568,0.013599352,0.013899285,0.013800519,0.013637049
1,16777216,0.013718529,0.013497427,0.013926308,0.013635034,0.013497427
1,16777216,0.014011374,0.013480782,0.014221522,0.014087993,0.013480782
1,16777216,0.013832592,0.0135959,0.013963235,0.013913509,0.013713334
1,16777216,0.014140173,0.013717778,0.014229057,0.014187201,0.013791775
1,16777216,0.013922955,0.013507963,0.013983295,0.013940641,0.013507963
1,16777216,0.013858862,0.013725782,0.01395776,0.013910647,0.013725782
1,16777216,0.013815751,0.013502223,0.013941052,0.013872082,0.013502223
1,16777216,0.013982884,0.01371192,0.014083614,0.014020946,0.01371192
1,16777216,0.014243013,0.013421644,0.014417123,0.014371798,0.013488431
1,16777216,0.014095558,0.013629109,0.014246243,0.014169221,0.013629109
1,16777216,0.013889537,0.013569486,0.014022212,0.013878196,0.014009686
1,16777216,0.014293653,0.013724465,0.01449797,0.014377078,0.014093243
1,16777216,0.01398693,0.013609399,0.01422728,0.014043442,0.013811319
1,16777216,0.014126774,0.013799759,0.014211894,0.014167526,0.013947636
1,16777216,0.013750356,0.013504385,0.013916828,0.013855032,0.013504385
1,16777216,0.013752029,0.013596834,0.01385286,0.013799214,0.013663363
1,16777216,0.013913376,0.013606377,0.014050739,0.013991596,0.013614459
1,16777216,0.013784972,0.013548574,0.014063732,0.013715955,0.013548574
1,16777216,0.013899695,0.013577724,0.01406185,0.01391531,0.013753885
1,16777216,0.014335801,0.013800329,0.014434576,0.014397331,0.014265108
1,16777216,0.01392269,0.013685476,0.014044257,0.013994465,0.013922897
1,16777216,0.014237163,0.013440354,0.014447859,0.014311447,0.014254887
1,16777216,0.01397256,0.013416241,0.014156375,0.014046889,0.013416241
1,16777216,0.013747909,0.013635637,0.013835246,0.013780891,0.01372901
1,16777216,0.01392157,0.013657839,0.014070773,0.014022651,0.013823759
1,16777216,0.013780554,0.013594533,0.013909955,0.013834765,0.013709864
1,16777216,0.013911954,0.013503692,0.014019384,0.013974479,0.013503692
1,16777216,0.013742197,0.013589129,0.013890649,0.013729964,0.013639544
1,16777216,0.013883884,0.013665122,0.013974954,0.013902278,0.013665122
1,16777216,0.013789766,0.013724749,0.013837663,0.013790846,0.013786905
1,16777216,0.014057843,0.013766115,0.014161443,0.014117673,0.014050138
1,16777216,0.013915907,0.013590987,0.014116582,0.014041869,0.01365353
1,16777216,0.014146765,0.013572835,0.014283596,0.014242459,0.014239852
1,16777216,0.01386759,0.013673045,0.013973018,0.013917821,0.013917638
1,16777216,0.013908364,0.013552081,0.014128033,0.013897952,0.01368419
1,16777216,0.013805859,0.013688637,0.013877367,0.013809862,0.01372873
1,16777216,0.013899479,0.013800887,0.013970853,0.013923555,0.013836584
1,16777216,0.013684798,0.013626159,0.01374336,0.013691751,0.013669662
1,16777216,0.013589956,0.013532187,0.013623328,0.013585828,0.013532187
1,16777216,0.013896119,0.013780788,0.013949438,0.013906396,0.013902249
1,16777216,0.014297204,0.0134831,0.01444941,0.014410832,0.014426177
1,16777216,0.014193993,0.01357006,0.014462428,0.014340115,0.013839881
1,16777216,0.014278179,0.013851993,0.014471893,0.014401458,0.014256605
1,16777216,0.013853227,0.013613098,0.014000312,0.013932326,0.013740285
1,16777216,0.013807613,0.01357309,0.01393747,0.013883867,0.013684526
1,16777216,0.013541534,0.013522,0.013581849,0.013540167,0.013537394
1,16777216,0.013621168,0.013525097,0.013679438,0.013624632,0.01357871
1,16777216,0.013993109,0.013668512,0.014151842,0.014079014,0.013946317
1,16777216,0.013631743,0.013424399,0.013685386,0.013638593,0.013424399
1,16777216,0.013785491,0.013549883,0.013909687,0.013849132,0.013605451
1,16777216,0.01427331,0.013958901,0.01431866,0.014290901,0.014293643
1,16777216,0.013794835,0.013402685,0.013916539,0.013853892,0.013402685
1,16777216,0.013792868,0.013614246,0.01396537,0.013746999,0.01396537
1,16777216,0.014109439,0.01371102,0.014358986,0.014212354,0.013842921
1,16777216,0.014113729,0.013543593,0.014273123,0.014144995,0.014031848
1,16777216,0.013850722,0.013622721,0.01401628,0.013956467,0.013715558
1,16777216,0.01394104,0.013564908,0.014151111,0.013952725,0.013779986
1,16777216,0.013940863,0.013494151,0.014126907,0.014057559,0.013494151
1,16777216,0.013975928,0.013620448,0.014071069,0.014031464,0.014025584
1,16777216,0.01367756,0.013560803,0.013782229,0.013724269,0.013610169
1,16777216,0.013869226,0.013617268,0.01399373,0.013912716,0.013911812
1,16777216,0.013644781,0.013539656,0.013693155,0.013648443,0.013633482
1,16777216,0.013793797,0.013540569,0.013904946,0.013821568,0.013719351
1,16777216,0.014166528,0.01365848,0.014333997,0.014241506,0.013830273
1,16777216,0.014152855,0.013708282,0.014279178,0.014223823,0.014222922
1,16777216,0.013752297,0.013535399,0.013915836,0.013710352,0.013657866
1,16777216,0.013743109,0.013588227,0.013976988,0.013701147,0.013976988
1,16777216,0.014046033,0.013668215,0.014191283,0.014146281,0.013693575
1,16777216,0.013807632,0.013624644,0.013911,0.013863224,0.013881372
1,16777216,0.014224056,0.013565971,0.014461208,0.014398905,0.013673503
1,16777216,0.014265455,0.013607404,0.014462788,0.014352931,0.013950223
1,16777216,0.01382611,0.01355701,0.013982622,0.013929477,0.013561054
1,16777216,0.014091758,0.013558223,0.01423986,0.014173663,0.01422064
1,16777216,0.013848655,0.013663135,0.013999541,0.013828884,0.013795988
1,16777216,0.013945863,0.013686815,0.014100727,0.014026609,0.013807376
1,16777216,0.01390876,0.013499553,0.014035633,0.013914101,0.013499553
1,16777216,0.01369109,0.013582399,0.013877629,0.013627827,0.013877629
1,16777216,0.014032082,0.013581048,0.014228606,0.014112015,0.013581048
1,16777216,0.013812165,0.013598939,0.013985735,0.013769639,0.013619254
1,16777216,0.014098974,0.013571527,0.014289677,0.014231715,0.01383903
1,16777216,0.013761059,0.013653743,0.013923119,0.013705377,0.013923119
1,16777216,0.014190424,0.013832231,0.014369777,0.014323878,0.013835432
1,16777216,0.013641745,0.013597727,0.01368151,0.013640212,0.01366061
1,16777216,0.013932285,0.013495523,0.014017375,0.013960884,0.013495523
1,16777216,0.013608972,0.013582097,0.013652283,0.013602139,0.013603677
1,16777216,0.013786616,0.013557676,0.014031351,0.013743622,0.013647713
1,16777216,0.014500159,0.013629161,0.014632538,0.014594731,0.014611065
1,16777216,0.013885171,0.0135965,0.014016844,0.013960037,0.013687426
1,16777216,0.013865576,0.013534798,0.014049543,0.013917939,0.013667633
1,16777216,0.013546051,0.01351246,0.013593097,0.013542596,0.013531521
1,16777216,0.01383625,0.013521156,0.013988454,0.01394065,0.013630561
1,16777216,0.013827964,0.013478762,0.01402577,0.013886016,0.013478762
1,16777216,0.013940468,0.013633208,0.014185941,0.014010551,0.013665653
1,16777216,0.014440828,0.013498548,0.014623492,0.01458245,0.014598038
1,16777216,0.013689561,0.013542424,0.013772487,0.013708739,0.013542424
1,16777216,0.013665638,0.013567209,0.01370755,0.013678311,0.013567209
1,16777216,0.013962758,0.013745292,0.014152645,0.014079502,0.014101127
1,16777216,0.014604736,0.013988722,0.014722367,0.014682311,0.014193196
1,16777216,0.013708629,0.013588078,0.013785368,0.013734453,0.013647588
1,16777216,0.014242396,0.014080963,0.014306042,0.014259634,0.014186013
1,16777216,0.013803461,0.013500271,0.013884094,0.013830266,0.013500271
1,16777216,0.014247002,0.013511224,0.014456388,0.014368421,0.01414261
1,16777216,0.013832944,0.013605142,0.013980147,0.01380184,0.013771506
1,16777216,0.014286118,0.013827149,0.014538971,0.014467155,0.014513055
1,16777216,0.013728937,0.01348854,0.013833043,0.013747022,0.013546676
1,16777216,0.013849411,0.013694777,0.013949953,0.013890133,0.013750629
1,16777216,0.013964084,0.013510874,0.014146712,0.014065788,0.013510874
1,16777216,0.01428779,0.013663049,0.014503753,0.014406924,0.014064997
1,16777216,0.014008847,0.013609596,0.014225941,0.014038075,0.013806375
1,16777216,0.013604589,0.013551998,0.013651941,0.013607637,0.013606801
1,16777216,0.013967839,0.013643276,0.014088476,0.014030916,0.013995105
1,16777216,0.014022731,0.013512741,0.014107931,0.014062878,0.013512741
1,16777216,0.013889219,0.013542957,0.014092146,0.013900424,0.013687915
1,16777216,0.013969786,0.013644194,0.014106222,0.014036313,0.013881813
1,16777216,0.013761501,0.01357002,0.013889232,0.013822767,0.01367348
1,16777216,0.014288905,0.013717296,0.014391916,0.014352161,0.013717296
1,16777216,0.013897242,0.01344778,0.014063555,0.013937982,0.01344778
1,16777216,0.013783961,0.013577351,0.014064758,0.013688013,0.013617396
1,16777216,0.01369019,0.013642127,0.013731456,0.013689551,0.013731456
1,16777216,0.013784674,0.013585613,0.013837163,0.013797191,0.013778016
1,16777216,0.013710503,0.013618255,0.013740496,0.013710855,0.013737418
1,16777216,0.014432963,0.013991418,0.014571157,0.014510635,0.014534121
1,16777216,0.014154203,0.013910547,0.014270171,0.014200292,0.013910547
1,16777216,0.013925438,0.013554705,0.01407227,0.013959601,0.013554705
1,16777216,0.013828997,0.013539168,0.013963996,0.013912337,0.013657072
1,16777216,0.013977868,0.013593717,0.014167907,0.014089085,0.013782037
1,16777216,0.013988614,0.013777259,0.014147551,0.013955834,0.013946201
1,16777216,0.013977387,0.013598961,0.014125134,0.014045697,0.013783656
1,16777216,0.014198393,0.013740011,0.014320595,0.014269782,0.013951879
1,16777216,0.013842545,0.013573262,0.013959971,0.013902352,0.013889961
1,16777216,0.013958677,0.013783193,0.014041301,0.013999849,0.013995605
1,16777216,0.014411021,0.013637255,0.014649475,0.014582634,0.014114895
1,16777216,0.014488521,0.013732434,0.014624234,0.014581005,0.013732434
1,16777216,0.013992694,0.01354967,0.014134063,0.01408178,0.01354967
1,16777216,0.013888211,0.013573656,0.014065659,0.013998677,0.013874261
1,16777216,0.013722864,0.013533703,0.013863252,0.013779146,0.013620737
1,16777216,0.013975139,0.01345067,0.014153705,0.014020774,0.01345067
1,16777216,0.01391236,0.013609927,0.01407287,0.014007602,0.013987727
1,16777216,0.013701556,0.013665037,0.013738853,0.013698899,0.013713075
1,16777216,0.014178197,0.013799483,0.014338552,0.014249158,0.013853063
1,16777216,0.013863456,0.013628746,0.013998802,0.013942856,0.013832888
1,16777216,0.01378885,0.013586905,0.013912549,0.013855383,0.013661077
1,16777216,0.014375835,0.013645842,0.014619415,0.014577421,0.014617018
1,16777216,0.01383821,0.013685491,0.0138816,0.013844842,0.013864885
1,16777216,0.013784607,0.013557148,0.013986672,0.013778753,0.013557148
1,16777216,0.013998985,0.013560458,0.014173443,0.014066515,0.013831203
1,16777216,0.014230666,0.013661259,0.014465763,0.01436914,0.014450502
1,16777216,0.014074364,0.013601528,0.014284047,0.014074902,0.013922486
1,16777216,0.013680556,0.013585094,0.013751043,0.013703687,0.013616083
1,16777216,0.014227514,0.013624024,0.01438566,0.014291672,0.014185893
1,16777216,0.013857188,0.013536151,0.014009523,0.013886828,0.013558547
1,16777216,0.014017404,0.013674424,0.014156308,0.014059136,0.01373688
1,16777216,0.014038463,0.013600277,0.014175292,0.014051313,0.014070228
1,16777216,0.013779889,0.013592768,0.01391366,0.013856487,0.013592768
1,16777216,0.014160441,0.013840264,0.014382225,0.014200584,0.014152471
1,16777216,0.013898626,0.013549621,0.013995307,0.013937842,0.013549621
1,16777216,0.013924925,0.013632441,0.014027117,0.013978104,0.013633709
1,16777216,0.014091513,0.013563582,0.014284145,0.01421059,0.013563582
1,16777216,0.01400291,0.013621684,0.014254074,0.01407222,0.013621684
1,16777216,0.013930128,0.013574753,0.01410757,0.014043359,0.013751764
1,16777216,0.013974371,0.013763349,0.014139588,0.014008174,0.013778398
1,16777216,0.013823514,0.013492701,0.014038385,0.013781065,0.013706525
1,16777216,0.01394748,0.013613655,0.014110195,0.013999163,0.013613655
1,16777216,0.014086553,0.013594202,0.014192376,0.014104485,0.013594202
1,16777216,0.014184577,0.013961916,0.014244772,0.014202956,0.014056023
1,16777216,0.013731593,0.013606615,0.013892724,0.013694053,0.01377286
1,16777216,0.013859832,0.013616536,0.013987532,0.01393614,0.013764237
1,16777216,0.013922479,0.013641922,0.014010884,0.013956257,0.013879472
1,16777216,0.013921002,0.013645944,0.013983345,0.013931706,0.013645944
1,16777216,0.013897145,0.013669649,0.014148843,0.013860103,0.013957401
1,16777216,0.013831648,0.013633107,0.013952403,0.013901313,0.013781223
1,16777216,0.013944399,0.013699221,0.014139868,0.013918046,0.013791257
1,16777216,0.013864744,0.013581715,0.014031406,0.013977553,0.013678458
1,16777216,0.013661578,0.013570832,0.013717195,0.013660827,0.013570832
1,16777216,0.013951225,0.013606084,0.014180324,0.014049496,0.013641514
1,16777216,0.013928571,0.013625395,0.01404652,0.013998361,0.013853499
1,16777216,0.013823202,0.013612598,0.013949779,0.013881454,0.013890657
1,16777216,0.014062809,0.0138099,0.014296524,0.014062634,0.013894317
1,16777216,0.014171351,0.013744886,0.014284321,0.014241189,0.014231003
1,16777216,0.014144217,0.013912877,0.014269463,0.014161094,0.014048845
1,16777216,0.013919948,0.01353112,0.013994286,0.013952793,0.01353112
1,16777216,0.014367727,0.013633501,0.01457705,0.014456503,0.014236186
1,16777216,0.01410356,0.01372949,0.014227232,0.014176187,0.013912253
1,16777216,0.014598874,0.014005884,0.014792745,0.014649166,0.014524322
1,16777216,0.013876653,0.013590629,0.014042897,0.013985537,0.013800831
1,16777216,0.013859072,0.013568976,0.014103697,0.013892752,0.013580468
1,16777216,0.014297977,0.013611906,0.014455677,0.014406654,0.014411257
1,16777216,0.013928502,0.013695421,0.014049156,0.013948826,0.014001557
1,16777216,0.014054271,0.01385631,0.01413966,0.014096758,0.013886109
1,16777216,0.013928724,0.013541417,0.014075044,0.013967761,0.013767407
1,16777216,0.014138955,0.013654027,0.014357149,0.014154242,0.014197176
1,16777216,0.014102676,0.013798995,0.014243518,0.014092841,0.014049694
1,16777216,0.013577089,0.013526424,0.013622931,0.01358296,0.013526424
1,16777216,0.014426423,0.013599513,0.014690952,0.014596816,0.014130136
1,16777216,0.013825374,0.013682283,0.013947302,0.013881529,0.013767783
1,16777216,0.014236634,0.013656308,0.014436043,0.014353917,0.014415683
1,16777216,0.01403621,0.013567581,0.014186525,0.014077617,0.014053648
1,16777216,0.013955177,0.013703573,0.01410077,0.014038139,0.013758056
1,16777216,0.01393326,0.013560998,0.014123414,0.013962177,0.013560998
1,16777216,0.014049483,0.013589436,0.014198886,0.014083584,0.014193475
1,16777216,0.013939723,0.01361009,0.014180823,0.013920364,0.01361106
1,16777216,0.013959364,0.013667293,0.014104919,0.01405511,0.013770578
1,16777216,0.01418454,0.013975539,0.014274757,0.014187753,0.013975539
1,16777216,0.013713645,0.013592585,0.013781223,0.013728804,0.013650991
1,16777216,0.013989345,0.013728573,0.014188564,0.013884329,0.013812221
1,16777216,0.01411033,0.013489197,0.014206766,0.014161053,0.013489197
1,16777216,0.014105792,0.013778712,0.014243048,0.014102983,0.014073406
1,16777216,0.0145092,0.013736093,0.014623616,0.01455966,0.01458389
1,16777216,0.013812376,0.013616658,0.013912662,0.013856902,0.013651517
1,16777216,0.014243493,0.013490237,0.014483843,0.014418211,0.013806823
1,16777216,0.013905535,0.01368949,0.014043144,0.013984289,0.013750174
1,16777216,0.014132851,0.013618948,0.014340742,0.014232352,0.014114275
1,16777216,0.013900914,0.013691724,0.014037296,0.013969105,0.013691724
1,16777216,0.014466548,0.014023862,0.014525672,0.014486439,0.014505038
1,16777216,0.013960647,0.013551302,0.014159391,0.013974007,0.013551302
1,16777216,0.013799716,0.01362623,0.013946471,0.013887985,0.01364039
1,16777216,0.013935611,0.013614082,0.01409831,0.013980868,0.01379181
1,16777216,0.013920945,0.01362335,0.01404619,0.013991862,0.013794364
1,16777216,0.013929926,0.013572618,0.014077089,0.014008855,0.013831507
1,16777216,0.01402381,0.01373376,0.014215822,0.014164426,0.013877585
1,16777216,0.014274839,0.014055608,0.014481863,0.014325499,0.014057352
1,16777216,0.014259309,0.013651276,0.014456992,0.014372938,0.01402912
1,16777216,0.013675809,0.013540824,0.013772256,0.013673025,0.013761533
1,16777216,0.013857846,0.013655481,0.013970083,0.013902584,0.013963505
1,16777216,0.014018049,0.013580356,0.014239826,0.013997195,0.013885636
1,16777216,0.013680238,0.013514473,0.013835021,0.013686945,0.013514473
1,16777216,0.013965205,0.013657027,0.014102493,0.014045468,0.013801154
1,16777216,0.013979506,0.013630958,0.014116454,0.014054654,0.013795927
1,16777216,0.013972959,0.013605624,0.01411177,0.014063336,0.013605624
1,16777216,0.013752151,0.013613632,0.013837543,0.013785437,0.013761257
1,16777216,0.013910976,0.013689615,0.0141696,0.013819971,0.013764117
1,16777216,0.01373267,0.013495014,0.01388583,0.013731835,0.01361651
1,16777216,0.013962259,0.01357765,0.014115761,0.013985267,0.01357765
1,16777216,0.014149673,0.013951019,0.014202795,0.014157242,0.014158744
1,16777216,0.013785391,0.013565036,0.013911499,0.013861126,0.013829374
1,16777216,0.014002,0.013695461,0.014147249,0.014084772,0.013986462
1,16777216,0.014265602,0.014036573,0.014353217,0.014309905,0.014089526
1,16777216,0.01411389,0.013557678,0.014250389,0.014192571,0.013557678
1,16777216,0.013844488,0.013594092,0.013991007,0.013908591,0.013822732
1,16777216,0.014236165,0.013674933,0.014376374,0.014297704,0.01394935
1,16777216,0.014021154,0.013684915,0.014318939,0.013920101,0.013805439
1,16777216,0.014387561,0.013687801,0.014590916,0.014480721,0.014184746
1,16777216,0.014087564,0.01348177,0.014248332,0.014158312,0.01348177
1,16777216,0.013822892,0.013547515,0.013970484,0.013896352,0.013645813
1,16777216,0.014032329,0.013566612,0.014163953,0.014079709,0.013566612
1,16777216,0.013654468,0.013552032,0.013752711,0.013693366,0.013648141
1,16777216,0.013852704,0.013391576,0.014030221,0.013966605,0.013391576
1,16777216,0.014247149,0.013608246,0.014458326,0.014350858,0.014100439
1,16777216,0.01390211,0.013471535,0.013990622,0.013948738,0.013471535
1,16777216,0.014407492,0.0136812,0.014683686,0.014604551,0.014124821
1,16777216,0.014283956,0.013458308,0.014468589,0.014426313,0.013458308
1,16777216,0.01400573,0.01361017,0.014206308,0.014071138,0.014183024
1,16777216,0.013821461,0.013600197,0.014048177,0.01374309,0.013600197
1,16777216,0.013847324,0.01343848,0.014043796,0.013903659,0.01343848
1,16777216,0.014298724,0.013713601,0.014505266,0.014337327,0.014153606
1,16777216,0.013837933,0.013575894,0.01397198,0.013883038,0.01397198
1,16777216,0.014390963,0.013581053,0.014686928,0.014586299,0.013955275
1,16777216,0.013731016,0.013610589,0.013794309,0.013742248,0.013742014
1,16777216,0.014249071,0.01370045,0.014411047,0.014323427,0.014382882
1,16777216,0.013975173,0.013786367,0.014051963,0.01398969,0.013886574
1,16777216,0.013847131,0.01365998,0.01397743,0.013862115,0.0139747
1,16777216,0.014312116,0.013699417,0.01451886,0.014351972,0.013699417
1,16777216,0.01421763,0.013902027,0.014418505,0.014286569,0.014281846
1,16777216,0.013985789,0.013555203,0.014095247,0.01405018,0.013555203
1,16777216,0.013700463,0.013651577,0.013752863,0.013698966,0.013704966
1,16777216,0.013862336,0.013584255,0.01401512,0.013950959,0.013647191
1,16777216,0.013901771,0.013668014,0.014016835,0.013970833,0.013870999
1,16777216,0.013730885,0.013488562,0.013877302,0.013755612,0.013488562
1,16777216,0.014274324,0.013937672,0.014394497,0.014319194,0.014133497
1,16777216,0.014366281,0.013628705,0.014548783,0.01450268,0.013984852
1,16777216,0.0139106,0.013603228,0.014062479,0.014009294,0.013781007
1,16777216,0.014283751,0.01389691,0.014384551,0.014340873,0.01389691
1,16777216,0.014175109,0.013664154,0.014319898,0.014259403,0.01384587
1,16777216,0.013579694,0.013404436,0.013668753,0.013599598,0.013404436
1,16777216,0.013763528,0.013559741,0.013909685,0.013760325,0.013559741
1,16777216,0.013779395,0.013449168,0.013860574,0.013793454,0.013449168
1,16777216,0.013746373,0.0135561,0.013912757,0.013733694,0.0135561
1,16777216,0.013991546,0.013553907,0.014136954,0.014081531,0.013685199
1,16777216,0.01403967,0.013453223,0.014170052,0.01412542,0.013453223
1,16777216,0.013824036,0.013690432,0.013879037,0.013836739,0.013741092
1,16777216,0.014104395,0.013588818,0.014210321,0.014152544,0.013989434
1,16777216,0.013996446,0.013520856,0.014167718,0.014082079,0.013520856
1,16777216,0.013897628,0.013611032,0.014053832,0.013998055,0.013635833
1,16777216,0.01380949,0.013561321,0.014002749,0.013809411,0.013743835
1,16777216,0.014414731,0.013652312,0.014630551,0.014556933,0.014191932
1,16777216,0.013966295,0.013581347,0.01412531,0.014074741,0.013865487
1,16777216,0.014195433,0.013630393,0.014382415,0.01427695,0.014147429
1,16777216,0.014154794,0.013698078,0.014359927,0.014295746,0.013926855
1,16777216,0.014007905,0.013559379,0.014213412,0.014126145,0.013792289
1,16777216,0.013925094,0.013596322,0.014171378,0.013953542,0.013705894
1,16777216,0.013711153,0.013595473,0.01378461,0.013737963,0.013741536
1,16777216,0.014087567,0.013625209,0.014257709,0.014153983,0.014104861
1,16777216,0.013890049,0.013545573,0.014063372,0.013908467,0.013545573
1,16777216,0.01391962,0.013643844,0.014012779,0.013943373,0.013761726
1,16777216,0.013886203,0.013709885,0.014024518,0.013880179,0.014014021
1,16777216,0.014082289,0.013718187,0.014247437,0.014133305,0.013796788
1,16777216,0.013864137,0.013505457,0.014065366,0.013889017,0.013505457
1,16777216,0.014376406,0.013881259,0.01448212,0.014446482,0.014218707
1,16777216,0.014068693,0.013742355,0.014220505,0.014152753,0.013767797
1,16777216,0.014069345,0.0136275,0.014273228,0.014180053,0.013737578
1,16777216,0.013817776,0.013564329,0.013929774,0.013870542,0.013564329
1,16777216,0.013813383,0.013565633,0.013920254,0.013869726,0.013565633
1,16777216,0.014134467,0.01363234,0.014285359,0.0142135,0.013847462
1,16777216,0.013741429,0.013596839,0.013805356,0.013755912,0.013774322
1,16777216,0.013848766,0.013653121,0.013972852,0.01391053,0.013778936
1,16777216,0.013734434,0.013574334,0.013860826,0.013777388,0.013733115
1,16777216,0.013870232,0.013491072,0.013950144,0.013898137,0.013491072
1,16777216,0.014382527,0.013905147,0.014493332,0.014453462,0.01445381
1,16777216,0.014063611,0.013530852,0.014234365,0.014143413,0.013783327
1,16777216,0.01405704,0.013614686,0.014225008,0.014083089,0.013790209
1,16777216,0.01388837,0.01362489,0.014012693,0.013960872,0.01362489
1,16777216,0.014226906,0.013834671,0.014398154,0.014338315,0.014107977
1,16777216,0.01399941,0.01352685,0.014184881,0.014139404,0.013560424
1,16777216,0.013873054,0.01361085,0.013956838,0.013901393,0.013951643
1,16777216,0.014153036,0.013628656,0.014289077,0.014214054,0.013970198
1,16777216,0.013693115,0.013606107,0.013852328,0.013650034,0.013852328
1,16777216,0.014219085,0.013870746,0.014426526,0.014263117,0.013870746
1,16777216,0.013792818,0.013564407,0.013930371,0.013872363,0.013672751
1,16777216,0.014040743,0.013626668,0.014233554,0.014093555,0.013817175
1,16777216,0.013921605,0.01353266,0.014015135,0.013974738,0.013733317
1,16777216,0.013882472,0.013555602,0.013976743,0.013907276,0.013555602
1,16777216,0.014068929,0.013578101,0.014153713,0.014113822,0.014078939
1,16777216,0.014026224,0.013527803,0.014215539,0.014158283,0.013596961
1,16777216,0.014132591,0.013874669,0.014282069,0.014179766,0.014026599
1,16777216,0.013836813,0.013498533,0.013937708,0.013881259,0.013498533
1,16777216,0.014004268,0.013518531,0.014211053,0.014050951,0.013518531
1,16777216,0.013723522,0.013611785,0.013859094,0.013708722,0.013712318
1,16777216,0.013957237,0.013600202,0.014058228,0.014021417,0.01378134
1,16777216,0.014045107,0.01363637,0.014241778,0.014160984,0.01363637
1,16777216,0.013710524,0.013600849,0.013790815,0.013744691,0.013609492
1,16777216,0.013959667,0.013576188,0.014046919,0.01400008,0.013993986
1,16777216,0.014242459,0.013707032,0.014347416,0.014306609,0.014324243
1,16777216,0.014149942,0.013714545,0.014244945,0.014160274,0.013714545
1,16777216,0.014161763,0.013633518,0.01435527,0.014257295,0.014017564
1,16777216,0.014341992,0.013633744,0.014598426,0.014355757,0.01458019
1,16777216,0.013996813,0.013597979,0.014172572,0.014017038,0.013798787
1,16777216,0.013919338,0.013564946,0.013981912,0.013933037,0.013564946
1,16777216,0.014249504,0.013686676,0.014458932,0.014311906,0.014175577
1,16777216,0.013854609,0.013735417,0.013946743,0.013850794,0.013773555
1,16777216,0.014016934,0.013651014,0.014185247,0.01403903,0.0138154
1,16777216,0.013809905,0.013531222,0.013950945,0.01388383,0.013674321
1,16777216,0.014237716,0.013867693,0.014323207,0.014274459,0.014295737
1,16777216,0.0137486,0.013585486,0.013905197,0.013768028,0.013588056
1,16777216,0.014235202,0.013690031,0.014356595,0.014312143,0.013690031
1,16777216,0.0136111,0.013581534,0.01365186,0.013610024,0.013607041
1,16777216,0.014313168,0.014030381,0.014387952,0.014345902,0.014331797
1,16777216,0.013936762,0.013634961,0.014065143,0.013993728,0.013677832
1,16777216,0.013992455,0.013682867,0.014238195,0.01403533,0.014004107
1,16777216,0.014031184,0.013639898,0.01413415,0.014079818,0.013975761
1,16777216,0.013896827,0.013581833,0.014102463,0.014023947,0.013622389
1,16777216,0.013877566,0.013604876,0.01409772,0.013925396,0.013604876
1,16777216,0.013827742,0.013588209,0.013967546,0.013904734,0.013696783
1,16777216,0.014061993,0.013636336,0.014207045,0.014151544,0.013998659
1,16777216,0.013635281,0.013485522,0.013734232,0.013673633,0.013602291
1,16777216,0.014049432,0.013770634,0.014135155,0.014090786,0.014079151
1,16777216,0.014087297,0.013662793,0.014288512,0.014119568,0.013662793
1,16777216,0.013745704,0.013497314,0.013830123,0.013774993,0.013773695
1,16777216,0.013763881,0.013556945,0.01395696,0.013730351,0.013660601
1,16777216,0.014175982,0.013780548,0.014318187,0.014225598,0.014304029
1,16777216,0.01400005,0.013637853,0.014146847,0.014035379,0.013788471
1,16777216,0.014206922,0.013637429,0.014359518,0.014290444,0.014349683
1,16777216,0.014059608,0.013509199,0.014273559,0.014088675,0.013669932
1,16777216,0.013820738,0.013586038,0.014025204,0.013771134,0.013771628
1,16777216,0.014145473,0.013677205,0.014334629,0.014266385,0.013993066
1,16777216,0.013963002,0.013608874,0.01411535,0.014001506,0.013888516
1,16777216,0.013679128,0.013541429,0.013824146,0.013658915,0.013541429
1,16777216,0.013708185,0.013633236,0.013762901,0.013713056,0.013706927
1,16777216,0.014081497,0.013614431,0.01433009,0.014202706,0.013614431
1,16777216,0.01403119,0.013657038,0.014230786,0.014105531,0.013657038
1,16777216,0.013685846,0.01356469,0.013795874,0.013726984,0.01356469
1,16777216,0.013625883,0.013542424,0.013705116,0.013639793,0.013585279
1,16777216,0.014037341,0.013557152,0.014161603,0.014125084,0.013557152
1,16777216,0.014209985,0.013605167,0.014367232,0.014293684,0.014293618
1,16777216,0.013924293,0.013677293,0.014091016,0.013958276,0.013856247
1,16777216,0.013874464,0.013615906,0.013974023,0.013920408,0.013941099
1,16777216,0.014024711,0.013472487,0.014243569,0.014104031,0.013472487
1,16777216,0.014064081,0.013525294,0.014277191,0.014139334,0.013525294
1,16777216,0.013880096,0.013524017,0.014104079,0.013877625,0.013524017
1,16777216,0.014422195,0.013760143,0.014593831,0.014550417,0.013917337
1,16777216,0.013982114,0.013843738,0.014050153,0.013999419,0.013843738
1,16777216,0.013796937,0.013535525,0.013980635,0.013802346,0.01361736
1,16777216,0.014443325,0.013709003,0.014655336,0.014585832,0.014112901
1,16777216,0.013867123,0.013574878,0.014031285,0.013972657,0.013775734
1,16777216,0.014248563,0.013775451,0.014471936,0.014408291,0.013807044
1,16777216,0.014239015,0.013877175,0.014412174,0.014332217,0.013919242
1,16777216,0.014002194,0.013604194,0.01408613,0.014023705,0.013604194
1,16777216,0.013789769,0.013545326,0.013966765,0.01384157,0.013938481
1,16777216,0.013903476,0.013501071,0.014011194,0.013963163,0.013501071
1,16777216,0.014266724,0.013645799,0.01450191,0.014428101,0.013909781
1,16777216,0.014041079,0.013653219,0.014245536,0.014062736,0.013690953
1,16777216,0.014024878,0.013601658,0.014132294,0.014084862,0.013847859
1,16777216,0.013615477,0.01355003,0.013667377,0.013616187,0.01363461
1,16777216,0.014320149,0.013630084,0.014448726,0.014415132,0.01442494
1,16777216,0.013957629,0.013440788,0.014077613,0.013979814,0.013440788
1,16777216,0.014109025,0.013824802,0.014256601,0.014142967,0.014034383
1,16777216,0.013849389,0.013635821,0.013985009,0.013929837,0.013706634
1,16777216,0.014106119,0.013633239,0.014279681,0.014177301,0.013633239
1,16777216,0.013872604,0.013544814,0.013962632,0.013894612,0.013544814
1,16777216,0.013695841,0.013559031,0.013837356,0.013663949,0.01363622
1,16777216,0.014209112,0.01365358,0.014473062,0.014397577,0.013695726
1,16777216,0.01397031,0.013629594,0.014142796,0.013999672,0.013720195
1,16777216,0.013598742,0.013539268,0.013652694,0.013604224,0.013539268
1,16777216,0.014099281,0.013692859,0.014350109,0.014113922,0.013747644
1,16777216,0.013945692,0.013636775,0.014087181,0.014025429,0.013918399
1,16777216,0.014185027,0.01414364,0.014220061,0.01418211,0.014160565
1,16777216,0.014076461,0.013601342,0.014310139,0.014156975,0.013813146
1,16777216,0.013841922,0.013619823,0.014048318,0.01384937,0.013625892
1,16777216,0.014090505,0.013638923,0.014234238,0.014172791,0.014168924
1,16777216,0.013973065,0.013658758,0.014074702,0.013999154,0.013658758
1,16777216,0.0139005,0.013568533,0.014036329,0.013942683,0.013568533
1,16777216,0.014168375,0.013771748,0.014257136,0.014195886,0.013771748
1,16777216,0.014202826,0.013603825,0.014316401,0.014269136,0.013603825
1,16777216,0.013783918,0.013556397,0.01393024,0.013864376,0.01386462
1,16777216,0.013934663,0.013636916,0.014184336,0.013975876,0.013719809
1,16777216,0.014262387,0.013717857,0.014426301,0.014366824,0.013830613
1,16777216,0.014121982,0.013580662,0.014239898,0.014218821,0.013580662
1,16777216,0.014168376,0.013739387,0.014328022,0.014209915,0.013857124
1,16777216,0.014203699,0.013821354,0.014378035,0.014269582,0.014062756
1,16777216,0.014006853,0.013839345,0.014105709,0.014039814,0.014057238
1,16777216,0.0138565,0.013554661,0.01399529,0.013886339,0.013670229
1,16777216,0.013767751,0.013628154,0.013913244,0.013723112,0.013913244
1,16777216,0.013723063,0.013478034,0.013886894,0.013711728,0.013803359
1,16777216,0.013761797,0.013570737,0.013900666,0.013841988,0.013661889
1,16777216,0.014027035,0.013748417,0.01421342,0.014061919,0.013919957
1,16777216,0.013858627,0.013631655,0.014149905,0.01379133,0.013711063
1,16777216,0.013968272,0.013691984,0.014096004,0.01401026,0.013691984
1,16777216,0.013936871,0.013640698,0.014070376,0.014007535,0.013852319
1,16777216,0.014226658,0.013802644,0.014433213,0.014272239,0.013871917
1,16777216,0.013821324,0.013548679,0.013969962,0.013916957,0.013632898
1,16777216,0.013942952,0.013563742,0.014112441,0.013945228,0.013563742
1,16777216,0.014131452,0.013501086,0.014266769,0.014217879,0.014213614
1,16777216,0.013963397,0.013512411,0.014136658,0.014062183,0.013783847
1,16777216,0.014012584,0.013597459,0.014184936,0.014058163,0.013755528
1,16777216,0.013970773,0.01372799,0.014164588,0.013921285,0.013850492
1,16777216,0.013989899,0.013639845,0.01414158,0.014017272,0.013639845
1,16777216,0.013953153,0.013589107,0.0140818,0.014001149,0.013776305
1,16777216,0.01401892,0.013658795,0.014128111,0.014083589,0.013658795
1,16777216,0.013680634,0.013577555,0.013770713,0.013719451,0.013652543
1,16777216,0.013878779,0.013581821,0.014081167,0.014032581,0.013822193
1,16777216,0.014086812,0.013639766,0.014285351,0.014199261,0.013651155
1,16777216,0.013930444,0.013562813,0.014101902,0.014046142,0.013627509
1,16777216,0.014062908,0.013677629,0.014237392,0.014118554,0.013965309
1,16777216,0.014041253,0.013633485,0.014253392,0.014103776,0.013804569
1,16777216,0.014054003,0.013777082,0.014227706,0.014137267,0.013868999
1,16777216,0.014210165,0.013621305,0.014423657,0.01426888,0.014073708
1,16777216,0.013768283,0.013606902,0.013894886,0.013844453,0.013609385
1,16777216,0.013975597,0.013469703,0.014171157,0.014059256,0.013469703
1,16777216,0.013791992,0.013529048,0.01399617,0.013745906,0.013630048
1,16777216,0.013789669,0.013594007,0.013928168,0.013830534,0.013672861
1,16777216,0.014383459,0.013570088,0.014569188,0.014502506,0.014469053
1,16777216,0.01425239,0.013783867,0.014326056,0.014282318,0.014281838
1,16777216,0.013994679,0.013669497,0.01413918,0.014019995,0.013696521
1,16777216,0.013951765,0.013587406,0.014093501,0.013988767,0.013788873
1,16777216,0.013810964,0.013577681,0.013955211,0.013889423,0.01364624
1,16777216,0.013931467,0.013612304,0.014109168,0.013914363,0.013856781
1,16777216,0.014226251,0.013579998,0.01443732,0.014343678,0.014235418
1,16777216,0.01431196,0.013744319,0.014515664,0.014396764,0.014515664
1,16777216,0.013885025,0.01341747,0.014065537,0.013955637,0.01341747
1,16777216,0.01421627,0.013680904,0.014414873,0.014337353,0.013680904
1,16777216,0.014052643,0.013686206,0.014242946,0.014062277,0.013778534
1,16777216,0.013802193,0.013535601,0.014091916,0.013704324,0.013535601
1,16777216,0.014205214,0.013439343,0.014449532,0.014309989,0.013439343
1,16777216,0.014251273,0.013681284,0.014380911,0.014342304,0.013801205
1,16777216,0.013883343,0.013641913,0.014013628,0.013955133,0.013812183
1,16777216,0.013987045,0.013571073,0.014109501,0.014038778,0.013571073
1,16777216,0.014046519,0.013697385,0.014150769,0.014105265,0.014098398
1,16777216,0.013810925,0.01358914,0.013915109,0.013850492,0.013707504
1,16777216,0.013875438,0.013563018,0.01404033,0.013987113,0.013632389
1,16777216,0.013826975,0.013608201,0.01397128,0.01391838,0.013609551
1,16777216,0.013894792,0.013567578,0.014089634,0.013956515,0.013759646
1,16777216,0.014129734,0.013603216,0.014307664,0.014195618,0.013846035
1,16777216,0.014158166,0.013659294,0.0143861,0.014289734,0.013659294
1,16777216,0.013832295,0.013601693,0.013973143,0.013820981,0.013842793
1,16777216,0.013711914,0.013619402,0.013784792,0.013735957,0.013648178
1,16777216,0.014084774,0.013707893,0.014251545,0.014162264,0.013846687
1,16777216,0.014311301,0.013679645,0.014483117,0.014391277,0.01414099
1,16777216,0.013663476,0.013583712,0.01371904,0.013666737,0.01366348
1,16777216,0.014021673,0.013610569,0.014164667,0.014072645,0.014159055
1,16777216,0.014265693,0.013427125,0.014425846,0.014381651,0.013427125
1,16777216,0.01385237,0.013566191,0.013989174,0.013938189,0.013578389
1,16777216,0.01383494,0.013566504,0.014029721,0.013877526,0.013609511
1,16777216,0.014038357,0.013742953,0.014228915,0.014040426,0.013742953
1,16777216,0.013932036,0.013614481,0.014115969,0.013993123,0.013680999
1,16777216,0.013850259,0.013486088,0.013941914,0.013882766,0.013486088
1,16777216,0.013809441,0.013556848,0.013945914,0.013893155,0.013902506
1,16777216,0.014033899,0.01359301,0.014235723,0.014099229,0.01359301
1,16777216,0.013945791,0.013587059,0.014091479,0.013990967,0.013814717
1,16777216,0.014120778,0.013869796,0.014265229,0.014175733,0.013869796
1,16777216,0.014071412,0.013561529,0.014200024,0.014152847,0.013945306
1,16777216,0.014060786,0.013433638,0.014230996,0.01413449,0.013433638
1,16777216,0.014566162,0.01371614,0.014767759,0.01472339,0.01371614
1,16777216,0.014178051,0.013466962,0.014316872,0.014274273,0.013466962
1,16777216,0.014149182,0.013682852,0.014322118,0.014224893,0.013773867
1,16777216,0.014176223,0.01387095,0.014305081,0.014233375,0.013917457
1,16777216,0.014073848,0.013628044,0.014189664,0.014146385,0.013628044
1,16777216,0.013885108,0.013553217,0.014000437,0.013939966,0.013553217
1,16777216,0.01399407,0.01367253,0.014164717,0.013995672,0.013854421
1,16777216,0.013998187,0.013608365,0.014203328,0.014117389,0.013608365
1,16777216,0.013892957,0.013524997,0.014028147,0.013887318,0.013524997
1,16777216,0.01402447,0.013674979,0.014142252,0.01408103,0.013753699
1,16777216,0.013974256,0.013702024,0.01416098,0.0140227,0.013817244
1,16777216,0.014269063,0.013571612,0.014508478,0.014421735,0.014197242
1,16777216,0.013975726,0.013627653,0.014132087,0.014081353,0.013930719
1,16777216,0.013829703,0.013481602,0.014033013,0.013785144,0.013481602
1,16777216,0.01406843,0.01351682,0.014201777,0.014116235,0.01351682
1,16777216,0.013987336,0.013674896,0.014053059,0.014008347,0.014026688
1,16777216,0.013890579,0.013590039,0.014051893,0.013985217,0.013767189
1,16777216,0.014144239,0.013536182,0.014310644,0.014280095,0.013536182
1,16777216,0.013936394,0.013522539,0.014117417,0.013972857,0.013522539
1,16777216,0.01397586,0.013729433,0.014210381,0.013962858,0.013729433
1,16777216,0.013896717,0.013544414,0.014042975,0.013984415,0.013544414
1,16777216,0.013831218,0.013480328,0.014087435,0.013831817,0.013480328
1,16777216,0.014049789,0.013670503,0.014209922,0.014111072,0.013670503
1,16777216,0.014017956,0.013592313,0.014144051,0.014041115,0.013738448
1,16777216,0.014160801,0.013759304,0.014452931,0.01421872,0.01386768
1,16777216,0.014045941,0.013577256,0.014235271,0.014050022,0.01372137
1,16777216,0.014016778,0.01364432,0.014176419,0.014084739,0.013647085
1,16777216,0.014393777,0.013962029,0.014530908,0.014485248,0.014210536
1,16777216,0.014101132,0.013518125,0.01422109,0.014172162,0.013518125
1,16777216,0.014429121,0.013677704,0.014581078,0.014550386,0.014546965
1,16777216,0.01428684,0.013626928,0.014464352,0.01435137,0.014081837
1,16777216,0.013863793,0.013574224,0.014013167,0.013948971,0.013574224
1,16777216,0.014180618,0.013544032,0.014283272,0.014238189,0.013544032
1,16777216,0.014099159,0.013664925,0.014206539,0.014162134,0.013664925
1,16777216,0.013940072,0.013585721,0.014176956,0.013960359,0.013585721
1,16777216,0.013979188,0.013706547,0.014161513,0.013993078,0.013739831
1,16777216,0.013894727,0.013621779,0.014158103,0.013836944,0.013658646
1,16777216,0.013856923,0.013457396,0.013935396,0.013870675,0.013812939
1,16777216,0.01404477,0.013672092,0.014263577,0.014086538,0.013914694
1,16777216,0.013980236,0.013646506,0.014130394,0.014052394,0.0136928
1,16777216,0.014408912,0.0136018,0.014566525,0.014522333,0.014526833
1,16777216,0.013999189,0.013575574,0.014101605,0.014034813,0.013782016
1,16777216,0.014389964,0.013847465,0.014536433,0.01449273,0.014492578
1,16777216,0.014316353,0.013679459,0.01441234,0.014367866,0.013679459
1,16777216,0.013939406,0.013676315,0.014090782,0.014023145,0.014004615
1,16777216,0.01413488,0.013592831,0.014312278,0.014222294,0.013592831
1,16777216,0.014290142,0.013793169,0.014446326,0.014394616,0.014378175
1,16777216,0.013589285,0.013548495,0.01362453,0.013583044,0.013548495
1,16777216,0.013999965,0.013533289,0.014210294,0.013987913,0.013533289
1,16777216,0.013840115,0.013737969,0.013894436,0.013851538,0.013848964
1,16777216,0.013923379,0.013545718,0.014089706,0.013924442,0.013545718
1,16777216,0.014002049,0.013809543,0.014071489,0.014007362,0.013959039
1,16777216,0.013915415,0.013631909,0.014017398,0.013966387,0.013984152
1,16777216,0.013997142,0.013573767,0.01409992,0.014039569,0.013924981
1,16777216,0.01395544,0.01348904,0.014074251,0.013989679,0.01348904
1,16777216,0.014088541,0.013602924,0.014288514,0.014157401,0.013602924
1,16777216,0.014003326,0.013601595,0.014183067,0.014026618,0.013672008
1,16777216,0.013648174,0.013551783,0.0137302,0.013669899,0.013647258
1,16777216,0.014164269,0.013692068,0.014303915,0.014253041,0.013692068
1,16777216,0.014033888,0.013835909,0.014109428,0.014048551,0.014044315
1,16777216,0.013645266,0.013570726,0.013704618,0.01364722,0.013658769
1,16777216,0.014227875,0.01398356,0.01431682,0.014273418,0.014026256
1,16777216,0.014064857,0.013649002,0.014261917,0.014118415,0.013910918
1,16777216,0.013723242,0.01357899,0.013849414,0.013777615,0.013619383
1,16777216,0.013766648,0.013566971,0.013972823,0.01374776,0.01357362
1,16777216,0.014432835,0.013503617,0.014626492,0.014581279,0.013503617
1,16777216,0.013963021,0.013657965,0.014149515,0.014089703,0.013774768
1,16777216,0.013928109,0.013506581,0.014039778,0.01399475,0.013549509
1,16777216,0.013859384,0.013494919,0.01396599,0.013919006,0.013494919
1,16777216,0.013881169,0.013606153,0.013982416,0.013933627,0.013606153
1,16777216,0.014093423,0.013641738,0.014222259,0.014177406,0.014180107
1,16777216,0.013754039,0.013565979,0.013847563,0.013771516,0.013671198
1,16777216,0.014528036,0.01376457,0.014673923,0.014633201,0.01408832
1,16777216,0.014031432,0.013751289,0.014277576,0.014020076,0.013804357
1,16777216,0.013825364,0.013531676,0.013919056,0.013865294,0.013531676
1,16777216,0.013882096,0.01368987,0.014001827,0.013877651,0.01368987
1,16777216,0.014002758,0.013802203,0.014156987,0.014039723,0.013802203
1,16777216,0.013907385,0.013589347,0.014051898,0.013976342,0.01392418
1,16777216,0.013784087,0.013570935,0.01391833,0.013854497,0.013658183
1,16777216,0.013808121,0.013611025,0.013944995,0.013810418,0.013681903
1,16777216,0.013781074,0.013620481,0.013912002,0.013856068,0.013667278
1,16777216,0.013956927,0.01357006,0.014145222,0.014016235,0.01357006
1,16777216,0.013831107,0.013464247,0.013990875,0.013939425,0.013464247
1,16777216,0.01412122,0.013679103,0.014245799,0.014201046,0.013679103
1,16777216,0.014073392,0.013549773,0.0141835,0.014133032,0.013761099
1,16777216,0.013825444,0.013573634,0.013994819,0.013860612,0.013957578
1,16777216,0.013675726,0.013605657,0.013735978,0.013687499,0.013631003
1,16777216,0.014303516,0.014059936,0.014429961,0.014361371,0.014360739
1,16777216,0.013982521,0.013520949,0.014106101,0.014032872,0.013894888
1,16777216,0.013847757,0.013514199,0.013958139,0.01388402,0.013514199
1,16777216,0.014162563,0.013592289,0.014321714,0.014225296,0.014179532
1,16777216,0.013720959,0.013551304,0.013936368,0.013652629,0.013551304
1,16777216,0.013666975,0.01356651,0.013741815,0.013684818,0.01356651
1,16777216,0.014326454,0.013724435,0.014459909,0.014416034,0.01380843
1,16777216,0.013641374,0.013552972,0.013712718,0.013656913,0.013564387
1,16777216,0.013650715,0.013529898,0.013711614,0.013668123,0.013637723
1,16777216,0.014133376,0.013584839,0.014279575,0.014234809,0.014193149
1,16777216,0.013967924,0.01360377,0.014162606,0.014051101,0.013899425
1,16777216,0.013822514,0.013698512,0.013881187,0.01383728,0.013834537
1,16777216,0.013834742,0.013573063,0.014040842,0.013800229,0.013573063
1,16777216,0.013860383,0.013539353,0.013986918,0.013899122,0.013539353
1,16777216,0.014055481,0.013515586,0.014191441,0.014127978,0.013515586
1,16777216,0.013869413,0.013385285,0.013981014,0.013926103,0.013385285
1,16777216,0.014427319,0.013568162,0.014607878,0.014561874,0.014560192
1,16777216,0.014206603,0.013580592,0.014377214,0.014296433,0.013580592
1,16777216,0.014222865,0.01350789,0.014363047,0.014314478,0.01350789
1,16777216,0.013955771,0.01360496,0.014178173,0.014039165,0.01360496
1,16777216,0.013861567,0.013716488,0.013985406,0.01385474,0.013819275
1,16777216,0.013916821,0.013646202,0.01400951,0.013964013,0.013646202
1,16777216,0.014161928,0.013461388,0.014306726,0.014259902,0.014288735
1,16777216,0.013894931,0.013700541,0.014039368,0.013897217,0.013780913
1,16777216,0.013921136,0.013544964,0.01406571,0.01401506,0.013606551
1,16777216,0.013815014,0.013592093,0.014071544,0.0137426,0.013711731
1,16777216,0.013867054,0.013455848,0.013961064,0.013918154,0.013455848
1,16777216,0.013902503,0.013530725,0.014083102,0.013957092,0.013530725
1,16777216,0.014248487,0.013910527,0.014430632,0.014305009,0.013910527
1,16777216,0.013699912,0.013628518,0.013749168,0.013706309,0.013735582
1,16777216,0.013750941,0.013629056,0.013843691,0.013784995,0.013821558
1,16777216,0.013761005,0.013656325,0.013812079,0.013769227,0.013775366
1,16777216,0.01381166,0.013555283,0.014024637,0.013811847,0.013696347
1,16777216,0.014394919,0.01373239,0.014581782,0.014465648,0.014032895
1,16777216,0.013849135,0.013643337,0.013939371,0.013893378,0.013896196
1,16777216,0.014097643,0.013958198,0.014149514,0.014098987,0.014099315
1,16777216,0.013869228,0.01347198,0.013996808,0.013937952,0.01347198
1,16777216,0.013985261,0.013450301,0.014158384,0.014058487,0.013718399
1,16777216,0.013878027,0.013676607,0.014001894,0.013924688,0.013794269
1,16777216,0.013875321,0.013497827,0.013964134,0.013913078,0.013911389
1,16777216,0.013987733,0.0137834,0.014128752,0.013995738,0.014065869
1,16777216,0.014083126,0.013652035,0.014259451,0.014139005,0.013993532
1,16777216,0.01396339,0.013464784,0.014127068,0.014064069,0.013464784
1,16777216,0.013994581,0.013631134,0.014154065,0.014060727,0.013631134
1,16777216,0.013800881,0.013768762,0.013843802,0.013801771,0.013783869
1,16777216,0.014347049,0.01394055,0.01449935,0.014385659,0.01394055
1,16777216,0.013815391,0.013600626,0.013941544,0.013812238,0.013600626
1,16777216,0.014562357,0.014265756,0.014817393,0.014654804,0.014269894
1,16777216,0.014086816,0.013845807,0.014152854,0.014109329,0.014108765
1,16777216,0.014132092,0.013523548,0.014253733,0.014200182,0.013523548
1,16777216,0.014089557,0.013572343,0.014211029,0.014163099,0.014162243
1,16777216,0.013826615,0.013406199,0.013953522,0.013841122,0.013406199
1,16777216,0.014206938,0.013602648,0.014401162,0.014223218,0.013844753
1,16777216,0.013942613,0.013623376,0.013995261,0.013958719,0.013965321
1,16777216,0.014092786,0.013620088,0.01429405,0.014102565,0.013820084
1,16777216,0.014081952,0.013678936,0.014279481,0.014175399,0.013912602
1,16777216,0.013838252,0.013562744,0.014085632,0.013800863,0.013660525
1,16777216,0.013857564,0.013580943,0.013993282,0.013918351,0.013706887
1,16777216,0.013739271,0.013436989,0.013829095,0.013766763,0.013436989
1,16777216,0.013859029,0.013577873,0.014081298,0.013987424,0.013577873
1,16777216,0.013763568,0.013574692,0.013867087,0.013742545,0.013741812
1,16777216,0.014069749,0.013552789,0.014214879,0.014056208,0.013552789
1,16777216,0.014480794,0.013913343,0.014614374,0.014499806,0.013913343
1,16777216,0.013819403,0.013606113,0.013897291,0.013836985,0.013606113
1,16777216,0.013668008,0.013508785,0.013762486,0.013701015,0.013508785
1,16777216,0.014184737,0.01386651,0.014281246,0.014240195,0.013889834
1,16777216,0.013891084,0.013417928,0.014009316,0.013928765,0.013417928
1,16777216,0.013973513,0.013604708,0.014106164,0.014046701,0.013734361
1,16777216,0.013785953,0.013532247,0.013975175,0.01381677,0.013610427
1,16777216,0.014341919,0.013702087,0.014468617,0.014424346,0.014425589
1,16777216,0.014140736,0.0137117,0.014221127,0.014182022,0.013957076
1,16777216,0.013841936,0.013550095,0.013983396,0.013925646,0.013707212
1,16777216,0.013753475,0.013505351,0.013854848,0.013773142,0.013505351
1,16777216,0.014089644,0.013610304,0.014306396,0.014171023,0.013719452
1,16777216,0.013814401,0.013531165,0.013916732,0.013863844,0.013639647
1,16777216,0.013924284,0.013750896,0.013981022,0.013928503,0.013927945
1,16777216,0.014260205,0.013678769,0.014494636,0.014360971,0.013755432
1,16777216,0.014028392,0.013568663,0.014207361,0.014039121,0.013860224
1,16777216,0.013881431,0.013637745,0.014055501,0.01387987,0.013637745
1,16777216,0.014043674,0.013488471,0.014263427,0.014161957,0.013488471
1,16777216,0.013953977,0.013479795,0.014114753,0.013987199,0.013479795
1,16777216,0.014043272,0.013582307,0.014248602,0.014097687,0.013712455
1,16777216,0.014208752,0.013806943,0.014478845,0.014354773,0.01396819
1,16777216,0.013916853,0.013897606,0.013961329,0.013913846,0.013908737
1,16777216,0.014240148,0.013606142,0.014515475,0.014310059,0.014177647
1,16777216,0.01379263,0.013602562,0.013893664,0.013830775,0.013630531
1,16777216,0.014256915,0.01378321,0.014391278,0.014277472,0.014233768
1,16777216,0.013889742,0.013494751,0.013989138,0.013938353,0.013494751
1,16777216,0.013675335,0.013544933,0.013778917,0.013719854,0.013570062
1,16777216,0.013860731,0.01350267,0.013971658,0.013887254,0.013783821
1,16777216,0.01408364,0.013865206,0.014264702,0.014069442,0.013865206
1,16777216,0.01379049,0.013600964,0.013892398,0.013776677,0.013600964
1,16777216,0.013806309,0.013618135,0.013953699,0.013822209,0.013953699
1,16777216,0.013662043,0.013421172,0.01379446,0.013656634,0.013543475
1,16777216,0.01422742,0.013605031,0.014396945,0.014340055,0.01385928
1,16777216,0.014079147,0.013533521,0.014224482,0.01412377,0.013936585
1,16777216,0.013945653,0.013660863,0.014171427,0.013990761,0.013749195
1,16777216,0.013925687,0.013444684,0.014015631,0.013946913,0.013444684
1,16777216,0.013755043,0.013619536,0.013940026,0.0137223,0.013642811
1,16777216,0.013690366,0.0135165,0.013780574,0.013726465,0.013693822
1,16777216,0.013896907,0.013560997,0.013964523,0.013912874,0.013906079
1,16777216,0.013743235,0.013568757,0.013971386,0.013706904,0.013971386
1,16777216,0.013893526,0.013602829,0.013996392,0.013969718,0.013602829
1,16777216,0.014272539,0.01361309,0.014411766,0.014366591,0.014362054
1,16777216,0.014302735,0.013633576,0.014467165,0.014413329,0.013633576
1,16777216,0.013869267,0.013548951,0.014017338,0.013955876,0.013548951
1,16777216,0.014172401,0.013649513,0.014388372,0.014331471,0.013844474
1,16777216,0.014112367,0.013805042,0.014257354,0.014154946,0.013974945
1,16777216,0.014350036,0.013669052,0.014582695,0.014486746,0.014043057
1,16777216,0.01405532,0.013557615,0.014157808,0.014107168,0.013557615
1,16777216,0.014088418,0.013700041,0.014317037,0.014064032,0.014302848
1,16777216,0.01355544,0.013507701,0.013600488,0.013559066,0.013515137
1,16777216,0.014088251,0.013638695,0.014261302,0.014141759,0.013762419
1,16777216,0.014072626,0.013573722,0.014276517,0.014138264,0.013808737
1,16777216,0.013932537,0.013498167,0.014123977,0.013967085,0.013498167
1,16777216,0.013900867,0.01348687,0.014046513,0.013919582,0.01348687
1,16777216,0.01386821,0.013630271,0.013964029,0.013910773,0.013713289
1,16777216,0.014011045,0.013528559,0.014202833,0.014042558,0.013528559
1,16777216,0.014182534,0.013921262,0.014269615,0.014226626,0.014229344
1,16777216,0.013819765,0.013519037,0.014018345,0.01387921,0.013519037
1,16777216,0.013930228,0.01341118,0.014029204,0.013980508,0.01341118
1,16777216,0.014252159,0.01361573,0.014423628,0.014311342,0.014038892
1,16777216,0.014072176,0.013821091,0.014256431,0.014082174,0.01388374
1,16777216,0.013905502,0.013502966,0.014021551,0.013963991,0.013502966
1,16777216,0.014228423,0.013462101,0.014396837,0.014290562,0.014195844
1,16777216,0.013997381,0.013681802,0.014149802,0.014004457,0.01389414
1,16777216,0.014184883,0.013681507,0.014360689,0.014227188,0.014022664
1,16777216,0.0141255,0.013564205,0.014239628,0.014195321,0.013564205
1,16777216,0.013812901,0.01354268,0.013951611,0.01386624,0.013701582
1,16777216,0.013688839,0.013561049,0.01380205,0.013743838,0.013561049
1,16777216,0.014080181,0.013828256,0.014214059,0.014152351,0.013914744
1,16777216,0.014122219,0.013760374,0.0142747,0.014162343,0.01395129
1,16777216,0.014224099,0.013976601,0.014312783,0.014253333,0.013976601
1,16777216,0.013636568,0.013552938,0.013693482,0.01363812,0.013552938
1,16777216,0.013953405,0.013533841,0.01414357,0.014012942,0.013740998
1,16777216,0.013645951,0.013553069,0.013758426,0.013635747,0.013634689
1,16777216,0.013710706,0.013562944,0.013768582,0.013720473,0.013672159
1,16777216,0.013990795,0.013493819,0.01410942,0.014077878,0.013493819
1,16777216,0.013938371,0.013611438,0.014183189,0.014055227,0.013618753
1,16777216,0.014051143,0.013562942,0.014159599,0.014068816,0.013562942
1,16777216,0.013966384,0.013897737,0.014031882,0.01395999,0.014007908
1,16777216,0.013997784,0.013681879,0.014151572,0.01405888,0.014036977
1,16777216,0.013965142,0.013686113,0.014073379,0.013963571,0.013891065
1,16777216,0.013940228,0.013406569,0.014038007,0.013993805,0.013994219
1,16777216,0.014328395,0.014051654,0.014501579,0.014402594,0.014064233
1,16777216,0.013759295,0.013592853,0.01392896,0.013704475,0.013613942
1,16777216,0.013824161,0.013525834,0.013969312,0.013919935,0.013525834
1,16777216,0.013872603,0.013445414,0.013966192,0.013921951,0.013445414
1,16777216,0.013997677,0.013629963,0.014169295,0.014023175,0.013973198
1,16777216,0.014212863,0.01370183,0.014402447,0.014307731,0.01370183
1,16777216,0.014080944,0.013543778,0.014299629,0.014152011,0.013543778
1,16777216,0.013696076,0.013535515,0.01389692,0.013648419,0.013535515
1,16777216,0.01402406,0.013889278,0.014158994,0.014020239,0.013913056
1,16777216,0.013950006,0.013607721,0.014029254,0.013973216,0.013607721
1,16777216,0.013952754,0.013588243,0.014209202,0.013968394,0.01367137
1,16777216,0.014005424,0.01339642,0.014126223,0.014080651,0.01339642
1,16777216,0.01397798,0.013705041,0.01417312,0.013979932,0.01371111
1,16777216,0.013998213,0.013664551,0.014162255,0.01405497,0.013677415
1,16777216,0.013931997,0.013653846,0.014094554,0.014035894,0.013789218
1,16777216,0.013938091,0.013729355,0.014077475,0.013967577,0.01392471
1,16777216,0.013709356,0.01350258,0.013848716,0.013688584,0.013650733
1,16777216,0.013772502,0.013596003,0.013867007,0.01378626,0.013686307
1,16777216,0.013954718,0.013728613,0.014021824,0.013976749,0.013968465
1,16777216,0.013712647,0.0136474,0.013783279,0.013712894,0.013658603
1,16777216,0.014028375,0.013625591,0.01422133,0.014082625,0.013625591
1,16777216,0.014127666,0.013770552,0.014329538,0.014209778,0.013860592
1,16777216,0.0140685,0.013591082,0.014231658,0.014093469,0.013879462
1,16777216,0.013825229,0.013527463,0.01400003,0.013907352,0.013599048
1,16777216,0.013942891,0.013736215,0.014016642,0.013930317,0.013923739
1,16777216,0.013904121,0.013562241,0.014016237,0.013923132,0.013562241
1,16777216,0.014075832,0.013654321,0.014269006,0.014127965,0.013739169
1,16777216,0.013938805,0.013697782,0.014124812,0.01400624,0.013722959
1,16777216,0.014001372,0.013579691,0.01423705,0.013998614,0.013690255
1,16777216,0.014333134,0.013532126,0.014470633,0.014426602,0.013532126
1,16777216,0.014192787,0.013708726,0.014352196,0.014264441,0.013882018
1,16777216,0.014108752,0.013676069,0.014295082,0.014197945,0.013709464
1,16777216,0.013993311,0.013619966,0.014157623,0.014065853,0.013619966
1,16777216,0.0138551,0.013459307,0.013961742,0.013906085,0.013459307
1,16777216,0.013970111,0.013627837,0.014093924,0.014038951,0.01390813
1,16777216,0.014111653,0.013772939,0.014202297,0.014158912,0.013772939
1,16777216,0.013686541,0.01355943,0.013823313,0.013676589,0.013785693
1,16777216,0.014158673,0.013801385,0.014342756,0.014209074,0.013888022
1,16777216,0.013915627,0.013617458,0.014042332,0.013994902,0.013695624
1,16777216,0.013948385,0.013625974,0.014163996,0.013971139,0.014130053
1,16777216,0.0140035,0.013680418,0.014205948,0.01401677,0.01372339
1,16777216,0.014046188,0.013466414,0.01415198,0.014108551,0.013466414
1,16777216,0.014053122,0.013781179,0.014148262,0.014104754,0.014035991
1,16777216,0.01404948,0.013621393,0.014239932,0.014113042,0.013760849
1,16777216,0.014018183,0.013823595,0.014110209,0.014051503,0.0138278
1,16777216,0.014084954,0.01362841,0.014185074,0.014135772,0.013671971
1,16777216,0.014396619,0.013784802,0.014626685,0.01452936,0.014205363
1,16777216,0.013808995,0.013590021,0.013887409,0.013826141,0.013590021
1,16777216,0.01394091,0.013598259,0.014155987,0.013970581,0.013740672
1,16777216,0.013820488,0.01357721,0.013954302,0.013870791,0.01358672
1,16777216,0.013983917,0.013617784,0.014189161,0.014020685,0.013743617
1,16777216,0.013942694,0.013452777,0.014088446,0.013976946,0.013452777
1,16777216,0.014046608,0.013958136,0.014137214,0.014051533,0.013991049
1,16777216,0.014115495,0.013700528,0.014306221,0.014225482,0.0137761
1,16777216,0.014240205,0.013694928,0.014409783,0.014316894,0.014371928
1,16777216,0.013877839,0.01365832,0.013952928,0.013903602,0.013726298
1,16777216,0.013995281,0.013544395,0.014251647,0.014123387,0.013684003
1,16777216,0.013949812,0.013482158,0.014084979,0.013963878,0.013482158
1,16777216,0.013803397,0.013469436,0.013987447,0.013854025,0.013469436
1,16777216,0.013863704,0.013530717,0.014033405,0.013956429,0.013530717
1,16777216,0.013777318,0.013529825,0.013853162,0.013803369,0.013725017
1,16777216,0.014003768,0.013568121,0.014218211,0.014133301,0.013866706
1,16777216,0.01377892,0.013660348,0.013882044,0.013763911,0.013660348
1,16777216,0.013644271,0.013518433,0.013793944,0.013620816,0.013518433
1,16777216,0.01409326,0.013769971,0.01425257,0.014113613,0.013769971
1,16777216,0.013681774,0.013559529,0.013743589,0.013700241,0.013559529
1,16777216,0.013727696,0.013495686,0.013831176,0.013775543,0.013651812
1,16777216,0.013691071,0.013494353,0.013851673,0.013683058,0.0136369
1,16777216,0.013811867,0.013702885,0.013905108,0.01383087,0.013871031
1,16777216,0.013796506,0.013590408,0.014019538,0.013768139,0.014019538
1,16777216,0.013884693,0.013602341,0.014088868,0.013982689,0.013618379
1,16777216,0.014374216,0.013543479,0.014509026,0.014468951,0.013543479
1,16777216,0.014442407,0.013814484,0.014636892,0.014547338,0.014636892
1,16777216,0.013907149,0.013638224,0.013960314,0.013916927,0.013638224
1,16777216,0.013857045,0.013594908,0.013980796,0.013921573,0.013754991
1,16777216,0.013803696,0.013578626,0.013863861,0.013818201,0.013578626
1,16777216,0.013763821,0.013618783,0.013944349,0.013683172,0.013944349
1,16777216,0.013832935,0.013562022,0.014064615,0.013836731,0.013591239
1,16777216,0.014393401,0.014010653,0.014546799,0.014496386,0.014010653
1,16777216,0.01401823,0.013617251,0.014208238,0.013989724,0.013617251
1,16777216,0.014085831,0.013491491,0.014211415,0.014158148,0.013857961
1,16777216,0.014215843,0.013665358,0.014410068,0.014347783,0.014042448
1,16777216,0.014150693,0.01364517,0.014372304,0.014246733,0.013845338
1,16777216,0.013843242,0.013521578,0.014017539,0.013852491,0.013771635
1,16777216,0.013688749,0.013532133,0.013788599,0.013712094,0.0135546
1,16777216,0.013524218,0.013432011,0.013600729,0.013529193,0.013439455
1,16777216,0.014334587,0.013540621,0.014495768,0.014442535,0.013540621
1,16777216,0.013993957,0.013736537,0.01413517,0.014083297,0.013766473
1,16777216,0.014144881,0.013614651,0.014237968,0.014200524,0.01393851
1,16777216,0.013763847,0.013526853,0.013928138,0.01375883,0.013526853
1,16777216,0.014233363,0.01378025,0.014489684,0.014379521,0.014086302
1,16777216,0.01387087,0.013690268,0.014013236,0.013843658,0.013794083
1,16777216,0.014095886,0.013525362,0.014262341,0.014157814,0.013983425
1,16777216,0.014420771,0.013643134,0.014613904,0.014572378,0.014131215
1,16777216,0.014086091,0.013569829,0.014319538,0.014203447,0.013611221
1,16777216,0.014017267,0.013537063,0.014092293,0.014026711,0.013537063
1,16777216,0.013926959,0.013619556,0.014064376,0.013971636,0.013619556
1,16777216,0.01392109,0.013563384,0.014114714,0.01399164,0.013563384
1,16777216,0.01388281,0.01362142,0.014042413,0.013913066,0.01362142
