run_id,msg_size,5_Avg-Duration_s,5_Min-Duration_s,5_Max-Duration_s,5_Median-Duration_s,5_MainRank-Duration_s
1,262144,0.000368813,0.000363601,0.000374143,0.00036891,0.000366884
1,262144,0.000371033,0.00036539,0.00037639,0.000370808,0.000369995
1,262144,0.000371692,0.000365545,0.000379052,0.000371086,0.000368204
1,262144,0.000370847,0.000363219,0.00037579,0.000371021,0.000371281
1,262144,0.000373499,0.000365981,0.000379297,0.000373947,0.000372929
1,262144,0.000370731,0.000363243,0.000375428,0.000371396,0.000365836
1,262144,0.000370318,0.000361306,0.000374051,0.000370307,0.000368421
1,262144,0.000369289,0.000366588,0.00037247,0.000369121,0.00037133
1,262144,0.000370556,0.000363459,0.000374941,0.000371101,0.000364872
1,262144,0.00037463,0.000368778,0.000379969,0.000374946,0.000376787
1,262144,0.000375796,0.000369628,0.000381712,0.000376363,0.000372432
1,262144,0.000371418,0.000366873,0.000376029,0.0003717,0.00037405
1,262144,0.000373484,0.000365941,0.000380049,0.000373876,0.000375413
1,262144,0.000369939,0.000360573,0.00037511,0.00037156,0.000374701
1,262144,0.000372805,0.000366039,0.000378162,0.000373289,0.000369302
1,262144,0.000368556,0.000363731,0.000372482,0.000369157,0.000371974
1,262144,0.000375997,0.000369364,0.000401204,0.000375251,0.000372266
1,262144,0.000372395,0.000368608,0.000377855,0.00037239,0.000370455
1,262144,0.000374051,0.000364764,0.000380109,0.000375123,0.000366698
1,262144,0.000371315,0.000362958,0.000377042,0.000371519,0.000373292
1,262144,0.000373262,0.00036487,0.000379683,0.000373794,0.000372293
1,262144,0.000370425,0.000363409,0.000375889,0.000371288,0.00037146
1,262144,0.000371584,0.000367049,0.000377703,0.000371642,0.000371824
1,262144,0.000370873,0.000364138,0.000375892,0.000371341,0.000372281
1,262144,0.000371217,0.000365872,0.000375828,0.000371204,0.00037138
1,262144,0.000390494,0.000378063,0.000398954,0.000392084,0.000391963
1,262144,0.000380717,0.000370051,0.0003879,0.000381293,0.000383327
1,262144,0.000367274,0.000363892,0.000370662,0.000367196,0.000366314
1,262144,0.000373194,0.000366109,0.000379599,0.00037333,0.00037816
1,262144,0.000373767,0.000366769,0.000379982,0.000373985,0.000375389
1,262144,0.000377248,0.000367915,0.000382566,0.000377736,0.000382012
1,262144,0.000374784,0.000366074,0.00038046,0.000375064,0.000372122
1,262144,0.000376409,0.000366226,0.000382162,0.000377859,0.000373306
1,262144,0.000374222,0.000369513,0.000379921,0.000373825,0.000376662
1,262144,0.000372216,0.000365629,0.000379232,0.000371939,0.000371094
1,262144,0.00037939,0.00036796,0.000387387,0.000380119,0.000381756
1,262144,0.000369084,0.000366184,0.000371362,0.000368911,0.000371317
1,262144,0.000372229,0.000364314,0.000378294,0.000372922,0.000369781
1,262144,0.00037525,0.000367215,0.000383009,0.000376133,0.000383009
1,262144,0.000371367,0.000367274,0.000375891,0.000371562,0.000367524
1,262144,0.000389613,0.000377757,0.000398673,0.000390145,0.00038666
1,262144,0.000374487,0.000364094,0.000381207,0.000375965,0.000376854
1,262144,0.000372239,0.000362331,0.000377867,0.000372562,0.000362331
1,262144,0.000374027,0.000368724,0.000378238,0.000373945,0.00037438
1,262144,0.000368303,0.000364216,0.000370311,0.000368483,0.000368511
1,262144,0.000369597,0.000363937,0.000374313,0.000370165,0.000368979
1,262144,0.00037202,0.000363113,0.000376507,0.000372928,0.000368902
1,262144,0.000370693,0.000368127,0.000373301,0.000370994,0.000372498
1,262144,0.000373172,0.000365218,0.000378735,0.000373229,0.00037727
1,262144,0.000374428,0.000368433,0.000379389,0.000374705,0.000379389
1,262144,0.000369408,0.000364763,0.000373351,0.000370115,0.000370394
1,262144,0.000372713,0.000368377,0.000376488,0.000373128,0.000374
1,262144,0.000368633,0.000363717,0.000373472,0.000368883,0.000369836
1,262144,0.000368076,0.000363039,0.000373251,0.000367611,0.000370146
1,262144,0.000375301,0.000368288,0.00038036,0.000375564,0.000373077
1,262144,0.000391865,0.000381487,0.000406896,0.000388704,0.000382499
1,262144,0.000376508,0.000367155,0.000385062,0.000377509,0.00038163
1,262144,0.000373887,0.000364783,0.00037953,0.000375678,0.000376176
1,262144,0.000376476,0.000365751,0.000382807,0.000377203,0.000379309
1,262144,0.000375263,0.000369776,0.000381157,0.000375769,0.00037483
1,262144,0.000374115,0.000369198,0.000379998,0.000374042,0.000376038
1,262144,0.000367945,0.000365656,0.000371439,0.00036753,0.000365656
1,262144,0.00037317,0.00036583,0.000378802,0.000373625,0.000372395
1,262144,0.000374748,0.00036345,0.000381681,0.000376624,0.000372372
1,262144,0.00037606,0.000368616,0.000380936,0.000376316,0.000375417
1,262144,0.000373573,0.000366257,0.000394191,0.000371212,0.000371438
1,262144,0.000374818,0.000368905,0.000380064,0.000374888,0.000374214
1,262144,0.000369253,0.000360764,0.000374382,0.000369562,0.000368011
1,262144,0.000372818,0.000365642,0.000378246,0.000373596,0.000376773
1,262144,0.000374664,0.000367761,0.000379599,0.000374986,0.000375667
1,262144,0.00038226,0.000377938,0.000389209,0.000381377,0.000381805
1,262144,0.000373266,0.000364148,0.000379693,0.000373392,0.000375921
1,262144,0.000371394,0.000366767,0.000375598,0.000370975,0.000373242
1,262144,0.000372925,0.000365442,0.000379237,0.000373113,0.000371334
1,262144,0.000376257,0.000367035,0.000383386,0.000376864,0.000380322
1,262144,0.000370138,0.00036719,0.000372453,0.000370186,0.000368938
1,262144,0.000370302,0.000366945,0.000374223,0.000370173,0.000368442
1,262144,0.000372734,0.000362835,0.000377581,0.000373554,0.000370339
1,262144,0.000371351,0.000367193,0.000375677,0.000371184,0.000370208
1,262144,0.000374017,0.000365564,0.000380687,0.000374468,0.000365712
1,262144,0.000372826,0.000368636,0.000378083,0.000373102,0.000378083
1,262144,0.000373628,0.000368229,0.000379776,0.000374209,0.0003758
1,262144,0.000373298,0.000366165,0.000378593,0.000373498,0.000377784
1,262144,0.000369434,0.000363174,0.000375082,0.000369871,0.000370505
1,262144,0.000371813,0.000364484,0.000376248,0.000372571,0.000369048
1,262144,0.000389301,0.000381589,0.000396206,0.000389927,0.000387924
1,262144,0.000373133,0.000367769,0.000377796,0.00037295,0.000374049
1,262144,0.000367842,0.00035877,0.000374629,0.000369444,0.000359865
1,262144,0.000370929,0.00036266,0.000376436,0.00037156,0.000367201
1,262144,0.000377977,0.00037016,0.000384507,0.000378534,0.000382041
1,262144,0.000376985,0.000369622,0.000383171,0.000377426,0.000380322
1,262144,0.000374162,0.000366414,0.000381161,0.000373751,0.000374379
1,262144,0.000378946,0.000370205,0.000403119,0.000374576,0.000374579
1,262144,0.00037177,0.000366014,0.00037507,0.00037228,0.000371467
1,262144,0.000370572,0.000364875,0.000375318,0.000370641,0.000371422
1,262144,0.000370542,0.000367127,0.00037382,0.000370773,0.000368239
1,262144,0.000365908,0.000359388,0.000371297,0.000366737,0.000360401
1,262144,0.000370657,0.000361483,0.000376163,0.000370948,0.000370787
1,262144,0.000372301,0.000362495,0.000375297,0.000373386,0.000374271
1,262144,0.00037214,0.00036737,0.000378063,0.000371863,0.00037056
1,262144,0.000550625,0.000526743,0.00056765,0.000549061,0.000546019
1,262144,0.000623976,0.000587,0.000753288,0.000617384,0.000604252
1,262144,0.000708462,0.000634658,0.000823769,0.000681475,0.000675006
1,262144,0.000499478,0.000373201,0.000513362,0.000505701,0.000505977
1,262144,0.000368379,0.00036542,0.000371565,0.000368525,0.000367053
1,262144,0.000377444,0.000363504,0.000384083,0.000379438,0.000375194
1,262144,0.00036797,0.000360811,0.000372514,0.00036958,0.000362414
1,262144,0.00037065,0.000364536,0.000376503,0.000370861,0.000371463
1,262144,0.000369005,0.000362259,0.000374157,0.000369813,0.000362259
1,262144,0.000372021,0.000364493,0.000375517,0.00037257,0.000371426
1,262144,0.000367002,0.000362498,0.000371352,0.000366764,0.000370158
1,262144,0.000370752,0.000365103,0.00037457,0.000370842,0.000370368
1,262144,0.000372526,0.000367157,0.000378895,0.00037162,0.000369857
1,262144,0.000370452,0.000364102,0.000376064,0.000370459,0.000370896
1,262144,0.000374444,0.000366221,0.000380304,0.000374566,0.000377066
1,262144,0.000369704,0.000366703,0.000372881,0.000369686,0.00036851
1,262144,0.000371479,0.000358798,0.000377142,0.000373012,0.000368202
1,262144,0.000370976,0.000367066,0.000375859,0.000371103,0.000372032
1,262144,0.000374711,0.000366297,0.000381115,0.000375228,0.000373138
1,262144,0.000368362,0.000361988,0.000372787,0.000368829,0.00036724
1,262144,0.000376508,0.000369499,0.000382068,0.00037706,0.000379393
1,262144,0.000377698,0.000366478,0.000385173,0.000378298,0.000378552
1,262144,0.000368098,0.000364405,0.000372696,0.000368246,0.000365472
1,262144,0.000374277,0.000363063,0.000379511,0.00037607,0.00037854
1,262144,0.00037505,0.000368113,0.000381257,0.00037544,0.000373015
1,262144,0.000372062,0.000365451,0.000375982,0.000372667,0.000370039
1,262144,0.000367168,0.000363533,0.000369284,0.000367117,0.000367131
1,262144,0.000371034,0.000365574,0.000375896,0.000371724,0.000369217
1,262144,0.000366243,0.000362543,0.000370495,0.00036598,0.00036773
1,262144,0.000374953,0.00036761,0.000379251,0.000376018,0.00037795
1,262144,0.000390184,0.000377943,0.000396728,0.0003918,0.000393597
1,262144,0.000373815,0.000366847,0.000379969,0.00037425,0.000367305
1,262144,0.000369875,0.000364123,0.000373628,0.000369697,0.000370543
1,262144,0.000368996,0.000366429,0.000371435,0.000369134,0.000370208
1,262144,0.000375615,0.000369023,0.000381924,0.000376075,0.000375735
1,262144,0.000373158,0.000365414,0.000378234,0.000372871,0.000372834
1,262144,0.000368296,0.000362018,0.000373116,0.000368736,0.000363113
1,262144,0.000371827,0.000367157,0.000375227,0.000371869,0.00037045
1,262144,0.000374957,0.000369324,0.000381843,0.000374543,0.000381104
1,262144,0.000371366,0.000366064,0.000374776,0.000371429,0.000371435
1,262144,0.000369865,0.000364903,0.000377083,0.000370837,0.000368375
1,262144,0.000373181,0.000366406,0.00037735,0.000373757,0.000376223
1,262144,0.000372033,0.000366795,0.000376991,0.000371778,0.000370115
1,262144,0.000375244,0.00036747,0.000379742,0.00037592,0.0003791
1,262144,0.000373231,0.000367736,0.000377417,0.000372791,0.000371132
1,262144,0.00038155,0.000371877,0.000388237,0.000383248,0.000384676
1,262144,0.000367718,0.000363264,0.000370625,0.000368172,0.000370068
1,262144,0.00037218,0.000362246,0.000378204,0.000371662,0.000372506
1,262144,0.000366481,0.000363627,0.000369407,0.000366502,0.000365673
1,262144,0.000374307,0.000368256,0.00038207,0.00037382,0.0003754
1,262144,0.000371164,0.000363987,0.000379364,0.000370483,0.000370289
1,262144,0.000371968,0.000365132,0.000376527,0.000372799,0.000373334
1,262144,0.000371225,0.000361677,0.000377292,0.000372153,0.000366762
1,262144,0.000370341,0.000363707,0.000374386,0.000370504,0.000372064
1,262144,0.000371326,0.000366609,0.000374794,0.000371261,0.000370958
1,262144,0.000366152,0.000361579,0.000370884,0.000366101,0.000365201
1,262144,0.000375494,0.000368192,0.000379696,0.000376003,0.000376461
1,262144,0.000371648,0.000366946,0.000375097,0.000372247,0.000370545
1,262144,0.000375584,0.000369477,0.000382528,0.00037622,0.000373725
1,262144,0.000372512,0.000366142,0.000377245,0.000373069,0.00037344
1,262144,0.000389466,0.000376253,0.000398053,0.0003896,0.000392187
1,262144,0.000370644,0.000364429,0.000375336,0.000371458,0.00037414
1,262144,0.000371581,0.00036656,0.000374834,0.000371679,0.000371165
1,262144,0.000372191,0.000365684,0.000377105,0.000372645,0.000374796
1,262144,0.000370758,0.000365121,0.000375029,0.000370728,0.000368846
1,262144,0.000370328,0.000365292,0.000374197,0.000370663,0.000369813
1,262144,0.000370205,0.000365886,0.000374652,0.000370417,0.000369227
1,262144,0.000371909,0.000364992,0.000411483,0.000371586,0.000411483
1,262144,0.00037109,0.000364615,0.000376603,0.000371746,0.000374481
1,262144,0.000369774,0.000365036,0.000374643,0.00036998,0.000373453
1,262144,0.000371164,0.000365101,0.000376374,0.000370904,0.000372428
1,262144,0.000373906,0.000367615,0.000377402,0.000374033,0.000369204
1,262144,0.000374835,0.000367042,0.000380367,0.000375192,0.000370978
1,262144,0.000374881,0.000362902,0.000381569,0.00037584,0.000379261
1,262144,0.000369207,0.000361869,0.000374681,0.000369929,0.000371079
1,262144,0.000384515,0.000370369,0.000403628,0.000382611,0.000391838
1,262144,0.00036927,0.000364831,0.000373952,0.000369227,0.00037008
1,262144,0.000370274,0.000360656,0.000377479,0.000370132,0.00036828
1,262144,0.000371809,0.000368094,0.000377119,0.000371923,0.000374773
1,262144,0.000372941,0.000365864,0.000376058,0.000373533,0.000371637
1,262144,0.000379615,0.000372171,0.000385997,0.000379357,0.000383976
1,262144,0.000372648,0.000366551,0.000378621,0.000372538,0.000369246
1,262144,0.000367397,0.000362823,0.000370585,0.000367788,0.00036773
1,262144,0.000372344,0.000364269,0.000378949,0.000372387,0.000370688
1,262144,0.000375484,0.000372303,0.000379312,0.000375627,0.000375569
1,262144,0.000369866,0.000366683,0.000372956,0.000369893,0.000368517
1,262144,0.000374816,0.000367555,0.000380677,0.000375609,0.000379156
1,262144,0.000370917,0.000366779,0.000376195,0.000370459,0.000370459
1,262144,0.000371374,0.00036304,0.000375144,0.0003724,0.000373338
1,262144,0.000368041,0.000362256,0.000373428,0.000367614,0.000367824
1,262144,0.000386662,0.000374942,0.000395413,0.000387735,0.000384992
1,262144,0.00039257,0.000380561,0.00040271,0.000391846,0.000400971
1,262144,0.000394417,0.000370987,0.0004127,0.000395735,0.000386041
1,262144,0.000374648,0.000368514,0.000379259,0.000375284,0.00037587
1,262144,0.000366532,0.000363033,0.000368757,0.000366592,0.000366511
1,262144,0.000376854,0.000368297,0.000385299,0.00037668,0.000380803
1,262144,0.000369222,0.000362244,0.000373868,0.000370629,0.000373456
1,262144,0.000369819,0.000359254,0.000374577,0.000369859,0.000371743
1,262144,0.000369665,0.000363953,0.000375722,0.000370841,0.000371494
1,262144,0.000371612,0.000367822,0.000375049,0.000371699,0.000370521
1,262144,0.000368082,0.000363721,0.000372758,0.000368301,0.000365121
1,262144,0.000369597,0.000362705,0.000375046,0.000369318,0.000368011
1,262144,0.00037445,0.000365165,0.000379107,0.000374963,0.000371634
1,262144,0.000369371,0.000362841,0.000373825,0.000369731,0.00037038
1,262144,0.000369509,0.000361271,0.000374847,0.000370946,0.000374847
1,262144,0.000382011,0.000371674,0.00039057,0.000383802,0.000386363
1,262144,0.000365829,0.000361218,0.000370033,0.00036623,0.000362574
1,262144,0.000373773,0.000366275,0.000379686,0.000374004,0.000377901
1,262144,0.001845216,0.001719737,0.001902992,0.001875892,0.001769212
1,262144,0.000370306,0.00036535,0.000375688,0.000370386,0.000367267
1,262144,0.000370943,0.000365992,0.000374814,0.000371028,0.000372904
1,262144,0.000368264,0.000360457,0.000372249,0.000368487,0.000368305
1,262144,0.000370742,0.000366867,0.000375734,0.000371098,0.000369739
1,262144,0.000367549,0.000363958,0.000372193,0.000367498,0.000370014
1,262144,0.000372009,0.000366881,0.000376538,0.000372116,0.00037091
1,262144,0.000376166,0.000369633,0.00038204,0.000376364,0.000372824
1,262144,0.00037092,0.000363293,0.000376212,0.000371519,0.000370533
1,262144,0.000374426,0.00036478,0.000381632,0.000374421,0.000373932
1,262144,0.00037186,0.000366519,0.000377437,0.000370944,0.000375166
1,262144,0.000369467,0.000365414,0.000373396,0.000369636,0.000371644
1,262144,0.000383643,0.000371661,0.000397665,0.000383491,0.000383945
1,262144,0.000371372,0.000365465,0.000377275,0.000371361,0.000371093
1,262144,0.000371525,0.000364247,0.000375576,0.000372218,0.000372101
1,262144,0.000371381,0.000364974,0.000377767,0.000371024,0.000367454
1,262144,0.000374294,0.000368194,0.000378725,0.000374407,0.000377351
1,262144,0.000367734,0.000364044,0.000371756,0.000367842,0.000365197
1,262144,0.000370051,0.000364361,0.000374383,0.000370066,0.000365394
1,262144,0.000369826,0.000365076,0.000373166,0.000370108,0.000369855
1,262144,0.0003681,0.000361103,0.000374276,0.000368873,0.000368874
1,262144,0.000372252,0.000368826,0.000377947,0.000372474,0.000374419
1,262144,0.000367832,0.000361822,0.000373265,0.000367806,0.000364768
1,262144,0.000373818,0.000363322,0.00038108,0.000374487,0.000368564
1,262144,0.000371476,0.000364764,0.000375911,0.000371663,0.00036932
1,262144,0.000369829,0.000363043,0.000376533,0.000370195,0.000368284
1,262144,0.000376428,0.000365691,0.000382546,0.000377656,0.000381376
1,262144,0.000383495,0.000369402,0.000392203,0.000384892,0.000391407
1,262144,0.000373004,0.000366572,0.000377287,0.000373205,0.000370701
1,262144,0.000370171,0.00036578,0.0003736,0.000370264,0.000369862
1,262144,0.000376605,0.000369792,0.000383507,0.0003765,0.000376502
1,262144,0.000369721,0.000366329,0.000373671,0.000369962,0.000367
1,262144,0.000369114,0.000364985,0.000372478,0.000369693,0.000370727
1,262144,0.000372317,0.000361809,0.000379767,0.000374385,0.000378189
1,262144,0.000369495,0.000365924,0.000375058,0.00036986,0.000372141
1,262144,0.000375022,0.000364862,0.000383434,0.000376128,0.000381674
1,262144,0.000371529,0.000361935,0.000377204,0.000372317,0.000373081
1,262144,0.000375368,0.0003662,0.000380034,0.000376571,0.000378845
1,262144,0.00037486,0.000366637,0.000381672,0.00037463,0.000379233
1,262144,0.000369334,0.000365364,0.000371769,0.000369351,0.000370323
1,262144,0.000373755,0.000367183,0.000381019,0.000373069,0.000376411
1,262144,0.000371033,0.000364704,0.000375316,0.000371211,0.000375316
1,262144,0.000394519,0.000384565,0.000409623,0.000393956,0.000409154
1,262144,0.000372944,0.000366354,0.000378521,0.000373334,0.00036973
1,262144,0.000369037,0.000363,0.00037349,0.000369407,0.000372232
1,262144,0.000368241,0.000362707,0.000376229,0.000368748,0.000364188
1,262144,0.000366192,0.000360544,0.000372695,0.000366176,0.000371539
1,262144,0.00037109,0.000364733,0.000377183,0.000371128,0.000369062
1,262144,0.000371035,0.000362685,0.000375335,0.000371282,0.00037134
1,262144,0.000371746,0.000362843,0.000377922,0.00037279,0.000362843
1,262144,0.000367947,0.000362128,0.000373201,0.000367968,0.000367893
1,262144,0.000366902,0.000361041,0.000371057,0.000367134,0.00036921
1,262144,0.000370378,0.00035793,0.000377237,0.000370592,0.000371133
1,262144,0.000373622,0.000365862,0.000380843,0.000374437,0.000380552
1,262144,0.000368711,0.00036381,0.000373381,0.000369262,0.000371163
1,262144,0.00036988,0.000364766,0.000374076,0.000369443,0.000374076
1,262144,0.000374197,0.000366258,0.000382323,0.000374986,0.000375885
1,262144,0.000386458,0.000373964,0.000395121,0.000386842,0.000385352
1,262144,0.000367485,0.000361019,0.000373083,0.000367771,0.000367499
1,262144,0.000368451,0.000359591,0.000374089,0.000369032,0.000368703
1,262144,0.000369292,0.00036465,0.000373316,0.000369303,0.000364859
1,262144,0.000372375,0.000364986,0.000376883,0.000373032,0.000372139
1,262144,0.000373979,0.000366566,0.000379737,0.000375033,0.000373255
1,262144,0.000369662,0.000363843,0.000374237,0.000370636,0.00037154
1,262144,0.000374809,0.00036787,0.000381081,0.000375935,0.000372143
1,262144,0.000373824,0.000368244,0.000378312,0.000373775,0.00037171
1,262144,0.000368839,0.000361224,0.000372969,0.000369827,0.000372969
1,262144,0.000368726,0.000362631,0.000375239,0.000368309,0.000370141
1,262144,0.000370135,0.000361273,0.000374475,0.00037062,0.000373433
1,262144,0.000367029,0.000363757,0.00037047,0.000366924,0.000364995
1,262144,0.000378497,0.000364772,0.000387924,0.000379877,0.000384824
1,262144,0.000369382,0.000363243,0.000375126,0.000369213,0.000367523
1,262144,0.000389243,0.000376211,0.00039867,0.000389957,0.000398653
1,262144,0.000366139,0.000361137,0.000370337,0.00036627,0.000370337
1,262144,0.000371132,0.000361912,0.000376063,0.00037212,0.000375046
1,262144,0.000369193,0.000360956,0.000375799,0.000370797,0.000372652
1,262144,0.000369882,0.000360668,0.000377321,0.000370777,0.000374884
1,262144,0.000366033,0.000359614,0.000370026,0.0003664,0.000366122
1,262144,0.000366601,0.000362499,0.00037031,0.000366782,0.000366679
1,262144,0.000372198,0.000362485,0.000377815,0.000373747,0.000371978
1,262144,0.000369034,0.000362076,0.000375116,0.00037014,0.000372609
1,262144,0.000368258,0.000364889,0.00037181,0.000368176,0.000365132
1,262144,0.000372868,0.000365035,0.000381563,0.000373131,0.000374466
1,262144,0.000367589,0.000362008,0.000372964,0.000368385,0.000370763
1,262144,0.000369172,0.000363917,0.000372371,0.000369422,0.000368889
1,262144,0.000369676,0.000364857,0.00037296,0.000370296,0.000364857
1,262144,0.000370409,0.000361537,0.000374697,0.000370168,0.000367483
1,262144,0.000383425,0.000369967,0.00039024,0.00038574,0.000387026
1,262144,0.000366834,0.000358605,0.00037346,0.000367112,0.000365634
1,262144,0.000372648,0.00036559,0.000376024,0.00037326,0.000375403
1,262144,0.00037164,0.00036697,0.00037486,0.000371967,0.000373155
1,262144,0.000369715,0.000364531,0.000372826,0.000370594,0.000370486
1,262144,0.00037123,0.000365498,0.000376616,0.000371337,0.000372365
1,262144,0.000371744,0.000362651,0.000378024,0.00037351,0.000370384
1,262144,0.000366795,0.000361944,0.000369777,0.000367659,0.000364313
1,262144,0.000368145,0.000361525,0.000372303,0.00036842,0.000368938
1,262144,0.000371627,0.000363657,0.000375818,0.000372496,0.000372721
1,262144,0.000369036,0.000364282,0.000373887,0.000369627,0.000369255
1,262144,0.000369436,0.000362136,0.000373744,0.000370131,0.000369499
1,262144,0.000384367,0.000372055,0.00043258,0.000383208,0.000387542
1,262144,0.000436279,0.000402279,0.000480007,0.000439355,0.000438336
1,262144,0.000472702,0.000362793,0.000480268,0.000478023,0.000478196
1,262144,0.000429931,0.000407962,0.000438155,0.000432739,0.000418309
1,262144,0.000412308,0.000355992,0.00043099,0.000427641,0.000424686
1,262144,0.000369997,0.000366189,0.000375098,0.000370288,0.000370048
1,262144,0.000449958,0.000372217,0.000496806,0.000452314,0.000468862
1,262144,0.00052412,0.000487652,0.000536239,0.000525928,0.000535288
1,262144,0.000560193,0.000514418,0.000636337,0.000558832,0.000558854
1,262144,0.000538478,0.000516525,0.000585552,0.000539224,0.00054089
1,262144,0.0004109,0.000366996,0.000440803,0.000430296,0.000426741
1,262144,0.000368363,0.000361394,0.000383802,0.000368647,0.000362837
1,262144,0.000368076,0.000358983,0.000373791,0.000367955,0.000372976
1,262144,0.000368143,0.000361829,0.000374562,0.000368302,0.000361829
1,262144,0.000367278,0.000360205,0.000371672,0.000367545,0.000371573
1,262144,0.000369312,0.000366136,0.000373158,0.00036903,0.000366219
1,262144,0.000368991,0.000364505,0.000372173,0.000369678,0.000370553
1,262144,0.00036664,0.000362848,0.000370206,0.000366749,0.000365385
1,262144,0.000367013,0.000363782,0.000370338,0.000367078,0.000366059
1,262144,0.000371358,0.000365659,0.000378967,0.000370783,0.00037084
1,262144,0.000368347,0.000365476,0.000371322,0.000368251,0.00036816
1,262144,0.000369285,0.000364629,0.000374047,0.000369219,0.000368199
1,262144,0.000369371,0.000362047,0.000375977,0.00036955,0.000372045
1,262144,0.000372258,0.000364544,0.000378807,0.000372159,0.00037107
1,262144,0.000365783,0.00035952,0.000371151,0.00036686,0.000367651
1,262144,0.000375509,0.000366679,0.000381433,0.000375809,0.000373878
1,262144,0.000370142,0.000362959,0.000374933,0.000371644,0.00037281
1,262144,0.000367551,0.000361261,0.000370425,0.00036798,0.00036677
1,262144,0.000364477,0.000359738,0.000369306,0.00036457,0.000366474
1,262144,0.000366669,0.000361929,0.000370335,0.000366821,0.000365416
1,262144,0.000365646,0.000362095,0.000369818,0.000365366,0.000368146
1,262144,0.000371109,0.0003649,0.000377293,0.00037105,0.000365207
1,262144,0.000370498,0.000366958,0.000390382,0.00037001,0.000367367
1,262144,0.000385691,0.000367765,0.000397242,0.000389027,0.000373167
1,262144,0.000368866,0.000362942,0.000372652,0.00036959,0.000371791
1,262144,0.000366911,0.000363017,0.000370275,0.000367018,0.000367094
1,262144,0.000369746,0.000366395,0.000372485,0.000369967,0.000369986
1,262144,0.000369303,0.000362903,0.000373217,0.000369921,0.00036993
1,262144,0.000370917,0.000360235,0.000376923,0.000371995,0.000369192
1,262144,0.000370867,0.000365541,0.000375873,0.000371777,0.000372779
1,262144,0.000374314,0.000364322,0.000380178,0.000375723,0.000367999
1,262144,0.000372587,0.000363974,0.000396409,0.000372143,0.000373977
1,262144,0.000403727,0.000388285,0.000410218,0.00040453,0.000408101
1,262144,0.000420197,0.000395543,0.000428115,0.00042075,0.000420785
1,262144,0.000389014,0.000365482,0.000399347,0.000389201,0.000390025
1,262144,0.000395135,0.000373292,0.000436113,0.000387542,0.000385844
1,262144,0.000400967,0.000388411,0.000408243,0.000401923,0.000405765
1,262144,0.000374219,0.000365782,0.000380861,0.000374881,0.000367488
1,262144,0.0003647,0.000358652,0.00036872,0.0003649,0.000366398
1,262144,0.000368516,0.000364674,0.000372123,0.000368512,0.000370167
1,262144,0.000368729,0.000364159,0.000371944,0.000369102,0.000366201
1,262144,0.000365325,0.00035779,0.000370879,0.000366336,0.00035779
1,262144,0.000372158,0.000366274,0.0003798,0.000371342,0.000379311
1,262144,0.000370823,0.000362995,0.000375036,0.000371114,0.000362995
1,262144,0.000368967,0.000361142,0.000373949,0.000369431,0.000373949
1,262144,0.000368312,0.000363457,0.000371832,0.000368431,0.000371259
1,262144,0.000366589,0.000359585,0.000371947,0.00036618,0.000365832
1,262144,0.000372595,0.000363884,0.00038005,0.000373676,0.000371743
1,262144,0.000369084,0.000366141,0.000372609,0.000368998,0.000369612
1,262144,0.000375731,0.000365934,0.000384503,0.000376617,0.000381656
1,262144,0.00036791,0.000364339,0.000371394,0.00036843,0.000367262
1,262144,0.000367825,0.000364065,0.000371141,0.000368362,0.000369425
1,262144,0.000390606,0.00037356,0.000443486,0.000385187,0.000383778
1,262144,0.000413516,0.000383552,0.000437529,0.000412228,0.000410994
1,262144,0.000405258,0.000367142,0.000441271,0.000408369,0.000373998
1,262144,0.000381427,0.000367847,0.000411425,0.000373545,0.000393991
1,262144,0.000384244,0.000366885,0.000432969,0.000379589,0.000370699
1,262144,0.00036885,0.000365788,0.000372375,0.000368883,0.000369146
1,262144,0.000373382,0.000363667,0.000387283,0.000374158,0.000373585
1,262144,0.000375063,0.000363527,0.000381808,0.000376497,0.000379633
1,262144,0.000368509,0.000360261,0.000373322,0.000368804,0.000365074
1,262144,0.000378376,0.000367807,0.000386055,0.00037929,0.000380467
1,262144,0.000375334,0.000364684,0.000390808,0.000374603,0.000375936
1,262144,0.000370079,0.000360948,0.000374971,0.000370429,0.00037419
1,262144,0.000369078,0.000361668,0.000386728,0.000367465,0.000367564
1,262144,0.000374174,0.000365011,0.000382077,0.000375782,0.000378201
1,262144,0.000368589,0.00036481,0.000372186,0.000369435,0.000370843
1,262144,0.000365772,0.000360321,0.000368656,0.000366147,0.000365403
1,262144,0.000365454,0.000360712,0.000370099,0.000366142,0.000362427
1,262144,0.000370701,0.000365263,0.000375753,0.00037111,0.000373503
1,262144,0.000368617,0.000364432,0.000373898,0.000368025,0.000371604
1,262144,0.000365453,0.000360087,0.000369672,0.000365497,0.000365952
1,262144,0.000368249,0.00036085,0.000373938,0.000369068,0.000372374
1,262144,0.000369257,0.000365642,0.000372863,0.000369015,0.000367794
1,262144,0.000368543,0.000363036,0.000372158,0.000368733,0.000369671
1,262144,0.00037136,0.000366136,0.000375716,0.00037234,0.000372853
1,262144,0.00037268,0.000367839,0.000377519,0.000373004,0.000373219
1,262144,0.000372618,0.000367615,0.000377382,0.000372885,0.000374929
1,262144,0.000371068,0.000365629,0.000376556,0.000371068,0.000375192
1,262144,0.000371625,0.000365708,0.000375877,0.000372579,0.000372407
1,262144,0.000375102,0.000367799,0.000381492,0.00037492,0.000376088
1,262144,0.000369457,0.000364456,0.000374066,0.000369544,0.000369488
1,262144,0.000370816,0.000363331,0.000375877,0.000371516,0.000371559
1,262144,0.000389274,0.000379092,0.000398279,0.000388913,0.000389988
1,262144,0.000367855,0.000362391,0.000372135,0.000368689,0.000363639
1,262144,0.000373773,0.000362946,0.000379487,0.000375637,0.000377575
1,262144,0.000368703,0.000363266,0.000372496,0.000369112,0.000372496
1,262144,0.000366639,0.00036009,0.000371507,0.000367643,0.000369343
1,262144,0.000372296,0.000363881,0.00038074,0.000373958,0.000378287
1,262144,0.000369647,0.000359121,0.000374208,0.000370879,0.000373216
1,262144,0.000367868,0.000363012,0.000372083,0.000367946,0.000363012
1,262144,0.000371093,0.000363994,0.000375598,0.000371183,0.000372482
1,262144,0.00037294,0.0003638,0.000378298,0.000374445,0.000376241
1,262144,0.000367538,0.000362462,0.000371302,0.00036765,0.00036827
1,262144,0.000371347,0.000365194,0.000375542,0.000371676,0.000365194
1,262144,0.00037546,0.00036528,0.000427531,0.000370549,0.00036668
1,262144,0.00036977,0.000365614,0.000374671,0.000369778,0.000367276
1,262144,0.00036962,0.000365517,0.00037575,0.000369214,0.000372253
1,262144,0.000368969,0.000363029,0.000374905,0.000369137,0.000369401
1,262144,0.000370797,0.000366431,0.000375357,0.000370822,0.000372126
1,262144,0.000372367,0.000360821,0.000378339,0.000373789,0.000374421
1,262144,0.000373088,0.000363346,0.000378396,0.000373335,0.000374176
1,262144,0.000371435,0.00036545,0.00037543,0.000371676,0.000369222
1,262144,0.00036945,0.000363478,0.000374205,0.000369858,0.000367563
1,262144,0.000372877,0.000369426,0.000378777,0.000372287,0.00037159
1,262144,0.000364568,0.000361279,0.000367533,0.000364695,0.000365622
1,262144,0.000370414,0.000362913,0.000374324,0.00037112,0.000368058
1,262144,0.000373901,0.000365122,0.000380776,0.000375245,0.000366094
1,262144,0.000369151,0.000363445,0.000372286,0.000369328,0.000369197
1,262144,0.00037073,0.000362873,0.000375632,0.000371558,0.000368334
1,262144,0.00037027,0.000364819,0.000377902,0.000370878,0.000375079
1,262144,0.000369123,0.00036428,0.000373143,0.000369579,0.00037078
1,262144,0.000372611,0.000363346,0.000377599,0.000373967,0.000366736
1,262144,0.00038714,0.00038066,0.000391979,0.000387635,0.00039004
1,262144,0.000370122,0.000365441,0.000373769,0.00037049,0.000370013
1,262144,0.000370342,0.000366004,0.000374327,0.000370669,0.000373145
1,262144,0.000367796,0.000362493,0.000372968,0.000368686,0.000371411
1,262144,0.000370614,0.000366752,0.000374232,0.000370646,0.000370012
1,262144,0.000367089,0.000363657,0.000369099,0.000367435,0.000367688
1,262144,0.000373965,0.000366613,0.000377833,0.000374702,0.000372551
1,262144,0.000367873,0.000364076,0.000370818,0.000368009,0.000369201
1,262144,0.000370787,0.000366045,0.000375478,0.000370394,0.000374879
1,262144,0.000368796,0.000363799,0.000372605,0.000369342,0.000365782
1,262144,0.000367503,0.000363712,0.000371905,0.000367618,0.000368035
1,262144,0.000367759,0.000363323,0.000372105,0.00036798,0.000364557
1,262144,0.000374796,0.000366451,0.000380837,0.000376835,0.000377046
1,262144,0.000373436,0.000368258,0.000377874,0.000373612,0.000373646
1,262144,0.000370884,0.000362415,0.000374668,0.000371312,0.00037303
1,262144,0.000374851,0.000368733,0.000383245,0.000374203,0.000376981
1,262144,0.000365314,0.000359748,0.000369781,0.000365704,0.000364378
1,262144,0.000370847,0.000365522,0.000375356,0.000371406,0.000373733
1,262144,0.000369954,0.000363695,0.000372952,0.000370382,0.000368832
1,262144,0.000372313,0.000363961,0.000377453,0.000372692,0.000371475
1,262144,0.000369449,0.000362069,0.000373244,0.000369903,0.000365064
1,262144,0.000367665,0.000363449,0.000371235,0.000367893,0.000370197
1,262144,0.000370989,0.000363632,0.000376606,0.000371803,0.000374793
1,262144,0.000370059,0.000363999,0.000374015,0.000371129,0.000373394
1,262144,0.000367715,0.00036392,0.000372667,0.000367297,0.00036535
1,262144,0.000368879,0.000363706,0.000373695,0.000369149,0.000369061
1,262144,0.0003707,0.000363981,0.00037589,0.000371225,0.000371609
1,262144,0.0003697,0.000363872,0.000373511,0.000370727,0.000370933
1,262144,0.000370598,0.00036537,0.000386067,0.000370271,0.000369222
1,262144,0.00038595,0.000371985,0.000407094,0.000380589,0.000407001
1,262144,0.000402947,0.000386338,0.000413753,0.00040522,0.000407493
1,262144,0.000376335,0.000366797,0.000391032,0.000376416,0.000372752
1,262144,0.000381809,0.000368122,0.000413848,0.000381359,0.000382053
1,262144,0.000385435,0.000358598,0.000393922,0.000386905,0.000393071
1,262144,0.000367895,0.000362148,0.00037344,0.000367622,0.000372642
1,262144,0.000366548,0.000361655,0.000371217,0.00036673,0.000369516
1,262144,0.000369378,0.000362368,0.000373815,0.00036994,0.000372671
1,262144,0.000370713,0.000362137,0.000375175,0.000371901,0.000372392
1,262144,0.000367336,0.000360435,0.000371268,0.000367905,0.000369973
1,262144,0.000369692,0.000360214,0.00037536,0.000371183,0.000372312
1,262144,0.00036889,0.000364374,0.00037394,0.000368577,0.000371259
1,262144,0.000366545,0.000361285,0.000370306,0.000366394,0.000364833
1,262144,0.000367451,0.000364105,0.000370835,0.000367475,0.000368885
1,262144,0.000366512,0.000361136,0.000371267,0.00036672,0.000364251
1,262144,0.000377761,0.000368961,0.000385164,0.000378687,0.000378836
1,262144,0.000368773,0.000364367,0.000371562,0.000368994,0.000370677
1,262144,0.000368335,0.00036314,0.000372184,0.000368533,0.00036809
1,262144,0.000372946,0.000361501,0.000378842,0.000374763,0.0003747
1,262144,0.000371086,0.000364561,0.000376021,0.000372042,0.000372204
1,262144,0.000367695,0.000358977,0.000374462,0.000367732,0.000367702
1,262144,0.000370686,0.000367283,0.000374721,0.000371421,0.000371422
1,262144,0.000368909,0.000361162,0.00037403,0.000369771,0.000364892
1,262144,0.00037143,0.000364804,0.000377068,0.000372209,0.000368557
1,262144,0.000370256,0.00036143,0.000377532,0.000370929,0.000364361
1,262144,0.000370765,0.000367875,0.000374364,0.000370873,0.000370177
1,262144,0.000369469,0.000365713,0.000373478,0.000369055,0.000369452
1,262144,0.000367294,0.000363078,0.000372339,0.000367801,0.00037
1,262144,0.000367412,0.000362438,0.000371871,0.000367935,0.000364686
1,262144,0.000367425,0.00036123,0.00037017,0.000367824,0.00036123
1,262144,0.000367995,0.000362931,0.000371403,0.000368199,0.000369805
1,262144,0.000391585,0.000381452,0.000397777,0.000392147,0.000393838
1,262144,0.000369639,0.00036449,0.000373058,0.000369612,0.000370071
1,262144,0.000372927,0.000364538,0.000378446,0.00037343,0.000370419
1,262144,0.000366749,0.000359895,0.000371236,0.000367329,0.000367261
1,262144,0.000369563,0.000361983,0.000374785,0.000369307,0.000370144
1,262144,0.000370156,0.00036468,0.000374449,0.000370421,0.000370377
1,262144,0.000365455,0.00035908,0.000372328,0.000365966,0.000368254
1,262144,0.00037004,0.000364012,0.000375468,0.00037104,0.000370082
1,262144,0.00036741,0.000362002,0.000371724,0.000367844,0.000370475
1,262144,0.000366843,0.000362061,0.000372121,0.000366625,0.00036389
1,262144,0.000370044,0.000362884,0.000374446,0.000370466,0.00036859
1,262144,0.000366355,0.000360661,0.00037207,0.000366494,0.00037207
1,262144,0.000366531,0.000361721,0.000372122,0.00036583,0.000369961
1,262144,0.000368723,0.000358479,0.000374456,0.000369697,0.000373603
1,262144,0.000368493,0.000358825,0.000374016,0.000368886,0.000371571
1,262144,0.000373599,0.000366559,0.000383367,0.000372989,0.000372644
1,262144,0.00037006,0.000364271,0.000373542,0.000370738,0.000370065
1,262144,0.000370236,0.000363968,0.00037409,0.000371094,0.000371823
1,262144,0.000367717,0.000360697,0.000372939,0.000367688,0.00036617
1,262144,0.000372157,0.000362705,0.000377692,0.00037225,0.00036768
1,262144,0.000363958,0.000358412,0.000369358,0.000363668,0.000365832
1,262144,0.000367356,0.000361268,0.000373573,0.000367367,0.000370465
1,262144,0.00036822,0.000364943,0.000372001,0.000367795,0.000366432
1,262144,0.000370845,0.000362905,0.000377138,0.000372195,0.00037448
1,262144,0.000370063,0.000362255,0.000375489,0.000370084,0.000367146
1,262144,0.000368439,0.000363965,0.000371696,0.000368722,0.000366343
1,262144,0.000369008,0.000360335,0.000375406,0.000370113,0.000370508
1,262144,0.000369154,0.000360765,0.000374912,0.000370914,0.000373008
1,262144,0.000366199,0.000360581,0.000373036,0.000366193,0.000363032
1,262144,0.000368904,0.000362639,0.000374735,0.00036884,0.000365414
1,262144,0.000390065,0.000379985,0.000401169,0.000391378,0.00040105
1,262144,0.000365483,0.000359546,0.000371473,0.000365773,0.00037023
1,262144,0.000372403,0.000361348,0.000379856,0.000372911,0.000378201
1,262144,0.000365737,0.000360499,0.000370386,0.00036576,0.000364226
1,262144,0.000365358,0.000359577,0.000370005,0.000366027,0.000367331
1,262144,0.000377094,0.000368474,0.000384162,0.000377643,0.000374392
1,262144,0.000367106,0.000360968,0.000372481,0.000366597,0.000372156
1,262144,0.000368702,0.000362816,0.000372948,0.000369456,0.000368758
1,262144,0.000366772,0.000361435,0.00037329,0.000366448,0.000371806
1,262144,0.000368145,0.000360858,0.000374909,0.000370046,0.000370172
1,262144,0.000366537,0.000360118,0.000369986,0.000366805,0.0003686
1,262144,0.000365751,0.000361791,0.000371639,0.000365968,0.000363937
1,262144,0.0003667,0.00036225,0.000371659,0.000367107,0.000371659
1,262144,0.000363761,0.000359387,0.000366637,0.000363928,0.000364431
1,262144,0.000371922,0.000362913,0.000376302,0.000372755,0.000376109
1,262144,0.000376012,0.000371978,0.000383622,0.000375316,0.000379829
1,262144,0.000367342,0.000362411,0.000371388,0.000367366,0.000365909
1,262144,0.000366051,0.000361017,0.000371702,0.000366489,0.000363769
1,262144,0.000366869,0.000362458,0.000371366,0.000366355,0.000367388
1,262144,0.000364578,0.000361318,0.000368191,0.000364622,0.000365892
1,262144,0.00036617,0.000358171,0.000371298,0.000366635,0.000365496
1,262144,0.000366315,0.000363272,0.000370251,0.000365965,0.000367724
1,262144,0.000368525,0.000363289,0.000372626,0.000368748,0.000370633
1,262144,0.000368297,0.000362965,0.000372361,0.000368648,0.000368987
1,262144,0.000364196,0.000361377,0.000367145,0.000364063,0.000363981
1,262144,0.000367224,0.000360912,0.000370992,0.000367897,0.00036842
1,262144,0.000368308,0.00036211,0.000372107,0.000368806,0.00037122
1,262144,0.000366847,0.000361493,0.000371381,0.000366835,0.000366816
1,262144,0.00036542,0.000362233,0.000370339,0.00036485,0.00036475
1,262144,0.000366072,0.000360702,0.00036891,0.000366006,0.000365829
1,262144,0.000390326,0.000382697,0.000399128,0.00038985,0.000388092
1,262144,0.000366374,0.000359438,0.000371976,0.000367092,0.000368479
1,262144,0.000369262,0.000364616,0.000373496,0.000369448,0.000369001
1,262144,0.00036807,0.000361237,0.000373842,0.000368284,0.000372731
1,262144,0.000416438,0.000368427,0.000474397,0.000419309,0.000396679
1,262144,0.000496628,0.00047486,0.000504076,0.000498764,0.000492853
1,262144,0.000500506,0.000481437,0.00050822,0.000501577,0.000503838
1,262144,0.000478448,0.000437042,0.00049549,0.000485411,0.000491741
1,262144,0.000516571,0.000436934,0.000534382,0.000527894,0.000522452
1,262144,0.000427807,0.000418127,0.000455501,0.000427091,0.000428215
1,262144,0.000430202,0.000365472,0.000485766,0.000424249,0.000422973
1,262144,0.000442872,0.000359839,0.000479107,0.000450779,0.000447842
1,262144,0.000440831,0.000367056,0.000505578,0.000465525,0.000462563
1,262144,0.000470856,0.000438714,0.000503522,0.000473564,0.000469943
1,262144,0.000431362,0.000386143,0.000443643,0.000437034,0.000429605
1,262144,0.000368342,0.000363273,0.000372152,0.000368699,0.000370829
1,262144,0.000368557,0.000363442,0.000374013,0.000369213,0.000374013
1,262144,0.000366536,0.000362621,0.000371653,0.000366641,0.000365953
1,262144,0.000366935,0.000360555,0.000371765,0.000367828,0.000370497
1,262144,0.000367004,0.000360451,0.000371854,0.000367915,0.00036226
1,262144,0.000368628,0.000358976,0.000374664,0.000369945,0.000373074
1,262144,0.000369008,0.000362231,0.00037413,0.00036985,0.00037413
1,262144,0.000366804,0.000361066,0.000370288,0.000367601,0.000368273
1,262144,0.00036694,0.000358871,0.000371469,0.000368023,0.000366137
1,262144,0.000362341,0.000357872,0.000367383,0.000361973,0.000362983
1,262144,0.000369015,0.000363643,0.000388579,0.00036841,0.000369282
1,262144,0.000375112,0.000365634,0.000384308,0.000374123,0.000368854
1,262144,0.000366451,0.000360887,0.000369632,0.00036717,0.000367926
1,262144,0.000368271,0.00036473,0.000371701,0.00036837,0.000366963
1,262144,0.000369948,0.000364966,0.000373601,0.00037007,0.000371452
1,262144,0.000387589,0.000376945,0.000395642,0.000388031,0.000386858
1,262144,0.000367711,0.000359569,0.000374186,0.00036941,0.000360598
1,262144,0.000365043,0.000361472,0.000369967,0.000364931,0.000364597
1,262144,0.000368535,0.000363704,0.000373862,0.000367447,0.000371726
1,262144,0.000365982,0.000359478,0.000371711,0.000366048,0.000368942
1,262144,0.000369217,0.000361945,0.000375061,0.000369263,0.000368489
1,262144,0.000367766,0.000362774,0.000372896,0.000368109,0.000370491
1,262144,0.000368221,0.000365266,0.000370912,0.000368235,0.000368173
1,262144,0.000367604,0.000363105,0.000372179,0.000367514,0.000369859
1,262144,0.000368176,0.000363275,0.000372098,0.000368512,0.000369377
1,262144,0.000365667,0.000362181,0.000368317,0.00036593,0.000367456
1,262144,0.000366233,0.000359826,0.000372596,0.000365906,0.00036936
1,262144,0.000365169,0.000362084,0.000367878,0.00036559,0.000364884
1,262144,0.000368023,0.000360919,0.000370756,0.000368273,0.000367592
1,262144,0.000366483,0.000363107,0.000369109,0.000366494,0.000363851
1,262144,0.000380352,0.000368851,0.000386159,0.000381916,0.000383883
1,262144,0.000367274,0.000363671,0.000371095,0.000367426,0.000369062
1,262144,0.000368743,0.00036324,0.000374244,0.000368565,0.000372908
1,262144,0.00036735,0.000361431,0.000372193,0.000367279,0.000370167
1,262144,0.000368054,0.000360846,0.000373527,0.000368324,0.000369454
1,262144,0.000367064,0.000358732,0.000371791,0.000367592,0.000366919
1,262144,0.000365365,0.000361928,0.000369177,0.000365626,0.000369162
1,262144,0.000366466,0.000361754,0.000370084,0.000366441,0.000363357
1,262144,0.000369632,0.000363128,0.000373967,0.000370176,0.000370798
1,262144,0.000368665,0.000363023,0.000374205,0.000368506,0.000371447
1,262144,0.000366322,0.000361103,0.000371372,0.000365953,0.000363052
1,262144,0.000370113,0.000365003,0.00037521,0.000369544,0.000369139
1,262144,0.000364529,0.000359489,0.000368692,0.000364817,0.000366783
1,262144,0.000369422,0.000362042,0.000377254,0.000368963,0.000369038
1,262144,0.000370436,0.000365589,0.000374668,0.000370524,0.000369533
1,262144,0.00038849,0.000380267,0.000397415,0.00038827,0.000383002
1,262144,0.000364313,0.000361263,0.000367245,0.000364235,0.00036579
1,262144,0.000365446,0.000356317,0.00036965,0.000366995,0.000360168
1,262144,0.000364529,0.000360423,0.000367655,0.000364833,0.000364494
1,262144,0.000364864,0.000357859,0.000370747,0.000364916,0.000369209
1,262144,0.000363994,0.000358243,0.000368098,0.000364095,0.000362568
1,262144,0.000365733,0.000360859,0.00037108,0.000365622,0.000369437
1,262144,0.000365225,0.000360147,0.000368885,0.000365515,0.000366235
1,262144,0.000365815,0.000358691,0.000370733,0.000366046,0.00036564
1,262144,0.00036456,0.00036016,0.000369831,0.000364882,0.000361271
1,262144,0.000363143,0.000359502,0.000366927,0.000363694,0.000361283
1,262144,0.000366087,0.000362529,0.000370493,0.000366157,0.000362529
1,262144,0.000366717,0.00036311,0.000370696,0.000366435,0.000365322
1,262144,0.000366865,0.000360521,0.000371721,0.000367389,0.000362297
1,262144,0.00036753,0.000360548,0.000372864,0.000368589,0.000362045
1,262144,0.000383386,0.000374689,0.000391007,0.000383216,0.000376686
1,262144,0.000367112,0.00036293,0.000371714,0.000366748,0.000370923
1,262144,0.000362818,0.000358129,0.000367213,0.000362956,0.000364256
1,262144,0.000364588,0.00035995,0.000368485,0.000365213,0.000365357
1,262144,0.000363999,0.00035819,0.000367956,0.00036415,0.000364606
1,262144,0.000364469,0.00036098,0.000367745,0.000364805,0.000363945
1,262144,0.000366299,0.00035994,0.00037254,0.000367124,0.00036155
1,262144,0.000373208,0.000365202,0.000380739,0.000373509,0.000380739
1,262144,0.000367532,0.000363122,0.000371368,0.000367255,0.00036946
1,262144,0.000368463,0.00036229,0.000374252,0.000369185,0.000369913
1,262144,0.000370061,0.000364413,0.000374874,0.000370052,0.000372679
1,262144,0.000367467,0.000361705,0.000372791,0.000367442,0.000369565
1,262144,0.000373081,0.000362529,0.000381524,0.000372731,0.000379671
1,262144,0.000370321,0.000361769,0.000376858,0.000371111,0.000371596
1,262144,0.000366576,0.000360692,0.000371296,0.000366461,0.000370477
1,262144,0.000383497,0.000375907,0.000390902,0.000384207,0.000390902
1,262144,0.000376436,0.000362966,0.000399366,0.00037171,0.000362966
1,262144,0.000369262,0.000363161,0.00037339,0.000369681,0.000371202
1,262144,0.000366518,0.000359646,0.000369951,0.000366901,0.000368988
1,262144,0.000369873,0.000364142,0.000374589,0.000371069,0.000371889
1,262144,0.000368385,0.00036293,0.000373329,0.000367971,0.000372247
1,262144,0.000368737,0.000361994,0.000373205,0.000368663,0.000367963
1,262144,0.000362151,0.000358422,0.000365644,0.000362173,0.000361315
1,262144,0.000368839,0.000358561,0.000375275,0.000369211,0.000369265
1,262144,0.000369941,0.00036137,0.000373628,0.000370331,0.000372823
1,262144,0.000369474,0.000366407,0.000372586,0.000369201,0.000368903
1,262144,0.000364784,0.000360304,0.000369184,0.000365242,0.000361458
1,262144,0.000367657,0.000362013,0.000371931,0.00036797,0.00036923
1,262144,0.000367168,0.000363331,0.000371232,0.000367004,0.000369282
1,262144,0.00037034,0.000358532,0.00037774,0.000371116,0.000373282
1,262144,0.000386781,0.000375627,0.000397519,0.000386304,0.00039567
1,262144,0.000374885,0.000364559,0.000381356,0.000375329,0.00037857
1,262144,0.000370437,0.000360603,0.000375735,0.000370686,0.000373461
1,262144,0.000365731,0.000362666,0.00036875,0.000365508,0.000364078
1,262144,0.000367158,0.000361088,0.00037172,0.000367302,0.000365466
1,262144,0.000367862,0.000363593,0.000371819,0.000367902,0.000367355
1,262144,0.0003677,0.000361376,0.000372589,0.000368312,0.000368721
1,262144,0.000364815,0.000360885,0.00036826,0.000365141,0.000361898
1,262144,0.000367065,0.000361753,0.000371667,0.000367388,0.000366067
1,262144,0.000367408,0.000359621,0.000372154,0.000368239,0.000366904
1,262144,0.000363447,0.000359965,0.000366452,0.000363455,0.000363361
1,262144,0.000362627,0.000359725,0.000364892,0.000362773,0.000363408
1,262144,0.000365858,0.000357928,0.000371636,0.000366682,0.00036742
1,262144,0.000367866,0.000360549,0.000372277,0.000368034,0.000360549
1,262144,0.000368388,0.000361167,0.000371398,0.000369103,0.000370562
1,262144,0.000386973,0.000377229,0.000395532,0.00038652,0.000395167
1,262144,0.000368392,0.000362652,0.000373503,0.000368165,0.000367756
1,262144,0.000369002,0.000359998,0.00037376,0.000370093,0.000373409
1,262144,0.000368492,0.000362919,0.000372781,0.000368567,0.000363254
1,262144,0.000366851,0.000358718,0.000371481,0.000367246,0.000370519
1,262144,0.00036628,0.000361697,0.000372998,0.000366312,0.000368673
1,262144,0.00036728,0.000360505,0.000372979,0.000367579,0.000371818
1,262144,0.000368276,0.000361939,0.000374304,0.000368874,0.000369484
1,262144,0.000369858,0.000358091,0.00037482,0.000370631,0.000373253
1,262144,0.000365356,0.000360306,0.000370193,0.000365229,0.000367513
1,262144,0.000368418,0.000362752,0.000374445,0.000368043,0.000372097
1,262144,0.000370444,0.00036387,0.000377169,0.000370218,0.000364598
1,262144,0.000360219,0.000357806,0.000364137,0.000359587,0.00035802
1,262144,0.000366882,0.000360433,0.000370805,0.000366845,0.000366782
1,262144,0.00036736,0.000360683,0.000371409,0.000367403,0.000367985
1,262144,0.000381662,0.000373159,0.000388689,0.000383513,0.000388689
1,262144,0.000367075,0.000361419,0.000370645,0.000367516,0.000366645
1,262144,0.000367542,0.000360022,0.000371686,0.000368184,0.000369457
1,262144,0.000370808,0.00036282,0.000377602,0.000370563,0.000365828
1,262144,0.000367892,0.000362915,0.000372281,0.000367542,0.000369062
1,262144,0.000366296,0.000359428,0.000371618,0.000366586,0.000362881
1,262144,0.000365459,0.000358034,0.000370169,0.000366526,0.000360448
1,262144,0.000366403,0.000361262,0.000370264,0.000367215,0.000364624
1,262144,0.00036714,0.000361963,0.00037019,0.000367182,0.000361963
1,262144,0.000367116,0.000359924,0.000372278,0.000367396,0.000365133
1,262144,0.000367008,0.000362338,0.000371223,0.000367046,0.000365683
1,262144,0.000369894,0.000361827,0.000376136,0.000370374,0.000365195
1,262144,0.000364175,0.000361154,0.000367251,0.000364447,0.000366271
1,262144,0.000363934,0.000359878,0.000368893,0.000364311,0.000366387
1,262144,0.00037192,0.000364487,0.000392805,0.000369289,0.000369338
1,262144,0.000428168,0.00040546,0.000463312,0.000425394,0.000433974
1,262144,0.000418375,0.000402646,0.000425446,0.000420086,0.000423566
1,262144,0.000414711,0.00038444,0.000436498,0.000418151,0.000400627
1,262144,0.000384223,0.000363857,0.000405479,0.000386809,0.00038831
1,262144,0.000396133,0.00038273,0.000410955,0.000395012,0.000394491
1,262144,0.000369546,0.000365077,0.000372741,0.000369394,0.000369647
1,262144,0.000365565,0.000360146,0.000369714,0.000365977,0.000364343
1,262144,0.000365006,0.000359606,0.000370296,0.000365745,0.000367688
1,262144,0.000364111,0.000360565,0.000367325,0.000364235,0.000361774
1,262144,0.000366111,0.000358631,0.000372445,0.000366474,0.000367993
1,262144,0.00036771,0.000358741,0.000374161,0.000368265,0.000371027
1,262144,0.000367638,0.000362715,0.000371466,0.000367723,0.000366582
1,262144,0.000367062,0.000363019,0.000374812,0.000366584,0.000366657
1,262144,0.00036602,0.000359893,0.000372209,0.00036615,0.000369589
1,262144,0.000365716,0.000359541,0.000369588,0.000365415,0.000365767
1,262144,0.00037076,0.000364526,0.000376645,0.000370439,0.000373978
1,262144,0.000371315,0.000360096,0.000380327,0.000372333,0.000361452
1,262144,0.000369188,0.000361769,0.00037402,0.000369818,0.00037358
1,262144,0.000365045,0.000360778,0.000368632,0.000365499,0.000364631
1,262144,0.000365298,0.000358693,0.00036972,0.000365444,0.000364062
1,262144,0.000362682,0.000358729,0.000365085,0.000363028,0.000362309
1,262144,0.000369936,0.000360721,0.000378604,0.000370747,0.000373497
1,262144,0.000367578,0.000362379,0.000373374,0.000367554,0.00036882
1,262144,0.000366678,0.000361084,0.000372391,0.000366245,0.000364866
1,262144,0.000368792,0.000359242,0.000373555,0.000369477,0.000371247
1,262144,0.000369793,0.000363615,0.000387613,0.000368408,0.000387613
1,262144,0.000369873,0.000364479,0.000374779,0.0003699,0.000368293
1,262144,0.000368008,0.000360346,0.00037328,0.000369228,0.000360346
1,262144,0.000364473,0.000360176,0.000367556,0.000364877,0.000360583
1,262144,0.000368939,0.000364056,0.000372992,0.000369137,0.000364056
1,262144,0.000389423,0.000380497,0.000396933,0.000388823,0.000386765
1,262144,0.000367269,0.000360722,0.000372052,0.000367619,0.000364767
1,262144,0.000365129,0.000360701,0.000368633,0.000365135,0.000364534
1,262144,0.000368888,0.000360902,0.00037381,0.000368584,0.000366333
1,262144,0.000366961,0.000361196,0.000372145,0.000367573,0.000367891
1,262144,0.000369076,0.000358586,0.000375677,0.000370691,0.000358586
1,262144,0.00036971,0.000363003,0.000376107,0.000370036,0.000370455
1,262144,0.000371059,0.000363482,0.000377756,0.000371426,0.000364127
1,262144,0.000364918,0.000360668,0.000369732,0.000365305,0.000367438
1,262144,0.000369357,0.0003661,0.000373111,0.000369172,0.0003661
1,262144,0.00036613,0.000362408,0.000370261,0.000365921,0.000363273
1,262144,0.000370908,0.000366067,0.000375022,0.000371505,0.000367096
1,262144,0.000370513,0.000364853,0.000376379,0.000370347,0.000369093
1,262144,0.000367329,0.000361789,0.000372491,0.000367503,0.000368475
1,262144,0.000369665,0.000361335,0.000375565,0.000369878,0.000374585
1,262144,0.000373767,0.000368218,0.000383044,0.000372845,0.000374649
1,262144,0.000368197,0.00036266,0.000372947,0.00036749,0.000369475
1,262144,0.000365079,0.000359727,0.000367903,0.000365338,0.000363896
1,262144,0.000369113,0.00036286,0.000373629,0.000368933,0.000367241
1,262144,0.000366071,0.000362803,0.000369439,0.000365976,0.000367847
1,262144,0.00036946,0.000360769,0.000374784,0.000369874,0.000369913
1,262144,0.000371749,0.000366583,0.000376166,0.000372319,0.000375567
1,262144,0.000365943,0.000359309,0.000371551,0.000367303,0.000361881
1,262144,0.000366643,0.000359949,0.000372329,0.000366649,0.000370389
1,262144,0.00036636,0.00036087,0.000370213,0.000366392,0.00036723
1,262144,0.0003678,0.000361088,0.000372776,0.000367349,0.000370257
1,262144,0.000369162,0.000359328,0.000375498,0.000370765,0.000373405
1,262144,0.000365933,0.000360554,0.000369996,0.000365932,0.000365397
1,262144,0.000380264,0.000364191,0.000390148,0.000382182,0.000387675
1,262144,0.000368305,0.000363232,0.000371838,0.000368409,0.000369074
1,262144,0.000390546,0.000383521,0.000398996,0.000389221,0.000388363
1,262144,0.00037037,0.000362457,0.000374901,0.000371021,0.000373095
1,262144,0.000365701,0.000363386,0.000370398,0.000365447,0.000365703
1,262144,0.000363768,0.000360375,0.000366773,0.000363863,0.000364457
1,262144,0.000366464,0.000359351,0.000371231,0.000367272,0.000369122
1,262144,0.00036316,0.000357844,0.000366973,0.000363457,0.000365831
1,262144,0.000367762,0.000363136,0.000371928,0.000367217,0.000370649
1,262144,0.000368078,0.000363117,0.000372746,0.000368058,0.000366271
1,262144,0.000369333,0.000362663,0.000374531,0.000369674,0.000372014
1,262144,0.000366384,0.000363,0.000370808,0.000366239,0.000366166
1,262144,0.00036655,0.000359491,0.000370627,0.000367334,0.000367857
1,262144,0.000367964,0.00036437,0.000370793,0.000368203,0.000367734
1,262144,0.000368016,0.000362511,0.000374614,0.000367687,0.000363332
1,262144,0.000365605,0.000360269,0.000369008,0.000366332,0.000367664
1,262144,0.000369041,0.00036379,0.000372542,0.000369197,0.000369859
1,262144,0.0003658,0.000361472,0.000371462,0.000366333,0.000371462
1,262144,0.000365107,0.00035817,0.00037076,0.00036501,0.000363086
1,262144,0.000363178,0.000359357,0.000366684,0.000363501,0.00036499
1,262144,0.000367598,0.000364337,0.000372329,0.000367795,0.000368087
1,262144,0.000368408,0.000361153,0.00037283,0.000368978,0.000371465
1,262144,0.000366597,0.000363009,0.000369191,0.00036702,0.000367121
1,262144,0.00036836,0.000360906,0.00037408,0.000369047,0.00037408
1,262144,0.000366385,0.000362869,0.000371275,0.000365722,0.000370078
1,262144,0.000370586,0.00036245,0.000377516,0.0003701,0.000376471
1,262144,0.0003668,0.000361191,0.000371949,0.000366962,0.000367665
1,262144,0.000364159,0.000357786,0.000369611,0.00036445,0.000364967
1,262144,0.00036475,0.000360558,0.000368486,0.000365491,0.000366976
1,262144,0.000365269,0.000360936,0.00037003,0.00036613,0.000362826
1,262144,0.000371759,0.000365443,0.000378158,0.000372128,0.0003741
1,262144,0.000366458,0.000359123,0.00037069,0.000367296,0.000370482
1,262144,0.000390312,0.000379081,0.000402632,0.000389852,0.000398274
1,262144,0.000367224,0.000362324,0.000370784,0.000367439,0.000370377
1,262144,0.000367739,0.000361845,0.000372764,0.000368023,0.000366947
1,262144,0.000368131,0.0003644,0.000373065,0.00036818,0.000366368
1,262144,0.000363969,0.000360537,0.000367363,0.000363862,0.000364989
1,262144,0.000366643,0.000362623,0.000370589,0.000366992,0.000363546
1,262144,0.000366585,0.000360903,0.000370936,0.00036729,0.000363378
1,262144,0.000367799,0.000360729,0.000373173,0.000367792,0.000367193
1,262144,0.00036929,0.000363771,0.00037305,0.000369296,0.000369153
1,262144,0.000367229,0.000361391,0.000372804,0.000366732,0.000364509
1,262144,0.000364059,0.000359718,0.000367834,0.000364336,0.000364522
1,262144,0.000365215,0.000359938,0.000371355,0.00036494,0.000369195
1,262144,0.000364045,0.000358822,0.000368306,0.000364637,0.000366317
1,262144,0.000368359,0.000359424,0.000373564,0.000369793,0.000361711
1,262144,0.00037402,0.000363489,0.000429823,0.000370714,0.000374453
1,262144,0.000369713,0.000365349,0.00037396,0.000369953,0.000369972
1,262144,0.000366481,0.000359651,0.000369732,0.000367228,0.000367273
1,262144,0.000375098,0.000363285,0.000385516,0.000376583,0.00036743
1,262144,0.000366835,0.000361329,0.000372021,0.000367006,0.000366741
1,262144,0.000366352,0.000359774,0.000372343,0.000366601,0.000360898
1,262144,0.000370026,0.00036171,0.000375739,0.000370338,0.000369073
1,262144,0.000369231,0.000361961,0.000375208,0.000369901,0.00037206
1,262144,0.00036991,0.000361893,0.000375988,0.000370911,0.000373621
1,262144,0.000364917,0.00036165,0.000368334,0.000365303,0.000367342
1,262144,0.000367053,0.000362344,0.000371101,0.000366755,0.000362344
1,262144,0.000367121,0.000359586,0.00037195,0.000368069,0.000361596
1,262144,0.000366148,0.000361179,0.000369777,0.000366605,0.000363245
1,262144,0.000364695,0.000361036,0.000369009,0.000364332,0.000366083
1,262144,0.000366066,0.000358174,0.000371326,0.000366107,0.000364642
1,262144,0.000367681,0.000360728,0.000372039,0.000368634,0.000370044
1,262144,0.000384599,0.000372466,0.000392112,0.000384165,0.000387068
1,262144,0.000366188,0.000361452,0.000372571,0.000365863,0.000365807
1,262144,0.000365607,0.000360715,0.00038327,0.000364951,0.000380853
1,262144,0.000376509,0.000366137,0.000397598,0.000373793,0.000390591
1,262144,0.000365435,0.000361878,0.000369531,0.000365911,0.000366352
1,262144,0.000369162,0.000362825,0.000374809,0.000370216,0.000373804
1,262144,0.000369293,0.000362295,0.000374535,0.000369437,0.000372429
1,262144,0.000367417,0.000360141,0.000371624,0.000367484,0.000365399
1,262144,0.000369518,0.000361496,0.000375864,0.000370448,0.000371873
1,262144,0.000363371,0.000357296,0.000372032,0.000362578,0.000364859
1,262144,0.00036493,0.000357703,0.000370268,0.000364515,0.000367945
1,262144,0.000366909,0.000361377,0.000376729,0.000367561,0.000366067
1,262144,0.000366105,0.000360371,0.00036894,0.000366394,0.000363867
1,262144,0.000364874,0.000359934,0.000368509,0.000364933,0.000362837
1,262144,0.000361622,0.00035699,0.000365194,0.000362213,0.000364015
1,262144,0.000379453,0.000371706,0.000386304,0.000381554,0.000374141
1,262144,0.000364006,0.000359483,0.00036775,0.000363479,0.000361817
1,262144,0.000369547,0.000362803,0.000374228,0.000370002,0.000368613
1,262144,0.000363964,0.000360725,0.000367369,0.000363844,0.000365997
1,262144,0.000368061,0.000362528,0.000372586,0.00036826,0.000372586
1,262144,0.000367106,0.000363376,0.000371913,0.000366956,0.000365763
1,262144,0.000366757,0.000361259,0.000372401,0.000366561,0.000372401
1,262144,0.00037042,0.000364037,0.000374722,0.000370871,0.00036877
1,262144,0.000365351,0.000362617,0.000368476,0.000365419,0.000366829
1,262144,0.000366928,0.000363119,0.000369085,0.000367278,0.000368134
1,262144,0.000368427,0.000363663,0.000376519,0.000367866,0.000370265
1,262144,0.000368582,0.000362819,0.000374271,0.000368619,0.000367314
1,262144,0.000366877,0.000361152,0.000370642,0.000367133,0.00036881
1,262144,0.00036727,0.000361502,0.000372919,0.000366647,0.000361502
1,262144,0.000368819,0.000359595,0.000372612,0.000369701,0.000359595
1,262144,0.00038611,0.000374739,0.000395888,0.00038705,0.000386112
1,262144,0.000366687,0.00036249,0.000370867,0.000366491,0.000368915
1,262144,0.000375103,0.000364438,0.000469529,0.000369384,0.000365521
1,262144,0.00036857,0.000360296,0.00037281,0.000368626,0.000369957
1,262144,0.000369384,0.000364086,0.000374397,0.000369673,0.000369499
1,262144,0.000366193,0.00036321,0.000369896,0.000366121,0.000367522
1,262144,0.000366494,0.000359728,0.000372278,0.00036764,0.000370808
1,262144,0.000371808,0.000364751,0.00037882,0.000372015,0.000368126
1,262144,0.000366411,0.000359444,0.000371994,0.000366601,0.000369754
1,262144,0.000365384,0.000360459,0.00037101,0.000365349,0.00036656
1,262144,0.000366185,0.000361735,0.000370323,0.00036666,0.000363111
1,262144,0.000367282,0.000362941,0.0003695,0.000367471,0.000366643
1,262144,0.000367374,0.000361142,0.000377824,0.000367379,0.000362839
1,262144,0.000392142,0.000381889,0.000409442,0.00039269,0.000392051
1,262144,0.000406704,0.000373519,0.000452085,0.000400982,0.000431366
1,262144,0.000449477,0.000365773,0.000486404,0.000463077,0.000456852
1,262144,0.000440259,0.00035497,0.000473925,0.000442192,0.000425769
1,262144,0.000419295,0.000359292,0.000453638,0.000416702,0.000450917
1,262144,0.0003643,0.000359445,0.000368266,0.00036422,0.000366604
1,262144,0.000366015,0.000358511,0.000370105,0.000366087,0.000366085
1,262144,0.000365117,0.000357791,0.00036822,0.000365796,0.00036539
1,262144,0.000367233,0.000362539,0.000370141,0.000367338,0.000368697
1,262144,0.00036637,0.000360335,0.000372452,0.000366761,0.000366664
1,262144,0.000368132,0.000359763,0.000381795,0.00036779,0.000372616
1,262144,0.000368665,0.000363713,0.000372871,0.000368407,0.000368293
1,262144,0.000368514,0.000362047,0.000373438,0.000368553,0.000372324
1,262144,0.000372946,0.000367123,0.000381917,0.000373115,0.000371154
1,262144,0.000375349,0.000362888,0.000412185,0.000370736,0.000393922
1,262144,0.000369605,0.000363874,0.00037473,0.000369752,0.00036782
1,262144,0.000366292,0.000361092,0.000370477,0.000366414,0.000367088
1,262144,0.000395976,0.000359484,0.000492553,0.000368769,0.000489946
1,262144,0.000368899,0.000365666,0.000372776,0.00036904,0.00036856
1,262144,0.000367594,0.000361613,0.000371314,0.000367897,0.000365874
1,262144,0.000367051,0.000358468,0.000372076,0.000368316,0.000364604
1,262144,0.000361935,0.000356359,0.000365073,0.000362488,0.000364106
1,262144,0.000365686,0.000359106,0.000395216,0.000364677,0.000365939
1,262144,0.000367629,0.000362237,0.000372173,0.000367451,0.000369665
1,262144,0.000367757,0.000358598,0.000394013,0.000366171,0.000391349
1,262144,0.000370793,0.000360143,0.000383785,0.000369864,0.000379108
1,262144,0.000369156,0.000363876,0.000373118,0.000369023,0.000367777
1,262144,0.000367289,0.00036392,0.000371754,0.000367363,0.000367251
1,262144,0.000367455,0.000362777,0.000371951,0.000367554,0.000363162
1,262144,0.000365764,0.000359543,0.000370523,0.000365828,0.000364249
1,262144,0.000366557,0.000361542,0.000371405,0.000366542,0.0003652
1,262144,0.000368345,0.000363169,0.000372386,0.000368377,0.000368419
1,262144,0.000372056,0.000367141,0.000376665,0.000371375,0.000370484
1,262144,0.000368615,0.000363183,0.000374698,0.000369244,0.000369215
1,262144,0.000364947,0.000360456,0.000369051,0.000365178,0.000367465
1,262144,0.000366684,0.000361259,0.00037047,0.000367326,0.000367447
1,262144,0.000366682,0.000361931,0.000370969,0.000366957,0.000366958
1,262144,0.000367919,0.000360135,0.00037248,0.000369162,0.000370598
1,262144,0.000366988,0.000359994,0.000370777,0.000367324,0.000366124
1,262144,0.000367838,0.000364033,0.000371823,0.000367656,0.000369257
1,262144,0.000365403,0.000360942,0.000371175,0.000364908,0.000370739
1,262144,0.000367758,0.000361118,0.000371369,0.000368474,0.000369778
1,262144,0.000365313,0.000358496,0.000371347,0.000366025,0.000369684
1,262144,0.000366262,0.000361878,0.000371435,0.000366251,0.000367861
1,262144,0.000367388,0.000361929,0.000371451,0.00036767,0.000368631
1,262144,0.000366952,0.00035864,0.000373097,0.000367566,0.00035864
1,262144,0.000370744,0.000360485,0.000380161,0.000370279,0.000360485
1,262144,0.0003846,0.000375915,0.000390642,0.000385861,0.000375915
1,262144,0.000367623,0.000361345,0.000372198,0.00036866,0.000371957
1,262144,0.000368573,0.000362519,0.000372854,0.00036856,0.000365169
1,262144,0.000366166,0.000361654,0.000372285,0.000366029,0.000368321
1,262144,0.000369192,0.000361059,0.000374592,0.000368841,0.000371764
1,262144,0.000372501,0.000359764,0.00037879,0.000374327,0.000375389
1,262144,0.000370748,0.000359996,0.000375474,0.000371266,0.000373041
1,262144,0.000365476,0.000359215,0.000370295,0.000365979,0.000362283
1,262144,0.000366096,0.000361282,0.000370833,0.000366003,0.000366336
1,262144,0.000367984,0.000361861,0.000372159,0.00036831,0.000363016
1,262144,0.00037031,0.000362114,0.000379299,0.000369291,0.000366791
1,262144,0.000439728,0.000371348,0.000490423,0.000434959,0.000475435
1,262144,0.000486956,0.000358583,0.000531368,0.000495486,0.000504615
1,262144,0.000484165,0.000470843,0.000500696,0.000485473,0.000478256
1,262144,0.000424116,0.000366051,0.000487378,0.000433431,0.000461894
1,262144,0.000402232,0.000356438,0.000412038,0.000407434,0.000412038
1,262144,0.000368888,0.000361524,0.000374947,0.000369619,0.000374237
1,262144,0.000373606,0.000357351,0.000379826,0.000374652,0.000373908
1,262144,0.000366089,0.000360781,0.00036985,0.000366265,0.000368971
1,262144,0.000367339,0.000359128,0.000373802,0.000368885,0.000370359
1,262144,0.000370146,0.000359501,0.000388203,0.000368866,0.000368894
1,262144,0.000369071,0.000365876,0.000375173,0.000369165,0.000369442
1,262144,0.000364929,0.000360476,0.000370492,0.000364832,0.000364192
1,262144,0.000369296,0.000360719,0.000375975,0.000369441,0.000371838
1,262144,0.000371995,0.000365191,0.000380317,0.000372302,0.000375781
1,262144,0.00037501,0.000369007,0.000382261,0.000374651,0.000377612
1,262144,0.000396172,0.000393012,0.000400943,0.000395585,0.000394939
1,262144,0.00037234,0.000363377,0.000395153,0.000370143,0.000372624
1,262144,0.000369364,0.000363536,0.000383531,0.000368454,0.000366426
1,262144,0.000366349,0.000361628,0.000369968,0.000366688,0.000366673
1,262144,0.000374618,0.000369875,0.000380127,0.000374001,0.000379157
1,262144,0.000367589,0.000359166,0.000402899,0.000366289,0.000364687
1,262144,0.000368697,0.000360211,0.000402619,0.000366038,0.000365091
1,262144,0.000366748,0.000358906,0.000405448,0.000364045,0.00036263
1,262144,0.000376939,0.00036866,0.000402534,0.000371537,0.00036965
1,262144,0.000366027,0.000362145,0.00036938,0.0003662,0.000366856
1,262144,0.000368067,0.000361436,0.000373377,0.00036908,0.000371356
1,262144,0.000368024,0.000362178,0.00037717,0.000368463,0.000364759
1,262144,0.000364388,0.000360503,0.000369002,0.000364338,0.000365758
1,262144,0.000365349,0.000359069,0.000370855,0.000366139,0.00036292
1,262144,0.000364268,0.000359569,0.000371328,0.000363676,0.000368807
1,262144,0.000367136,0.000364201,0.00037076,0.000366788,0.000366497
1,262144,0.000364441,0.000361399,0.000367448,0.00036433,0.000362309
1,262144,0.000369067,0.000360999,0.000376197,0.000369233,0.000361287
1,262144,0.000367026,0.000362356,0.00037135,0.000366962,0.000365596
1,262144,0.000412608,0.000387213,0.000440764,0.000411412,0.000425759
1,262144,0.000370102,0.000360965,0.000374838,0.000370956,0.0003729
1,262144,0.000370489,0.000366195,0.000375515,0.000369948,0.000370075
1,262144,0.00036743,0.000359769,0.000370332,0.000367998,0.000369278
1,262144,0.000368083,0.000360818,0.000372092,0.000368327,0.000370115
1,262144,0.000371199,0.000364409,0.000377341,0.00037131,0.000372602
1,262144,0.00036901,0.000360764,0.000374396,0.000369951,0.000369669
1,262144,0.000362447,0.000358519,0.000366137,0.000362732,0.000364111
1,262144,0.000368719,0.00035998,0.000375946,0.000370032,0.00037467
1,262144,0.000366973,0.000362246,0.0003729,0.000367153,0.000367924
1,262144,0.000365781,0.000358873,0.000370073,0.000366001,0.000363797
1,262144,0.000370305,0.000362439,0.000382137,0.000370319,0.000366431
1,262144,0.000367752,0.000364487,0.000372047,0.000367755,0.000367668
1,262144,0.000367483,0.000362287,0.000371556,0.000367719,0.000367476
1,262144,0.000368368,0.000359399,0.000375681,0.000368834,0.000372798
1,262144,0.000383559,0.000371657,0.000392703,0.000384324,0.000389027
1,262144,0.000366884,0.000362635,0.000370306,0.000367068,0.000364542
1,262144,0.000363851,0.000358001,0.000366661,0.000364359,0.000364521
1,262144,0.00036702,0.000362515,0.000370121,0.000366923,0.000362515
1,262144,0.000367147,0.000361758,0.000371841,0.000367401,0.000366362
1,262144,0.000364882,0.000361266,0.000368116,0.000364794,0.000365022
1,262144,0.000366543,0.000360293,0.000370686,0.000366994,0.000367531
1,262144,0.000366144,0.000361308,0.00037118,0.00036603,0.000367492
1,262144,0.000368638,0.000362812,0.000373241,0.000368936,0.000371728
1,262144,0.000364839,0.000360143,0.000369622,0.000364778,0.000360143
1,262144,0.000365451,0.000361955,0.000367784,0.000365528,0.000364092
1,262144,0.000367433,0.00036086,0.000372076,0.000367999,0.000363878
1,262144,0.000365542,0.000361951,0.000369287,0.000365653,0.000365379
1,262144,0.000366115,0.000361461,0.00037051,0.000366735,0.000366929
1,262144,0.000368005,0.000362781,0.000371285,0.000368527,0.000367128
1,262144,0.000390269,0.00037808,0.000403711,0.00039059,0.000382284
1,262144,0.000368811,0.000360205,0.000373328,0.000369274,0.000367978
1,262144,0.000366742,0.000363116,0.000370436,0.000366693,0.000365897
1,262144,0.000363957,0.00035886,0.00036829,0.000364445,0.000364679
1,262144,0.000367246,0.000363407,0.000372512,0.000367478,0.000364935
1,262144,0.00036699,0.000360223,0.000370056,0.000366948,0.00036926
1,262144,0.000364752,0.000361924,0.000368483,0.000364568,0.000368483
1,262144,0.000363525,0.000359993,0.000367671,0.000363325,0.000361989
1,262144,0.00036666,0.00036165,0.000370626,0.000366714,0.000367494
1,262144,0.00036751,0.000361788,0.000371438,0.00036755,0.000365792
1,262144,0.000369707,0.000361759,0.000375069,0.000369966,0.000369933
1,262144,0.000363778,0.000359611,0.000367082,0.000363815,0.000363415
1,262144,0.000368379,0.000361269,0.000373056,0.000368956,0.000368585
1,262144,0.000365217,0.00035913,0.000369483,0.000365613,0.000367296
1,262144,0.0003673,0.000362121,0.000372988,0.000366564,0.000364006
