run_id,msg_size,1_Avg-Duration_s,1_Min-Duration_s,1_Max-Duration_s,1_Median-Duration_s,1_MainRank-Duration_s
1,64,1.2272e-05,7.487e-06,1.6795e-05,1.1551e-05,7.616e-06
1,64,1.2573e-05,7.171e-06,1.704e-05,1.2609e-05,7.171e-06
1,64,1.245e-05,8.221e-06,1.7673e-05,1.1989e-05,8.221e-06
1,64,1.905e-05,1.2577e-05,2.4515e-05,1.9847e-05,1.4445e-05
1,64,9.496e-06,7.211e-06,1.2478e-05,9.499e-06,7.211e-06
1,64,9.853e-06,7.119e-06,1.2552e-05,9.691e-06,7.119e-06
1,64,1.0092e-05,6.252e-06,1.2859e-05,1.0075e-05,6.252e-06
1,64,1.2377e-05,5.678e-06,1.5262e-05,1.2532e-05,5.678e-06
1,64,9.164e-06,6.019e-06,1.2433e-05,9.293e-06,6.019e-06
1,64,1.1512e-05,7.853e-06,1.4945e-05,1.1468e-05,7.853e-06
1,64,9.751e-06,6.118e-06,1.2158e-05,9.757e-06,6.118e-06
1,64,0.000194819,0.00019016,0.000198927,0.000194946,0.000193961
1,64,1.5871e-05,1.1658e-05,1.938e-05,1.5784e-05,1.2995e-05
1,64,1.4408e-05,1.0928e-05,1.7126e-05,1.452e-05,1.225e-05
1,64,1.4659e-05,1.1043e-05,1.6528e-05,1.4865e-05,1.2262e-05
1,64,1.3517e-05,1.027e-05,1.5533e-05,1.3787e-05,1.1793e-05
1,64,1.365e-05,1.0368e-05,1.5777e-05,1.361e-05,1.1891e-05
1,64,1.4271e-05,1.0651e-05,1.64e-05,1.4424e-05,1.1575e-05
1,64,1.3429e-05,1.0307e-05,1.5269e-05,1.3788e-05,1.1247e-05
1,64,0.00048816,0.000191196,0.000786363,0.000498143,0.000786363
1,64,2.9355e-05,2.322e-05,4.0565e-05,2.9643e-05,4.0565e-05
1,64,2.8161e-05,1.9661e-05,3.4483e-05,2.8203e-05,3.3392e-05
1,64,2.8366e-05,2.0036e-05,3.534e-05,2.8313e-05,3.4532e-05
1,64,2.8088e-05,1.9377e-05,3.7584e-05,2.7687e-05,3.437e-05
1,64,2.7484e-05,1.9343e-05,3.762e-05,2.7758e-05,3.4073e-05
1,64,4.1105e-05,3.1441e-05,4.9337e-05,4.1019e-05,4.8274e-05
1,64,5.8657e-05,5.4051e-05,6.3767e-05,5.8286e-05,5.7288e-05
1,64,1.5752e-05,1.171e-05,2.0074e-05,1.5389e-05,1.2764e-05
1,64,9.985e-06,5.6e-06,1.3467e-05,9.867e-06,5.6e-06
1,64,1.0223e-05,6.175e-06,1.3118e-05,1.0174e-05,6.175e-06
1,64,9.372e-06,6.458e-06,1.2308e-05,9.386e-06,6.458e-06
1,64,8.992e-06,5.82e-06,1.253e-05,9.124e-06,5.82e-06
1,64,9.297e-06,5.202e-06,1.205e-05,9.539e-06,5.202e-06
1,64,9.226e-06,6.073e-06,1.1695e-05,9.272e-06,6.073e-06
1,64,9.818e-06,6.415e-06,1.2237e-05,9.977e-06,6.415e-06
1,64,9.749e-06,6.18e-06,1.2527e-05,9.788e-06,7.182e-06
1,64,8.228e-06,4.699e-06,1.092e-05,7.913e-06,5.462e-06
1,64,7.887e-06,4.238e-06,1.0815e-05,7.654e-06,4.556e-06
1,64,7.887e-06,4.627e-06,1.118e-05,7.772e-06,4.668e-06
1,64,8.138e-06,4.536e-06,1.1218e-05,8.22e-06,4.536e-06
1,64,1.4674e-05,1.2294e-05,1.7478e-05,1.4598e-05,1.2294e-05
1,64,7.31e-06,4.958e-06,9.441e-06,7.277e-06,4.958e-06
1,64,8.059e-06,4.443e-06,1.0875e-05,8.073e-06,4.498e-06
1,64,9.028e-06,5.433e-06,1.2479e-05,9.01e-06,5.433e-06
1,64,9.107e-06,5.766e-06,1.2222e-05,9.106e-06,5.766e-06
1,64,9.77e-06,6.379e-06,1.2632e-05,1.0056e-05,8.101e-06
1,64,9.096e-06,5.393e-06,1.1564e-05,9.386e-06,7.028e-06
1,64,8.583e-06,5.399e-06,1.1036e-05,8.641e-06,6.727e-06
1,64,8.786e-06,5.528e-06,1.1246e-05,9.094e-06,6.364e-06
1,64,9.356e-06,6.389e-06,1.1976e-05,9.123e-06,7.217e-06
1,64,8.824e-06,6.037e-06,1.1359e-05,9.053e-06,6.295e-06
1,64,1.3922e-05,1.0475e-05,1.6363e-05,1.399e-05,1.1758e-05
1,64,9.783e-06,7.334e-06,1.2167e-05,9.67e-06,7.477e-06
1,64,1.1099e-05,8.221e-06,1.3708e-05,1.1284e-05,8.283e-06
1,64,9.49e-06,5.754e-06,1.2094e-05,9.721e-06,6.869e-06
1,64,3.0018e-05,2.7399e-05,3.2138e-05,3.0124e-05,2.7646e-05
1,64,9.611e-06,6.051e-06,1.2031e-05,9.336e-06,8.061e-06
1,64,1.0287e-05,7.187e-06,1.2866e-05,1.0736e-05,7.187e-06
1,64,9.889e-06,7.242e-06,1.3029e-05,9.844e-06,7.646e-06
1,64,0.000173434,0.000168631,0.000179061,0.000173358,0.000168631
1,64,1.1832e-05,6.402e-06,1.5725e-05,1.1965e-05,6.402e-06
1,64,1.1073e-05,6.361e-06,1.5445e-05,1.0945e-05,6.361e-06
1,64,1.1029e-05,6.298e-06,1.4183e-05,1.11e-05,6.298e-06
1,64,1.008e-05,6.356e-06,1.3171e-05,1.0025e-05,6.537e-06
1,64,1.0012e-05,6.868e-06,1.2733e-05,9.905e-06,6.868e-06
1,64,9.945e-06,6.25e-06,1.3122e-05,9.702e-06,6.736e-06
1,64,1.0272e-05,6.355e-06,1.3485e-05,1.0488e-05,6.355e-06
1,64,0.000171632,0.000167867,0.000174539,0.000171779,0.000168233
1,64,1.2008e-05,8.264e-06,1.4648e-05,1.1987e-05,8.963e-06
1,64,1.1927e-05,8.08e-06,1.5049e-05,1.2119e-05,8.53e-06
1,64,1.1714e-05,7.532e-06,1.4682e-05,1.181e-05,8.771e-06
1,64,1.2276e-05,8.385e-06,1.5226e-05,1.2341e-05,8.385e-06
1,64,1.1273e-05,7.465e-06,1.4269e-05,1.136e-05,8.075e-06
1,64,1.1629e-05,7.798e-06,1.4422e-05,1.1742e-05,8.663e-06
1,64,1.1962e-05,8.408e-06,1.4709e-05,1.1837e-05,8.703e-06
1,64,1.2099e-05,8.813e-06,1.5396e-05,1.1889e-05,8.813e-06
1,64,1.2091e-05,7.839e-06,1.5801e-05,1.2142e-05,8.563e-06
1,64,1.1517e-05,7.896e-06,1.4121e-05,1.1674e-05,8.785e-06
1,64,1.5658e-05,8.203e-06,2.2607e-05,1.2108e-05,8.659e-06
1,64,1.255e-05,8.367e-06,1.5958e-05,1.2824e-05,9.046e-06
1,64,1.3112e-05,9.18e-06,1.6378e-05,1.2894e-05,9.18e-06
1,64,1.1922e-05,7.765e-06,1.5585e-05,1.2061e-05,9.108e-06
1,64,2.9242e-05,2.3356e-05,3.6383e-05,2.9825e-05,2.7326e-05
1,64,2.6809e-05,2.3387e-05,3.1361e-05,2.7014e-05,2.7685e-05
1,64,1.6704e-05,1.4565e-05,1.8667e-05,1.6765e-05,1.4565e-05
1,64,3.3352e-05,3.0127e-05,3.8751e-05,3.3389e-05,3.1888e-05
1,64,1.6401e-05,1.324e-05,2.0101e-05,1.644e-05,1.66e-05
1,64,1.5908e-05,1.2813e-05,1.8534e-05,1.5629e-05,1.5467e-05
1,64,1.544e-05,1.3235e-05,1.8147e-05,1.5496e-05,1.3819e-05
1,64,1.5587e-05,1.2925e-05,1.8147e-05,1.5628e-05,1.5368e-05
1,64,2.8249e-05,2.2663e-05,3.4467e-05,2.8048e-05,2.8992e-05
1,64,9.327e-06,6.313e-06,1.2e-05,9.17e-06,8.284e-06
1,64,7.599e-06,4.558e-06,9.962e-06,7.59e-06,4.558e-06
1,64,8.204e-06,4.528e-06,1.0341e-05,8.187e-06,4.771e-06
1,64,7.262e-06,5.133e-06,9.593e-06,7.087e-06,5.395e-06
1,64,7.574e-06,4.749e-06,9.699e-06,7.5e-06,4.749e-06
1,64,7.29e-06,4.792e-06,9.874e-06,7.197e-06,5.035e-06
1,64,7.671e-06,4.453e-06,9.814e-06,7.914e-06,4.453e-06
1,64,7.554e-06,4.653e-06,1.0761e-05,7.246e-06,5.291e-06
1,64,8.256e-06,4.643e-06,1.0389e-05,8.473e-06,4.643e-06
1,64,2.0239e-05,1.7646e-05,2.2486e-05,2.0232e-05,1.7646e-05
1,64,7.156e-06,5.353e-06,9.896e-06,6.755e-06,5.776e-06
1,64,7.536e-06,4.055e-06,9.541e-06,7.427e-06,4.055e-06
1,64,7.673e-06,4.326e-06,1.0913e-05,7.609e-06,4.697e-06
1,64,7.617e-06,4.12e-06,1.047e-05,7.555e-06,4.12e-06
1,64,7.654e-06,4.402e-06,1.0367e-05,7.829e-06,4.402e-06
1,64,7.441e-06,4.851e-06,1.0271e-05,7.425e-06,5.481e-06
1,64,7.445e-06,4.289e-06,9.506e-06,7.384e-06,4.289e-06
1,64,7.488e-06,4.404e-06,1.0323e-05,7.43e-06,4.526e-06
1,64,8.532e-06,5.438e-06,1.133e-05,8.513e-06,6.149e-06
1,64,7.726e-06,5.406e-06,9.564e-06,7.69e-06,5.406e-06
1,64,7.169e-06,5.132e-06,9.294e-06,6.994e-06,5.799e-06
1,64,7.425e-06,4.467e-06,9.463e-06,7.509e-06,4.467e-06
1,64,7.572e-06,4.82e-06,9.988e-06,7.419e-06,5.358e-06
1,64,7.625e-06,4.797e-06,9.864e-06,7.581e-06,5.436e-06
1,64,2.7084e-05,2.4534e-05,3.0648e-05,2.6577e-05,2.4534e-05
1,64,8.223e-06,4.193e-06,1.0964e-05,8.568e-06,4.193e-06
1,64,7.489e-06,4.8e-06,1.0178e-05,7.395e-06,4.8e-06
1,64,7.638e-06,4.897e-06,9.761e-06,7.7e-06,5.006e-06
1,64,7.636e-06,4.599e-06,9.929e-06,7.608e-06,4.739e-06
1,64,7.542e-06,4.484e-06,1.0305e-05,7.256e-06,4.923e-06
1,64,7.811e-06,4.532e-06,1.0783e-05,7.723e-06,4.695e-06
1,64,7.412e-06,4.249e-06,1.0332e-05,7.204e-06,4.249e-06
1,64,7.461e-06,4.38e-06,1.0179e-05,7.552e-06,4.38e-06
1,64,7.548e-06,3.988e-06,1.0352e-05,7.352e-06,3.988e-06
1,64,7.557e-06,4.079e-06,1.0116e-05,7.692e-06,4.079e-06
1,64,8.252e-06,4.619e-06,1.1372e-05,8.102e-06,5.185e-06
1,64,7.891e-06,4.275e-06,1.1029e-05,7.89e-06,4.713e-06
1,64,8.276e-06,5.636e-06,1.1347e-05,8.102e-06,6.694e-06
1,64,7.356e-06,4.732e-06,9.322e-06,7.37e-06,4.86e-06
1,64,1.958e-05,1.7159e-05,2.1329e-05,1.9586e-05,1.7444e-05
1,64,7.239e-06,5.496e-06,9.233e-06,7.019e-06,5.66e-06
1,64,9.945e-06,4.931e-06,1.2654e-05,1.0389e-05,7.156e-06
1,64,7.741e-06,4.306e-06,1.1146e-05,7.417e-06,4.644e-06
1,64,7.969e-06,3.716e-06,1.1466e-05,7.95e-06,3.716e-06
1,64,8.648e-06,5.287e-06,1.0545e-05,8.934e-06,7.676e-06
1,64,7.185e-06,5.36e-06,1.0188e-05,6.822e-06,5.485e-06
1,64,8.792e-06,4.441e-06,1.2081e-05,8.691e-06,7.25e-06
1,64,7.661e-06,4.394e-06,9.787e-06,7.862e-06,4.572e-06
1,64,7.673e-06,4.395e-06,1.0363e-05,7.572e-06,4.79e-06
1,64,8.169e-06,4.891e-06,1.082e-05,8.103e-06,4.891e-06
1,64,7.328e-06,5.091e-06,8.991e-06,7.323e-06,5.091e-06
1,64,7.199e-06,4.611e-06,9.381e-06,7.06e-06,4.854e-06
1,64,7.658e-06,4.487e-06,1.0492e-05,7.555e-06,4.487e-06
1,64,8.056e-06,5.116e-06,1.1406e-05,8.102e-06,5.116e-06
1,64,2.9299e-05,2.6951e-05,3.1981e-05,2.9067e-05,2.6951e-05
1,64,7.629e-06,4.888e-06,9.746e-06,7.552e-06,4.888e-06
1,64,7.744e-06,4.584e-06,1.0055e-05,7.642e-06,5.049e-06
1,64,7.683e-06,4.549e-06,1.0177e-05,7.859e-06,4.627e-06
1,64,7.463e-06,4.575e-06,9.831e-06,7.341e-06,5.146e-06
1,64,7.765e-06,4.679e-06,1.0605e-05,7.709e-06,5.301e-06
1,64,8e-06,4.46e-06,1.0808e-05,8.094e-06,4.473e-06
1,64,7.67e-06,4.389e-06,1.0422e-05,7.536e-06,4.389e-06
1,64,7.619e-06,4.407e-06,1.0467e-05,7.644e-06,4.407e-06
1,64,7.547e-06,4.487e-06,1.0431e-05,7.668e-06,4.487e-06
1,64,7.64e-06,4.621e-06,1.0631e-05,7.495e-06,4.882e-06
1,64,7.683e-06,4.404e-06,1.038e-05,7.643e-06,4.547e-06
1,64,7.647e-06,4.576e-06,1.0649e-05,7.499e-06,4.576e-06
1,64,8.816e-06,5.551e-06,1.1161e-05,8.926e-06,6.05e-06
1,64,7.719e-06,5.305e-06,9.784e-06,7.713e-06,5.305e-06
1,64,2.4382e-05,2.2282e-05,2.6198e-05,2.4364e-05,2.2282e-05
1,64,7.114e-06,5.685e-06,8.864e-06,7.082e-06,5.685e-06
1,64,7.536e-06,4.5e-06,9.809e-06,7.373e-06,4.72e-06
1,64,7.521e-06,4.389e-06,1.0177e-05,7.612e-06,4.389e-06
1,64,7.62e-06,4.565e-06,1.0444e-05,7.528e-06,5.112e-06
1,64,7.66e-06,4.425e-06,1.0077e-05,7.647e-06,4.425e-06
1,64,7.551e-06,4.572e-06,1.0446e-05,7.563e-06,4.807e-06
1,64,8.134e-06,4.2e-06,1.0824e-05,8.221e-06,4.2e-06
1,64,7.905e-06,5.982e-06,1.029e-05,8.043e-06,6.47e-06
1,64,7.678e-06,4.938e-06,1.0514e-05,7.644e-06,4.938e-06
1,64,8.248e-06,4.057e-06,1.0925e-05,8.244e-06,4.057e-06
1,64,7.952e-06,4.792e-06,1.0702e-05,7.979e-06,4.998e-06
1,64,8.16e-06,5.405e-06,1.034e-05,8.19e-06,6.479e-06
1,64,7.378e-06,4.793e-06,9.075e-06,7.508e-06,4.793e-06
1,64,7.672e-06,4.748e-06,1.0102e-05,7.553e-06,4.986e-06
1,64,2.6551e-05,2.3882e-05,2.9154e-05,2.6586e-05,2.3882e-05
1,64,7.492e-06,5.083e-06,9.777e-06,7.629e-06,6.098e-06
1,64,7.241e-06,5.086e-06,9.074e-06,7.456e-06,5.551e-06
1,64,7.278e-06,4.85e-06,9.526e-06,7.125e-06,5.107e-06
1,64,7.585e-06,4.296e-06,9.966e-06,7.715e-06,4.296e-06
1,64,7.417e-06,4.537e-06,1.0567e-05,7.255e-06,4.61e-06
1,64,7.682e-06,4.479e-06,1.0518e-05,7.602e-06,4.488e-06
1,64,7.688e-06,4.301e-06,1.0493e-05,7.784e-06,4.301e-06
1,64,7.345e-06,4.617e-06,9.462e-06,7.252e-06,4.852e-06
1,64,7.57e-06,4.248e-06,1.0163e-05,7.608e-06,4.805e-06
1,64,7.601e-06,4.486e-06,1.0597e-05,7.52e-06,4.486e-06
1,64,7.459e-06,4.635e-06,1.0409e-05,7.403e-06,4.94e-06
1,64,7.872e-06,4.432e-06,1.0539e-05,7.905e-06,4.451e-06
1,64,7.676e-06,4.261e-06,1.0485e-05,7.824e-06,4.261e-06
1,64,8.376e-06,5.623e-06,1.1872e-05,8.44e-06,5.684e-06
1,64,2.497e-05,2.2974e-05,2.7257e-05,2.5083e-05,2.3728e-05
1,64,8.047e-06,6.018e-06,1.0453e-05,7.884e-06,6.978e-06
1,64,7.498e-06,4.935e-06,1.0119e-05,7.571e-06,5.864e-06
1,64,8.227e-06,4.029e-06,1.0676e-05,8.052e-06,6.357e-06
1,64,7.722e-06,3.903e-06,1.0064e-05,7.652e-06,3.903e-06
1,64,7.993e-06,4.362e-06,1.0833e-05,7.994e-06,4.362e-06
1,64,9.803e-06,5.835e-06,1.3299e-05,1.0354e-05,5.835e-06
1,64,7.524e-06,4.663e-06,1.0467e-05,7.456e-06,5.039e-06
1,64,7.574e-06,4.402e-06,9.9e-06,7.403e-06,4.402e-06
1,64,7.382e-06,5.096e-06,1.0213e-05,7.364e-06,5.096e-06
1,64,7.34e-06,4.664e-06,9.388e-06,7.274e-06,4.664e-06
1,64,7.594e-06,4.652e-06,9.682e-06,7.706e-06,4.652e-06
1,64,9.287e-06,6.865e-06,1.2027e-05,9.166e-06,6.865e-06
1,64,7.668e-06,4.109e-06,9.375e-06,7.934e-06,4.109e-06
1,64,7.547e-06,4.783e-06,9.769e-06,7.611e-06,4.996e-06
1,64,2.4063e-05,2.1283e-05,2.8438e-05,2.3928e-05,2.1991e-05
1,64,8.175e-06,3.512e-06,1.0843e-05,7.945e-06,3.512e-06
1,64,7.555e-06,4.626e-06,1.047e-05,7.361e-06,4.626e-06
1,64,7.609e-06,5.63e-06,9.99e-06,7.375e-06,6.243e-06
1,64,7.447e-06,4.676e-06,9.012e-06,7.561e-06,4.899e-06
1,64,7.574e-06,5.092e-06,1.0238e-05,7.438e-06,5.338e-06
1,64,7.638e-06,4.249e-06,9.505e-06,7.63e-06,4.249e-06
1,64,7.516e-06,4.739e-06,1.0293e-05,7.436e-06,4.92e-06
1,64,7.413e-06,4.702e-06,9.832e-06,7.207e-06,4.867e-06
1,64,7.478e-06,4.505e-06,1.0069e-05,7.433e-06,4.505e-06
1,64,7.798e-06,4.922e-06,1.0147e-05,7.7e-06,4.922e-06
1,64,7.558e-06,4.673e-06,9.65e-06,7.848e-06,4.833e-06
1,64,7.595e-06,5.505e-06,1.0055e-05,7.375e-06,5.505e-06
1,64,7.887e-06,5.747e-06,9.521e-06,7.899e-06,5.747e-06
1,64,7.476e-06,5.138e-06,9.707e-06,7.302e-06,5.314e-06
1,64,2.3862e-05,2.1618e-05,2.5911e-05,2.3981e-05,2.1618e-05
1,64,7.553e-06,4.901e-06,9.667e-06,7.532e-06,5.391e-06
1,64,7.615e-06,4.807e-06,9.847e-06,7.443e-06,4.807e-06
1,64,7.269e-06,4.611e-06,1.035e-05,7.148e-06,4.954e-06
1,64,7.755e-06,4.443e-06,1.1025e-05,7.672e-06,4.443e-06
1,64,7.716e-06,4.115e-06,1.0689e-05,7.629e-06,4.115e-06
1,64,1.0293e-05,4.151e-06,1.3726e-05,1.0754e-05,4.151e-06
1,64,8.23e-06,4.995e-06,1.1379e-05,8.143e-06,5.019e-06
1,64,7.662e-06,4.346e-06,1.0195e-05,7.687e-06,4.346e-06
1,64,7.544e-06,4.448e-06,1.0301e-05,7.474e-06,4.448e-06
1,64,7.337e-06,4.613e-06,1.0362e-05,7.3e-06,4.875e-06
1,64,7.614e-06,4.497e-06,1.0003e-05,7.347e-06,4.497e-06
1,64,7.698e-06,4.343e-06,1.0661e-05,7.724e-06,4.343e-06
1,64,7.77e-06,4.375e-06,1.0739e-05,7.739e-06,5.032e-06
1,64,7.678e-06,4.22e-06,1.0237e-05,7.803e-06,4.22e-06
1,64,2.5621e-05,2.2806e-05,2.8144e-05,2.5779e-05,2.2806e-05
1,64,7.117e-06,5.085e-06,9.56e-06,6.809e-06,5.558e-06
1,64,7.792e-06,4.687e-06,1.0195e-05,7.616e-06,4.687e-06
1,64,8.182e-06,4.659e-06,1.0887e-05,8.135e-06,4.659e-06
1,64,7.376e-06,4.789e-06,1.0362e-05,7.101e-06,5.565e-06
1,64,7.875e-06,4.272e-06,1.0582e-05,7.76e-06,4.272e-06
1,64,7.85e-06,3.971e-06,1.1344e-05,7.841e-06,3.971e-06
1,64,8.181e-06,4.244e-06,1.1939e-05,8.291e-06,4.244e-06
1,64,8.313e-06,3.869e-06,1.1318e-05,8.473e-06,3.869e-06
1,64,7.751e-06,5.702e-06,1.0083e-05,7.987e-06,6.573e-06
1,64,7.271e-06,4.807e-06,9.119e-06,7.2e-06,5.004e-06
1,64,7.655e-06,4.478e-06,1.0234e-05,7.664e-06,4.631e-06
1,64,7.892e-06,4.218e-06,1.099e-05,8.114e-06,4.218e-06
1,64,8.259e-06,4.27e-06,1.149e-05,8.345e-06,4.27e-06
1,64,7.658e-06,4.564e-06,1.0789e-05,7.52e-06,4.624e-06
1,64,2.4466e-05,2.0312e-05,2.6605e-05,2.4807e-05,2.0312e-05
1,64,7.162e-06,4.928e-06,9.222e-06,7.045e-06,5.254e-06
1,64,8.124e-06,6.101e-06,1.0233e-05,8.168e-06,6.101e-06
1,64,7.3e-06,4.473e-06,9.896e-06,7.197e-06,4.642e-06
1,64,7.727e-06,4.532e-06,1.0261e-05,7.716e-06,4.532e-06
1,64,7.422e-06,4.607e-06,1.0522e-05,7.31e-06,4.607e-06
1,64,8.013e-06,3.8e-06,1.1411e-05,8.019e-06,3.8e-06
1,64,8.246e-06,4.954e-06,1.1012e-05,8.356e-06,4.954e-06
1,64,7.197e-06,4.877e-06,9.714e-06,6.912e-06,5.085e-06
1,64,7.355e-06,4.501e-06,9.491e-06,7.276e-06,4.801e-06
1,64,7.501e-06,4.872e-06,9.9e-06,7.624e-06,5.345e-06
1,64,8.583e-06,5.097e-06,1.1614e-05,8.475e-06,6.334e-06
1,64,7.665e-06,4.643e-06,1.029e-05,7.899e-06,4.643e-06
1,64,7.549e-06,4.315e-06,1.0189e-05,7.519e-06,4.315e-06
1,64,9.236e-06,5.84e-06,1.221e-05,9.383e-06,6.278e-06
1,64,2.6349e-05,2.4355e-05,2.8847e-05,2.6445e-05,2.4355e-05
1,64,7.599e-06,5.117e-06,1.0032e-05,7.556e-06,5.117e-06
1,64,7.582e-06,4.337e-06,9.736e-06,7.493e-06,4.337e-06
1,64,7.559e-06,4.121e-06,1.0146e-05,7.51e-06,4.121e-06
1,64,7.414e-06,4.55e-06,9.915e-06,7.277e-06,4.55e-06
1,64,7.251e-06,4.348e-06,9.978e-06,7.206e-06,4.348e-06
1,64,7.452e-06,4.614e-06,1.0201e-05,7.396e-06,4.614e-06
1,64,7.661e-06,4.367e-06,1.0371e-05,7.629e-06,4.367e-06
1,64,7.63e-06,4.367e-06,1.084e-05,7.519e-06,4.583e-06
1,64,7.614e-06,4.203e-06,1.0498e-05,7.679e-06,4.483e-06
1,64,8.01e-06,5.032e-06,1.1128e-05,7.931e-06,5.382e-06
1,64,7.423e-06,4.312e-06,9.879e-06,7.382e-06,4.312e-06
1,64,7.161e-06,4.572e-06,9.975e-06,7.048e-06,4.671e-06
1,64,7.346e-06,4.193e-06,1.0055e-05,7.257e-06,4.495e-06
1,64,7.931e-06,4.293e-06,1.0722e-05,8.092e-06,4.293e-06
1,64,2.0156e-05,1.7814e-05,2.2899e-05,2.0254e-05,1.7814e-05
1,64,7.288e-06,5.266e-06,9.596e-06,7.129e-06,5.35e-06
1,64,8.024e-06,4.33e-06,1.1106e-05,7.924e-06,4.748e-06
1,64,7.57e-06,4.149e-06,1.0846e-05,7.583e-06,4.752e-06
1,64,7.551e-06,4.726e-06,1.0214e-05,7.395e-06,4.814e-06
1,64,7.856e-06,4.19e-06,1.0623e-05,7.857e-06,4.19e-06
1,64,7.942e-06,4.656e-06,1.2121e-05,7.416e-06,5.243e-06
1,64,7.909e-06,4.008e-06,1.1112e-05,7.91e-06,4.008e-06
1,64,7.526e-06,4.445e-06,1.022e-05,7.52e-06,4.445e-06
1,64,7.659e-06,4.405e-06,9.858e-06,7.532e-06,4.545e-06
1,64,7.214e-06,4.423e-06,9.457e-06,7.175e-06,4.423e-06
1,64,7.14e-06,4.605e-06,9.256e-06,7.069e-06,4.812e-06
1,64,7.508e-06,4.472e-06,9.997e-06,7.568e-06,4.472e-06
1,64,7.447e-06,4.261e-06,1.0564e-05,7.348e-06,4.499e-06
1,64,7.58e-06,4.545e-06,1.0081e-05,7.534e-06,4.565e-06
1,64,2.5363e-05,2.3164e-05,2.7885e-05,2.5199e-05,2.3164e-05
1,64,7.227e-06,4.433e-06,9.142e-06,7.198e-06,4.433e-06
1,64,8.09e-06,4.339e-06,1.1257e-05,8.038e-06,4.945e-06
1,64,7.525e-06,4.358e-06,1.0895e-05,7.492e-06,4.422e-06
1,64,7.55e-06,4.299e-06,1.0493e-05,7.394e-06,4.343e-06
1,64,7.468e-06,4.248e-06,1.0934e-05,7.453e-06,4.248e-06
1,64,7.666e-06,4.126e-06,1.063e-05,7.905e-06,4.126e-06
1,64,7.494e-06,4.304e-06,1.0514e-05,7.535e-06,4.467e-06
1,64,7.539e-06,4.258e-06,9.687e-06,7.6e-06,4.258e-06
1,64,7.229e-06,4.469e-06,1.042e-05,7.206e-06,4.469e-06
1,64,7.644e-06,4.285e-06,1.0073e-05,7.619e-06,4.285e-06
1,64,7.312e-06,4.366e-06,1.0575e-05,7.145e-06,4.366e-06
1,64,8.646e-06,5.502e-06,1.1427e-05,8.846e-06,5.502e-06
1,64,7.258e-06,4.49e-06,1.0033e-05,7.076e-06,4.952e-06
1,64,7.656e-06,4.588e-06,9.88e-06,7.618e-06,5.084e-06
1,64,2.5496e-05,2.3028e-05,2.821e-05,2.5183e-05,2.3548e-05
1,64,7.522e-06,4.394e-06,9.973e-06,7.299e-06,4.819e-06
1,64,7.494e-06,4.303e-06,1.0321e-05,7.6e-06,4.303e-06
1,64,7.653e-06,4.3e-06,1.0447e-05,7.703e-06,4.3e-06
1,64,7.715e-06,4.818e-06,1.0632e-05,7.742e-06,5.055e-06
1,64,7.235e-06,4.687e-06,1.0041e-05,6.941e-06,4.93e-06
1,64,7.457e-06,4.307e-06,1.0385e-05,7.321e-06,4.314e-06
1,64,7.817e-06,4.251e-06,1.1132e-05,7.771e-06,4.251e-06
1,64,7.274e-06,4.335e-06,1.0522e-05,7.021e-06,4.335e-06
1,64,7.667e-06,4.309e-06,1.028e-05,7.662e-06,4.309e-06
1,64,7.453e-06,4.416e-06,1.0469e-05,7.329e-06,4.416e-06
1,64,7.887e-06,5.472e-06,1.0496e-05,7.855e-06,5.472e-06
1,64,7.213e-06,4.491e-06,9.855e-06,7.113e-06,4.921e-06
1,64,8.86e-06,3.295e-06,1.1697e-05,9.051e-06,3.295e-06
1,64,7.498e-06,4.431e-06,1.0507e-05,7.369e-06,4.431e-06
1,64,2.4066e-05,2.1903e-05,2.6359e-05,2.4093e-05,2.2105e-05
1,64,6.985e-06,5.419e-06,8.8e-06,6.784e-06,5.673e-06
1,64,7.174e-06,4.431e-06,8.641e-06,7.176e-06,4.431e-06
1,64,7.302e-06,4.274e-06,1.0332e-05,7.285e-06,4.629e-06
1,64,7.99e-06,6.006e-06,1.0522e-05,7.736e-06,6.006e-06
1,64,7.423e-06,4.477e-06,8.957e-06,7.629e-06,4.783e-06
1,64,7.46e-06,4.416e-06,1.0025e-05,7.517e-06,4.416e-06
1,64,7.365e-06,4.565e-06,1.0152e-05,7.25e-06,4.635e-06
1,64,7.975e-06,4.557e-06,1.0922e-05,7.859e-06,4.918e-06
1,64,7.781e-06,4.378e-06,1.0963e-05,7.625e-06,4.378e-06
1,64,7.777e-06,4.537e-06,1.0495e-05,7.865e-06,4.537e-06
1,64,7.271e-06,5.098e-06,9.005e-06,7.16e-06,5.378e-06
1,64,8.348e-06,4.823e-06,1.0655e-05,8.345e-06,5.912e-06
1,64,7.547e-06,4.936e-06,1.0037e-05,7.52e-06,5.177e-06
1,64,7.472e-06,4.6e-06,9.919e-06,7.487e-06,4.635e-06
1,64,2.6316e-05,2.3816e-05,2.8983e-05,2.6182e-05,2.3816e-05
1,64,7.577e-06,4.532e-06,1.0088e-05,7.619e-06,4.751e-06
1,64,7.47e-06,4.797e-06,1.0136e-05,7.353e-06,5.266e-06
1,64,7.064e-06,4.501e-06,9.303e-06,6.939e-06,4.501e-06
1,64,8.43e-06,4.403e-06,1.2571e-05,8.415e-06,4.487e-06
1,64,8.084e-06,4.105e-06,1.1152e-05,8.371e-06,4.105e-06
1,64,7.133e-06,4.769e-06,1.033e-05,7.016e-06,5.009e-06
1,64,7.567e-06,4.508e-06,9.869e-06,7.427e-06,4.508e-06
1,64,7.236e-06,4.76e-06,1.0039e-05,7.301e-06,5.193e-06
1,64,7.089e-06,4.378e-06,9.23e-06,6.96e-06,4.378e-06
1,64,7.599e-06,4.278e-06,1.0113e-05,7.7e-06,4.633e-06
1,64,7.223e-06,4.461e-06,1.0097e-05,7.081e-06,4.518e-06
1,64,7.423e-06,4.56e-06,9.975e-06,7.404e-06,4.784e-06
1,64,7.319e-06,4.475e-06,9.997e-06,7.237e-06,4.702e-06
1,64,7.478e-06,4.512e-06,9.703e-06,7.518e-06,4.604e-06
1,64,2.3971e-05,2.0922e-05,2.66e-05,2.4209e-05,2.1455e-05
1,64,7.54e-06,4.577e-06,1.0885e-05,7.388e-06,4.738e-06
1,64,7.906e-06,3.889e-06,1.15e-05,7.77e-06,3.889e-06
1,64,7.634e-06,3.753e-06,1.073e-05,7.81e-06,3.753e-06
1,64,7.474e-06,4.205e-06,1.0375e-05,7.397e-06,4.205e-06
1,64,7.452e-06,4.336e-06,1.0454e-05,7.349e-06,4.481e-06
1,64,7.602e-06,4.215e-06,1.0449e-05,7.702e-06,4.406e-06
1,64,7.542e-06,4.219e-06,1.0622e-05,7.633e-06,4.219e-06
1,64,7.636e-06,4.208e-06,1.0804e-05,7.505e-06,4.208e-06
1,64,7.657e-06,4.026e-06,1.1013e-05,7.399e-06,4.026e-06
1,64,7.808e-06,3.948e-06,1.1099e-05,8.05e-06,3.948e-06
1,64,7.454e-06,4.348e-06,9.781e-06,7.653e-06,4.348e-06
1,64,7.427e-06,4.475e-06,1.053e-05,7.554e-06,4.475e-06
1,64,7.536e-06,4.318e-06,1.0514e-05,7.301e-06,4.318e-06
1,64,8.151e-06,4.82e-06,1.0687e-05,8.293e-06,4.82e-06
1,64,2.5095e-05,2.3027e-05,2.7315e-05,2.5026e-05,2.3027e-05
1,64,7.173e-06,5.458e-06,9.303e-06,6.925e-06,6.068e-06
1,64,7.472e-06,4.208e-06,1.0244e-05,7.324e-06,4.208e-06
1,64,8.562e-06,6.136e-06,1.11e-05,8.593e-06,6.136e-06
1,64,7.263e-06,5.588e-06,9.737e-06,7.146e-06,5.828e-06
1,64,7.137e-06,4.77e-06,1.1437e-05,6.857e-06,4.872e-06
1,64,9.618e-06,4.292e-06,1.4103e-05,9.274e-06,4.722e-06
1,64,7.988e-06,4.234e-06,1.1436e-05,8.2e-06,4.234e-06
1,64,8.819e-06,6.13e-06,1.1591e-05,8.759e-06,7.349e-06
1,64,7.353e-06,4.495e-06,9.465e-06,7.445e-06,4.495e-06
1,64,9.4e-06,5.404e-06,1.1513e-05,9.583e-06,7.007e-06
1,64,7.086e-06,4.52e-06,1.0223e-05,6.756e-06,4.903e-06
1,64,9.855e-06,3.102e-06,1.2608e-05,1.0111e-05,3.102e-06
1,64,7.228e-06,4.691e-06,9.801e-06,6.971e-06,4.691e-06
1,64,9.755e-06,4.421e-06,1.3089e-05,9.826e-06,7.508e-06
1,64,2.4775e-05,2.2578e-05,2.6991e-05,2.471e-05,2.2578e-05
1,64,6.9e-06,5.054e-06,8.767e-06,6.857e-06,5.216e-06
1,64,7.487e-06,4.539e-06,9.301e-06,7.447e-06,4.539e-06
1,64,7.958e-06,4.412e-06,1.0741e-05,8.111e-06,4.901e-06
1,64,7.521e-06,4.229e-06,1.0185e-05,7.403e-06,4.229e-06
1,64,7.707e-06,4.596e-06,1.066e-05,7.498e-06,4.596e-06
1,64,7.262e-06,4.444e-06,9.731e-06,7.455e-06,4.543e-06
1,64,7.335e-06,4.324e-06,1.0086e-05,7.24e-06,4.438e-06
1,64,7.767e-06,4.464e-06,1.0317e-05,7.888e-06,4.767e-06
1,64,7.38e-06,5.231e-06,9.422e-06,7.382e-06,5.467e-06
1,64,8.113e-06,5.71e-06,9.992e-06,8.117e-06,6.269e-06
1,64,7.943e-06,5.589e-06,1.0024e-05,7.9e-06,6.522e-06
1,64,7.245e-06,4.419e-06,9.441e-06,7.234e-06,4.419e-06
1,64,7.732e-06,4.254e-06,1.0762e-05,7.712e-06,4.411e-06
1,64,7.956e-06,4.317e-06,1.0934e-05,8.01e-06,4.317e-06
1,64,2.5762e-05,2.3203e-05,2.8375e-05,2.5764e-05,2.3342e-05
1,64,7.1e-06,5.186e-06,8.85e-06,7.054e-06,5.22e-06
1,64,7.36e-06,5.069e-06,9.29e-06,7.345e-06,5.069e-06
1,64,8.809e-06,5.486e-06,1.1776e-05,8.678e-06,7.325e-06
1,64,7.509e-06,4.021e-06,9.601e-06,7.5e-06,4.021e-06
1,64,7.419e-06,4.233e-06,1.053e-05,7.385e-06,4.311e-06
1,64,7.417e-06,4.38e-06,1.0277e-05,7.353e-06,4.455e-06
1,64,7.495e-06,4.234e-06,1.0227e-05,7.377e-06,4.457e-06
1,64,7.95e-06,4.384e-06,1.148e-05,8.117e-06,4.611e-06
1,64,7.652e-06,4.178e-06,1.1271e-05,7.594e-06,4.178e-06
1,64,7.559e-06,4.443e-06,1.0487e-05,7.476e-06,4.443e-06
1,64,7.486e-06,4.328e-06,1.0366e-05,7.643e-06,4.685e-06
1,64,7.41e-06,4.229e-06,1.0122e-05,7.155e-06,4.399e-06
1,64,7.322e-06,4.355e-06,9.68e-06,7.142e-06,4.355e-06
1,64,7.308e-06,4.447e-06,1.0134e-05,7.393e-06,4.476e-06
1,64,2.5926e-05,2.326e-05,2.8453e-05,2.5867e-05,2.3788e-05
1,64,7.007e-06,4.572e-06,9.348e-06,6.766e-06,4.977e-06
1,64,7.883e-06,4.328e-06,1.0817e-05,7.959e-06,4.364e-06
1,64,7.579e-06,3.787e-06,1.0219e-05,7.709e-06,3.787e-06
1,64,7.415e-06,4.215e-06,1.0263e-05,7.346e-06,4.215e-06
1,64,7.383e-06,4.591e-06,9.967e-06,7.439e-06,4.591e-06
1,64,8.303e-06,6.361e-06,1.0063e-05,8.412e-06,6.534e-06
1,64,7.932e-06,6.134e-06,9.537e-06,7.987e-06,6.194e-06
1,64,6.97e-06,5.218e-06,8.873e-06,6.835e-06,5.504e-06
1,64,7.151e-06,4.964e-06,9.163e-06,7.15e-06,4.985e-06
1,64,7.848e-06,5.685e-06,9.725e-06,7.978e-06,6.224e-06
1,64,7.406e-06,5.26e-06,1.1647e-05,7.567e-06,5.562e-06
1,64,9.53e-06,5.746e-06,1.3136e-05,9.846e-06,6.043e-06
1,64,7.574e-06,4.526e-06,9.982e-06,7.563e-06,4.526e-06
1,64,7.689e-06,4.455e-06,1.0368e-05,7.539e-06,4.716e-06
1,64,2.5363e-05,2.2632e-05,2.8501e-05,2.5333e-05,2.2722e-05
1,64,7.894e-06,4.69e-06,9.858e-06,8.122e-06,4.69e-06
1,64,9.065e-06,6.36e-06,1.1744e-05,9.079e-06,7.721e-06
1,64,9.52e-06,4.862e-06,1.506e-05,9.202e-06,5.234e-06
1,64,1.0169e-05,7.02e-06,1.4779e-05,9.751e-06,7.292e-06
1,64,7.781e-06,3.996e-06,1.0593e-05,7.892e-06,3.996e-06
1,64,7.538e-06,4.243e-06,1.1023e-05,7.481e-06,4.807e-06
1,64,7.759e-06,4.331e-06,1.0237e-05,7.831e-06,4.331e-06
1,64,7.9e-06,4.701e-06,1.0239e-05,7.811e-06,4.701e-06
1,64,7.004e-06,4.448e-06,9.845e-06,6.74e-06,4.448e-06
1,64,7.42e-06,4.654e-06,9.909e-06,7.532e-06,4.654e-06
1,64,9.183e-06,4.277e-06,1.913e-05,8.61e-06,4.896e-06
1,64,9.853e-06,6.689e-06,1.4343e-05,9.733e-06,7.431e-06
1,64,8.734e-06,6.907e-06,1.1259e-05,8.832e-06,6.955e-06
1,64,7.783e-06,4.182e-06,1.0343e-05,7.986e-06,4.182e-06
1,64,2.2756e-05,2.0708e-05,2.5597e-05,2.2627e-05,2.1089e-05
1,64,7.189e-06,5.047e-06,9.147e-06,7.069e-06,5.123e-06
1,64,7.285e-06,4.482e-06,9.332e-06,7.271e-06,4.482e-06
1,64,7.395e-06,4.084e-06,9.784e-06,7.387e-06,4.084e-06
1,64,9.754e-06,5.944e-06,1.7054e-05,7.92e-06,6.264e-06
1,64,9.353e-06,5.897e-06,1.4797e-05,9.152e-06,7.004e-06
1,64,9.667e-06,4.702e-06,1.4643e-05,9.622e-06,5.501e-06
1,64,7.426e-06,4.266e-06,1.0133e-05,7.188e-06,4.733e-06
1,64,7.789e-06,4.355e-06,1.0691e-05,7.71e-06,4.839e-06
1,64,7.628e-06,4.158e-06,1.0157e-05,7.588e-06,4.158e-06
1,64,7.226e-06,4.313e-06,9.976e-06,7.264e-06,4.313e-06
1,64,7.256e-06,4.469e-06,9.934e-06,6.978e-06,4.469e-06
1,64,7.567e-06,4.234e-06,1.0525e-05,7.569e-06,4.234e-06
1,64,7.843e-06,4.179e-06,1.4934e-05,7.909e-06,4.179e-06
1,64,9.341e-06,5.295e-06,1.2904e-05,9.398e-06,5.295e-06
1,64,2.4108e-05,2.0775e-05,2.6487e-05,2.4014e-05,2.4009e-05
1,64,7.676e-06,6.34e-06,9.421e-06,7.551e-06,6.538e-06
1,64,7.387e-06,3.984e-06,9.956e-06,7.244e-06,3.984e-06
1,64,7.299e-06,4.628e-06,9.777e-06,7.167e-06,4.689e-06
1,64,7.089e-06,4.223e-06,9.434e-06,6.987e-06,4.341e-06
1,64,7.403e-06,4.436e-06,9.973e-06,7.297e-06,5.019e-06
1,64,7.363e-06,4.314e-06,1.0014e-05,7.371e-06,4.314e-06
1,64,7.522e-06,4.168e-06,1.067e-05,7.322e-06,4.492e-06
1,64,7.457e-06,4.322e-06,1.037e-05,7.434e-06,4.558e-06
1,64,7.316e-06,4.288e-06,1.003e-05,7.406e-06,4.347e-06
1,64,7.37e-06,4.322e-06,1.0059e-05,7.37e-06,4.322e-06
1,64,7.457e-06,4.311e-06,1.0314e-05,7.505e-06,4.793e-06
1,64,7.546e-06,4.353e-06,1.0146e-05,7.564e-06,4.478e-06
1,64,7.419e-06,4.912e-06,1.0527e-05,7.376e-06,4.912e-06
1,64,7.604e-06,4.754e-06,1.0016e-05,7.734e-06,4.889e-06
1,64,2.6604e-05,2.416e-05,2.8677e-05,2.6584e-05,2.4162e-05
1,64,7.013e-06,4.369e-06,9.011e-06,6.965e-06,4.369e-06
1,64,7.273e-06,4.03e-06,9.341e-06,7.346e-06,4.03e-06
1,64,7.515e-06,5.034e-06,9.429e-06,7.642e-06,5.034e-06
1,64,7.006e-06,4.642e-06,9.274e-06,6.964e-06,4.788e-06
1,64,7.373e-06,4.17e-06,1.0147e-05,7.382e-06,4.476e-06
1,64,7.628e-06,3.867e-06,1.0709e-05,7.642e-06,3.867e-06
1,64,7.718e-06,4.528e-06,1.0744e-05,7.68e-06,4.528e-06
1,64,7.19e-06,4.277e-06,9.685e-06,7.254e-06,4.277e-06
1,64,7.396e-06,4.282e-06,1.0103e-05,7.527e-06,4.328e-06
1,64,7.402e-06,4.41e-06,1.0183e-05,7.43e-06,4.41e-06
1,64,7.168e-06,4.792e-06,9.808e-06,6.942e-06,5.12e-06
1,64,8.513e-06,4.31e-06,1.0997e-05,8.591e-06,5.327e-06
1,64,7.33e-06,4.045e-06,1.0236e-05,7.198e-06,4.045e-06
1,64,7.657e-06,4.802e-06,1.0464e-05,7.604e-06,4.886e-06
1,64,2.4636e-05,2.0711e-05,2.6793e-05,2.4798e-05,2.0711e-05
1,64,6.96e-06,4.876e-06,9.021e-06,6.821e-06,4.942e-06
1,64,7.5e-06,4.187e-06,1.0281e-05,7.382e-06,4.979e-06
1,64,7.631e-06,4.325e-06,1.0341e-05,7.717e-06,4.325e-06
1,64,7.395e-06,4.528e-06,9.938e-06,7.405e-06,4.637e-06
1,64,7.273e-06,4.257e-06,9.801e-06,7.246e-06,4.258e-06
1,64,7.55e-06,4.911e-06,1.022e-05,7.494e-06,5.456e-06
1,64,7.105e-06,4.559e-06,9.118e-06,6.97e-06,4.559e-06
1,64,7.301e-06,4.249e-06,9.928e-06,7.24e-06,4.647e-06
1,64,7.627e-06,4.207e-06,1.0264e-05,7.643e-06,4.207e-06
1,64,7.48e-06,4.477e-06,1.0384e-05,7.569e-06,4.785e-06
1,64,7.371e-06,3.921e-06,9.953e-06,7.364e-06,3.921e-06
1,64,7.389e-06,4.683e-06,1.0261e-05,7.417e-06,4.683e-06
1,64,7.403e-06,4.356e-06,9.876e-06,7.544e-06,4.397e-06
1,64,7.392e-06,4.231e-06,1.002e-05,7.267e-06,4.231e-06
1,64,2.3402e-05,2.1196e-05,2.6072e-05,2.3432e-05,2.1196e-05
1,64,7.332e-06,4.268e-06,9.501e-06,7.343e-06,4.528e-06
1,64,7.632e-06,4.272e-06,1.03e-05,7.61e-06,4.731e-06
1,64,7.435e-06,4.24e-06,1.0322e-05,7.393e-06,4.24e-06
1,64,7.603e-06,4.166e-06,1.073e-05,7.638e-06,4.344e-06
1,64,7.757e-06,4.253e-06,1.1178e-05,7.656e-06,4.253e-06
1,64,7.572e-06,4.084e-06,1.0609e-05,7.697e-06,4.084e-06
1,64,7.242e-06,4.624e-06,9.98e-06,7.06e-06,4.697e-06
1,64,7.633e-06,4.525e-06,1.0064e-05,7.631e-06,4.924e-06
1,64,7.566e-06,4.443e-06,1.0414e-05,7.526e-06,4.443e-06
1,64,7.644e-06,4.437e-06,1.121e-05,7.549e-06,4.475e-06
1,64,7.66e-06,3.905e-06,1.086e-05,7.74e-06,3.905e-06
1,64,7.314e-06,4.574e-06,1.0319e-05,7.148e-06,4.718e-06
1,64,7.422e-06,4.377e-06,9.784e-06,7.495e-06,4.378e-06
1,64,7.713e-06,4.364e-06,1.0832e-05,7.648e-06,4.364e-06
1,64,2.4004e-05,2.1607e-05,2.5589e-05,2.4068e-05,2.1974e-05
1,64,6.862e-06,5.415e-06,8.573e-06,6.677e-06,5.415e-06
1,64,7.233e-06,4.339e-06,9.499e-06,7.133e-06,4.595e-06
1,64,7.307e-06,4.166e-06,9.809e-06,7.362e-06,4.166e-06
1,64,7.323e-06,4.248e-06,9.97e-06,7.213e-06,4.69e-06
1,64,7.422e-06,4.546e-06,1.0703e-05,7.286e-06,4.954e-06
1,64,7.442e-06,4.063e-06,9.694e-06,7.562e-06,4.063e-06
1,64,7.346e-06,4.233e-06,1.0398e-05,7.389e-06,4.37e-06
1,64,7.586e-06,4.338e-06,1.0595e-05,7.579e-06,4.58e-06
1,64,7.459e-06,4.285e-06,1.0283e-05,7.477e-06,4.526e-06
1,64,7.356e-06,4.529e-06,1.0012e-05,7.335e-06,4.557e-06
1,64,7.583e-06,3.825e-06,1.0069e-05,7.716e-06,3.825e-06
1,64,7.598e-06,4.168e-06,1.1059e-05,7.269e-06,4.697e-06
1,64,7.613e-06,4.192e-06,1.043e-05,7.618e-06,4.192e-06
1,64,7.41e-06,4.509e-06,1.0662e-05,7.404e-06,4.509e-06
1,64,2.2921e-05,2.077e-05,2.5189e-05,2.2951e-05,2.0897e-05
1,64,7.045e-06,4.453e-06,8.83e-06,6.973e-06,4.724e-06
1,64,7.373e-06,4.385e-06,9.906e-06,7.369e-06,4.385e-06
1,64,7.492e-06,5.307e-06,1.0128e-05,7.57e-06,5.341e-06
1,64,7.172e-06,4.289e-06,9.275e-06,7.124e-06,4.635e-06
1,64,7.535e-06,4.151e-06,1.0185e-05,7.567e-06,4.374e-06
1,64,7.55e-06,4.243e-06,1.0646e-05,7.405e-06,4.44e-06
1,64,8.079e-06,4.614e-06,1.1332e-05,8.207e-06,4.905e-06
1,64,7.673e-06,4.396e-06,1.0742e-05,7.793e-06,4.501e-06
1,64,7.56e-06,4.287e-06,1.0732e-05,7.547e-06,4.287e-06
1,64,7.97e-06,5.013e-06,9.989e-06,8.162e-06,5.013e-06
1,64,7.107e-06,4.881e-06,9.826e-06,6.83e-06,5.003e-06
1,64,7.913e-06,4.219e-06,1.0638e-05,7.916e-06,4.219e-06
1,64,7.406e-06,4.797e-06,9.893e-06,7.532e-06,4.797e-06
1,64,7.219e-06,4.369e-06,9.154e-06,7.138e-06,4.369e-06
1,64,2.5852e-05,2.3612e-05,2.8198e-05,2.5813e-05,2.3612e-05
1,64,7.086e-06,4.466e-06,9.058e-06,7.039e-06,4.662e-06
1,64,7.972e-06,4.213e-06,1.2006e-05,7.506e-06,4.415e-06
1,64,8.396e-06,4.062e-06,1.2249e-05,8.554e-06,4.062e-06
1,64,7.802e-06,4.375e-06,1.096e-05,7.902e-06,4.723e-06
1,64,7.825e-06,4.427e-06,1.0394e-05,7.997e-06,4.522e-06
1,64,7.163e-06,4.537e-06,9.951e-06,7.208e-06,4.734e-06
1,64,7.484e-06,4.02e-06,9.753e-06,7.495e-06,4.02e-06
1,64,7.614e-06,4.831e-06,1.0479e-05,7.546e-06,5.052e-06
1,64,7.453e-06,5.06e-06,1.0018e-05,7.293e-06,5.06e-06
1,64,7.514e-06,4.247e-06,1.0146e-05,7.645e-06,4.358e-06
1,64,7.777e-06,4.299e-06,1.101e-05,7.825e-06,4.299e-06
1,64,7.388e-06,4.206e-06,1.0492e-05,7.307e-06,4.206e-06
1,64,7.355e-06,4.212e-06,1.0637e-05,7.142e-06,4.212e-06
1,64,7.838e-06,4.005e-06,1.042e-05,7.86e-06,4.005e-06
1,64,2.5925e-05,2.327e-05,2.8592e-05,2.5992e-05,2.3738e-05
1,64,6.898e-06,4.705e-06,8.829e-06,6.966e-06,4.705e-06
1,64,7.483e-06,4.251e-06,9.618e-06,7.493e-06,4.251e-06
1,64,7.319e-06,4.557e-06,1.0221e-05,7.111e-06,4.732e-06
1,64,7.818e-06,4.46e-06,1.025e-05,7.746e-06,4.46e-06
1,64,7.617e-06,4.224e-06,1.1069e-05,7.515e-06,4.224e-06
1,64,7.694e-06,4.138e-06,1.0434e-05,7.9e-06,4.138e-06
1,64,7.249e-06,4.991e-06,1.0246e-05,7.369e-06,5.111e-06
1,64,7.47e-06,4.403e-06,9.987e-06,7.291e-06,4.924e-06
1,64,7.503e-06,4.172e-06,1.0056e-05,7.581e-06,4.172e-06
1,64,7.58e-06,4.66e-06,1.033e-05,7.753e-06,4.66e-06
1,64,7.152e-06,4.571e-06,9.759e-06,7.059e-06,4.901e-06
1,64,7.402e-06,3.766e-06,9.637e-06,7.515e-06,3.766e-06
1,64,7.397e-06,4.379e-06,1.0496e-05,7.206e-06,4.51e-06
1,64,7.515e-06,4.288e-06,1.0605e-05,7.455e-06,4.288e-06
1,64,2.5689e-05,2.3177e-05,2.8154e-05,2.5776e-05,2.3177e-05
1,64,7.374e-06,5.121e-06,9.268e-06,7.277e-06,6.132e-06
1,64,7.366e-06,4.25e-06,8.96e-06,7.506e-06,4.25e-06
1,64,7.165e-06,4.649e-06,1.0067e-05,7.179e-06,4.774e-06
1,64,7.299e-06,4.203e-06,9.427e-06,7.216e-06,4.335e-06
1,64,7.433e-06,4.51e-06,9.965e-06,7.47e-06,4.51e-06
1,64,7.34e-06,4.183e-06,9.946e-06,7.356e-06,4.183e-06
1,64,7.63e-06,3.96e-06,1.0014e-05,7.522e-06,3.96e-06
1,64,7.47e-06,4.223e-06,1.0289e-05,7.359e-06,4.666e-06
1,64,7.359e-06,4.442e-06,1.0355e-05,7.37e-06,4.846e-06
1,64,7.636e-06,3.911e-06,9.959e-06,7.66e-06,3.911e-06
1,64,7.632e-06,4.335e-06,1.0648e-05,7.851e-06,4.516e-06
1,64,7.526e-06,4.258e-06,1.0299e-05,7.56e-06,4.429e-06
1,64,7.889e-06,4.607e-06,1.0659e-05,7.918e-06,4.607e-06
1,64,7.376e-06,4.635e-06,1.0894e-05,7.113e-06,4.635e-06
1,64,2.3091e-05,2.057e-05,2.5485e-05,2.3117e-05,2.057e-05
1,64,7.191e-06,4.22e-06,9.211e-06,7.123e-06,4.22e-06
1,64,8.163e-06,4.82e-06,1.0574e-05,8.287e-06,4.82e-06
1,64,7.248e-06,4.915e-06,9.075e-06,7.321e-06,5.969e-06
1,64,7.288e-06,4.259e-06,9.236e-06,7.425e-06,4.356e-06
1,64,7.429e-06,4.13e-06,1.0408e-05,7.433e-06,4.47e-06
1,64,7.588e-06,4.335e-06,1.0547e-05,7.699e-06,4.335e-06
1,64,7.546e-06,4.214e-06,1.0806e-05,7.524e-06,4.228e-06
1,64,7.419e-06,3.926e-06,1.0293e-05,7.359e-06,3.926e-06
1,64,7.587e-06,5.008e-06,1.0223e-05,7.436e-06,5.008e-06
1,64,7.361e-06,4.086e-06,9.455e-06,7.456e-06,4.086e-06
1,64,7.786e-06,4.165e-06,1.0833e-05,7.893e-06,4.165e-06
1,64,7.352e-06,5.408e-06,1.0449e-05,7.351e-06,5.434e-06
1,64,7.279e-06,3.97e-06,9.286e-06,7.345e-06,3.97e-06
1,64,7.92e-06,4.293e-06,1.0548e-05,8.025e-06,4.293e-06
1,64,2.1912e-05,1.9793e-05,2.5043e-05,2.1928e-05,2.0015e-05
1,64,7.1e-06,4.107e-06,8.741e-06,7.312e-06,4.107e-06
1,64,7.299e-06,4.166e-06,1.0118e-05,7.118e-06,4.166e-06
1,64,7.477e-06,3.716e-06,1.0354e-05,7.486e-06,3.716e-06
1,64,7.273e-06,4.239e-06,9.976e-06,7.151e-06,4.239e-06
1,64,7.161e-06,4.104e-06,9.937e-06,7.152e-06,4.104e-06
1,64,7.536e-06,4.346e-06,1.0395e-05,7.529e-06,4.475e-06
1,64,7.582e-06,4.453e-06,1.0149e-05,7.491e-06,4.848e-06
1,64,7.298e-06,4.384e-06,1.1675e-05,7.362e-06,4.384e-06
1,64,8.53e-06,4.745e-06,1.2025e-05,8.819e-06,5.219e-06
1,64,7.495e-06,4.336e-06,1.0478e-05,7.394e-06,4.336e-06
1,64,7.54e-06,3.903e-06,1.0724e-05,7.445e-06,3.903e-06
1,64,7.537e-06,4.661e-06,1.041e-05,7.599e-06,4.661e-06
1,64,7.409e-06,4.284e-06,1.008e-05,7.319e-06,4.705e-06
1,64,7.516e-06,4.214e-06,9.707e-06,7.493e-06,4.214e-06
1,64,2.4309e-05,2.2045e-05,2.6917e-05,2.4481e-05,2.2135e-05
1,64,7.059e-06,4.199e-06,8.968e-06,7.165e-06,4.199e-06
1,64,7.27e-06,4.431e-06,9.381e-06,7.358e-06,4.455e-06
1,64,7.153e-06,4.305e-06,9.873e-06,7.059e-06,4.305e-06
1,64,7.28e-06,3.97e-06,9.853e-06,7.253e-06,3.97e-06
1,64,7.82e-06,4.442e-06,1.1064e-05,7.725e-06,4.545e-06
1,64,8.757e-06,5.557e-06,1.0774e-05,9.099e-06,5.623e-06
1,64,7.314e-06,5.342e-06,1.0114e-05,7.248e-06,6.155e-06
1,64,7.291e-06,3.915e-06,9.717e-06,7.149e-06,3.915e-06
1,64,7.491e-06,3.875e-06,1.0165e-05,7.554e-06,3.875e-06
1,64,7.207e-06,4.269e-06,1.0298e-05,7.252e-06,4.269e-06
1,64,7.625e-06,3.75e-06,1.0416e-05,7.597e-06,3.75e-06
1,64,7.656e-06,4.093e-06,1.0982e-05,7.61e-06,4.093e-06
1,64,7.506e-06,4.198e-06,1.0945e-05,7.527e-06,4.53e-06
1,64,7.74e-06,3.914e-06,1.0799e-05,7.728e-06,3.914e-06
1,64,2.5152e-05,2.2536e-05,2.7712e-05,2.5082e-05,2.2536e-05
1,64,6.905e-06,4.686e-06,8.969e-06,6.854e-06,4.901e-06
1,64,7.208e-06,4.275e-06,9.559e-06,7.271e-06,4.4e-06
1,64,7.662e-06,4.192e-06,1.0687e-05,7.692e-06,4.192e-06
1,64,7.339e-06,4.471e-06,1.0225e-05,7.312e-06,4.492e-06
1,64,7.386e-06,4.35e-06,9.987e-06,7.432e-06,4.35e-06
1,64,7.521e-06,4.309e-06,1.0057e-05,7.552e-06,4.309e-06
1,64,7.859e-06,4.212e-06,1.1225e-05,7.919e-06,4.59e-06
1,64,7.787e-06,4.247e-06,1.0646e-05,7.825e-06,4.611e-06
1,64,7.509e-06,4.249e-06,1.0398e-05,7.643e-06,4.712e-06
1,64,7.844e-06,4.243e-06,1.0359e-05,7.795e-06,4.243e-06
1,64,7.439e-06,4.427e-06,1.0491e-05,7.46e-06,4.576e-06
1,64,7.348e-06,4.364e-06,9.597e-06,7.323e-06,4.448e-06
1,64,7.934e-06,4.794e-06,1.0458e-05,8.096e-06,4.794e-06
1,64,7.389e-06,4.658e-06,1.0392e-05,7.17e-06,5.372e-06
1,64,2.8102e-05,2.5678e-05,3.0494e-05,2.834e-05,2.5817e-05
1,64,7.051e-06,4.388e-06,9.246e-06,6.981e-06,4.58e-06
1,64,7.465e-06,4.305e-06,1.0072e-05,7.518e-06,4.305e-06
1,64,7.784e-06,3.976e-06,1.0781e-05,7.784e-06,3.976e-06
1,64,7.445e-06,4.352e-06,1.0667e-05,7.424e-06,4.818e-06
1,64,7.56e-06,4.26e-06,1.0698e-05,7.363e-06,4.388e-06
1,64,7.803e-06,4.013e-06,1.065e-05,7.773e-06,4.013e-06
1,64,7.575e-06,4.308e-06,1.0917e-05,7.646e-06,4.616e-06
1,64,7.642e-06,4.129e-06,1.0662e-05,7.589e-06,4.129e-06
1,64,7.653e-06,4.394e-06,1.0727e-05,7.559e-06,4.394e-06
1,64,7.183e-06,4.261e-06,9.989e-06,7.226e-06,4.441e-06
1,64,7.479e-06,4.036e-06,1.0192e-05,7.442e-06,4.036e-06
1,64,7.359e-06,4.434e-06,1.0574e-05,7.315e-06,4.48e-06
1,64,7.673e-06,3.696e-06,1.0402e-05,7.606e-06,3.696e-06
1,64,7.325e-06,4.705e-06,1.0239e-05,7.011e-06,4.865e-06
1,64,2.0937e-05,1.7769e-05,2.3102e-05,2.0897e-05,1.8553e-05
1,64,7.094e-06,5.213e-06,9.31e-06,6.966e-06,5.213e-06
1,64,7.531e-06,5.34e-06,9.139e-06,7.459e-06,5.924e-06
1,64,7.084e-06,4.28e-06,8.822e-06,7.134e-06,4.623e-06
1,64,7.533e-06,4.18e-06,9.808e-06,7.491e-06,4.18e-06
1,64,9.852e-06,4.395e-06,1.3456e-05,1.0096e-05,6.812e-06
1,64,7.462e-06,4.466e-06,1.0383e-05,7.507e-06,4.571e-06
1,64,7.129e-06,4.715e-06,1.0612e-05,7.081e-06,4.802e-06
1,64,8.332e-06,5.782e-06,1.0521e-05,8.195e-06,5.782e-06
1,64,7.005e-06,4.507e-06,1.0328e-05,6.865e-06,4.507e-06
1,64,8.301e-06,3.145e-06,1.1376e-05,8.309e-06,3.145e-06
1,64,7.675e-06,4.177e-06,1.0658e-05,7.569e-06,4.177e-06
1,64,7.437e-06,3.971e-06,1.0633e-05,7.438e-06,3.971e-06
1,64,7.683e-06,3.937e-06,1.0729e-05,7.845e-06,3.937e-06
1,64,7.576e-06,4.04e-06,1.073e-05,7.601e-06,4.04e-06
1,64,2.5531e-05,2.2597e-05,2.8392e-05,2.5695e-05,2.2597e-05
1,64,6.973e-06,4.602e-06,9.716e-06,6.754e-06,5.055e-06
1,64,7.407e-06,4.159e-06,9.627e-06,7.442e-06,4.159e-06
1,64,7.54e-06,4.1e-06,1.0633e-05,7.635e-06,4.196e-06
1,64,7.561e-06,4.311e-06,1.052e-05,7.462e-06,4.595e-06
1,64,7.755e-06,4.244e-06,1.1386e-05,7.565e-06,4.709e-06
1,64,8.065e-06,3.867e-06,1.2078e-05,8.03e-06,3.867e-06
1,64,7.499e-06,4.525e-06,9.819e-06,7.467e-06,4.904e-06
1,64,7.385e-06,4.196e-06,9.554e-06,7.224e-06,4.395e-06
1,64,7.299e-06,4.393e-06,9.884e-06,7.346e-06,4.393e-06
1,64,7.318e-06,4.214e-06,1.0195e-05,7.258e-06,4.281e-06
1,64,7.343e-06,4.209e-06,9.671e-06,7.499e-06,4.344e-06
1,64,7.59e-06,4.136e-06,1.0472e-05,7.467e-06,4.377e-06
1,64,7.51e-06,4.127e-06,1.0665e-05,7.642e-06,4.127e-06
1,64,7.505e-06,4.334e-06,1.0529e-05,7.641e-06,4.338e-06
1,64,2.3888e-05,2.1268e-05,2.7237e-05,2.3861e-05,2.1268e-05
1,64,7.616e-06,4.314e-06,1.0204e-05,7.727e-06,4.314e-06
1,64,7.521e-06,4.15e-06,1.0444e-05,7.5e-06,4.15e-06
1,64,7.59e-06,4.266e-06,1.0709e-05,7.555e-06,4.266e-06
1,64,7.38e-06,4.347e-06,1.0281e-05,7.489e-06,4.347e-06
1,64,7.17e-06,4.328e-06,1.0247e-05,7.058e-06,4.416e-06
1,64,7.433e-06,4.344e-06,1.0415e-05,7.403e-06,4.374e-06
1,64,7.608e-06,3.873e-06,1.0756e-05,7.621e-06,3.873e-06
1,64,7.506e-06,4.103e-06,1.0918e-05,7.319e-06,4.103e-06
1,64,7.767e-06,4.325e-06,1.0954e-05,7.867e-06,4.365e-06
1,64,7.483e-06,4.082e-06,1.0588e-05,7.367e-06,4.082e-06
1,64,7.465e-06,3.753e-06,1.1038e-05,7.334e-06,3.753e-06
1,64,7.943e-06,4.357e-06,1.1303e-05,7.996e-06,4.357e-06
1,64,7.416e-06,3.924e-06,9.882e-06,7.448e-06,3.924e-06
1,64,7.775e-06,4.435e-06,1.1175e-05,7.672e-06,4.598e-06
1,64,2.5755e-05,2.2555e-05,2.8349e-05,2.5914e-05,2.2752e-05
1,64,7.109e-06,5.1e-06,9.309e-06,7.051e-06,5.1e-06
1,64,7.709e-06,4.326e-06,1.0212e-05,7.607e-06,4.866e-06
1,64,7.624e-06,4.091e-06,1.0867e-05,7.583e-06,4.091e-06
1,64,7.979e-06,4.306e-06,1.1389e-05,7.971e-06,4.642e-06
1,64,7.728e-06,4.369e-06,1.1051e-05,7.759e-06,4.403e-06
1,64,7.528e-06,4.053e-06,1.0601e-05,7.507e-06,4.053e-06
1,64,7.405e-06,3.984e-06,1.0956e-05,7.309e-06,3.984e-06
1,64,8.027e-06,5.832e-06,1.0755e-05,7.88e-06,5.832e-06
1,64,7.333e-06,4.306e-06,9.351e-06,7.391e-06,4.542e-06
1,64,7.496e-06,4.188e-06,1.0418e-05,7.468e-06,4.529e-06
1,64,7.667e-06,4.196e-06,1.0533e-05,7.726e-06,4.548e-06
1,64,7.559e-06,4.305e-06,1.0639e-05,7.456e-06,4.305e-06
1,64,7.869e-06,4.578e-06,1.1202e-05,7.914e-06,4.578e-06
1,64,7.609e-06,4.4e-06,1.0697e-05,7.656e-06,4.536e-06
1,64,2.4332e-05,2.1965e-05,2.6568e-05,2.4473e-05,2.1965e-05
1,64,7.436e-06,4.925e-06,9.189e-06,7.371e-06,4.925e-06
1,64,7.094e-06,4.354e-06,9.924e-06,6.928e-06,4.722e-06
1,64,7.662e-06,3.632e-06,1.0731e-05,7.718e-06,3.632e-06
1,64,7.742e-06,4.149e-06,1.1263e-05,7.784e-06,4.235e-06
1,64,7.845e-06,4.518e-06,1.1242e-05,7.966e-06,4.518e-06
1,64,7.502e-06,4.239e-06,1.0485e-05,7.349e-06,4.239e-06
1,64,7.483e-06,3.811e-06,1.0464e-05,7.44e-06,3.811e-06
1,64,7.655e-06,4.293e-06,1.0871e-05,7.534e-06,4.542e-06
1,64,7.645e-06,4.492e-06,1.054e-05,7.574e-06,4.492e-06
1,64,7.52e-06,4.326e-06,1.0273e-05,7.511e-06,4.326e-06
1,64,7.528e-06,4.787e-06,1.1062e-05,7.445e-06,5.196e-06
1,64,7.416e-06,3.783e-06,9.746e-06,7.523e-06,3.783e-06
1,64,7.425e-06,4.305e-06,1.0335e-05,7.376e-06,4.314e-06
1,64,7.994e-06,5.753e-06,1.0885e-05,7.748e-06,6.02e-06
1,64,2.6497e-05,2.4273e-05,2.8237e-05,2.6668e-05,2.4866e-05
1,64,6.831e-06,5.22e-06,8.701e-06,6.842e-06,5.644e-06
1,64,7.298e-06,4.475e-06,9.26e-06,7.228e-06,4.655e-06
1,64,7.488e-06,4.167e-06,1.0353e-05,7.189e-06,4.174e-06
1,64,7.79e-06,4.305e-06,1.0956e-05,7.913e-06,4.407e-06
1,64,7.484e-06,4.56e-06,1.0636e-05,7.321e-06,4.56e-06
1,64,7.509e-06,5.04e-06,1.0047e-05,7.476e-06,5.238e-06
1,64,7.472e-06,3.841e-06,1.0033e-05,7.317e-06,3.841e-06
1,64,7.653e-06,4.271e-06,1.0588e-05,7.907e-06,4.272e-06
1,64,7.591e-06,4.337e-06,1.0761e-05,7.477e-06,4.387e-06
1,64,7.776e-06,3.537e-06,1.1027e-05,7.943e-06,3.537e-06
1,64,7.591e-06,4.244e-06,1.0569e-05,7.546e-06,4.292e-06
1,64,7.616e-06,4.188e-06,1.1147e-05,7.608e-06,4.188e-06
1,64,7.797e-06,3.872e-06,1.0891e-05,7.827e-06,3.872e-06
1,64,8.436e-06,4.697e-06,1.2168e-05,8.23e-06,5.08e-06
1,64,2.2437e-05,1.9174e-05,2.4852e-05,2.2675e-05,1.9174e-05
1,64,6.917e-06,4.76e-06,8.987e-06,6.819e-06,5.077e-06
1,64,7.284e-06,4.267e-06,9.64e-06,7.148e-06,4.556e-06
1,64,7.855e-06,4.554e-06,1.0958e-05,7.738e-06,4.664e-06
1,64,7.91e-06,4.237e-06,1.1191e-05,8.028e-06,4.237e-06
1,64,7.72e-06,4.312e-06,1.1125e-05,7.532e-06,4.312e-06
1,64,7.591e-06,3.844e-06,1.0912e-05,7.617e-06,3.844e-06
1,64,7.609e-06,4.166e-06,1.0712e-05,7.57e-06,4.472e-06
1,64,7.817e-06,4.477e-06,1.1075e-05,7.796e-06,4.53e-06
1,64,7.744e-06,4.255e-06,1.1357e-05,7.665e-06,4.255e-06
1,64,7.947e-06,4.415e-06,1.1364e-05,7.941e-06,4.52e-06
1,64,8.854e-06,4.475e-06,1.2281e-05,8.921e-06,5.914e-06
1,64,7.888e-06,4.178e-06,1.1528e-05,7.989e-06,4.178e-06
1,64,7.802e-06,4.046e-06,1.1082e-05,7.809e-06,4.046e-06
1,64,7.754e-06,4.222e-06,1.102e-05,7.72e-06,4.222e-06
1,64,2.6674e-05,2.4032e-05,2.9647e-05,2.6773e-05,2.4235e-05
1,64,7.297e-06,4.432e-06,9.512e-06,7.405e-06,4.432e-06
1,64,7.664e-06,4.876e-06,1.073e-05,7.545e-06,5.008e-06
1,64,7.477e-06,4.091e-06,1.0182e-05,7.373e-06,4.091e-06
1,64,7.595e-06,4.185e-06,1.094e-05,7.539e-06,4.226e-06
1,64,7.585e-06,4.618e-06,1.1013e-05,7.494e-06,4.781e-06
1,64,8.126e-06,3.931e-06,1.0762e-05,8.303e-06,3.931e-06
1,64,8.35e-06,3.244e-06,1.1777e-05,8.629e-06,3.244e-06
1,64,7.479e-06,4.361e-06,1.1069e-05,7.255e-06,4.367e-06
1,64,7.74e-06,3.525e-06,1.0405e-05,7.793e-06,3.525e-06
1,64,7.621e-06,4.922e-06,1.0585e-05,7.506e-06,5.279e-06
1,64,7.405e-06,4.324e-06,9.864e-06,7.416e-06,4.324e-06
1,64,7.639e-06,4.325e-06,1.0186e-05,7.626e-06,4.325e-06
1,64,7.34e-06,4.259e-06,1.0121e-05,7.309e-06,4.739e-06
1,64,7.57e-06,4.184e-06,1.0361e-05,7.267e-06,4.184e-06
1,64,2.3749e-05,2.1307e-05,2.6444e-05,2.3908e-05,2.1307e-05
1,64,6.915e-06,4.658e-06,9.18e-06,6.836e-06,4.658e-06
1,64,7.696e-06,4.328e-06,1.0149e-05,7.798e-06,4.537e-06
1,64,7.61e-06,4.442e-06,1.1005e-05,7.464e-06,4.442e-06
1,64,7.738e-06,4.092e-06,1.0742e-05,7.844e-06,4.092e-06
1,64,7.493e-06,3.859e-06,1.0403e-05,7.257e-06,3.859e-06
1,64,9.042e-06,4.609e-06,1.2613e-05,9.117e-06,5.942e-06
1,64,7.814e-06,4.112e-06,1.1173e-05,7.798e-06,4.112e-06
1,64,7.526e-06,4.126e-06,1.0772e-05,7.373e-06,4.126e-06
1,64,7.57e-06,3.95e-06,1.0325e-05,7.501e-06,3.95e-06
1,64,7.321e-06,4.174e-06,1.0408e-05,7.204e-06,4.174e-06
1,64,7.633e-06,4.114e-06,1.0838e-05,7.425e-06,4.114e-06
1,64,7.801e-06,4.068e-06,1.1124e-05,7.827e-06,4.068e-06
1,64,7.668e-06,5.516e-06,1.0921e-05,7.666e-06,5.773e-06
1,64,7.558e-06,3.94e-06,9.725e-06,7.674e-06,3.94e-06
1,64,2.2696e-05,2.0058e-05,2.5282e-05,2.2647e-05,2.0058e-05
1,64,7.211e-06,5.11e-06,9.523e-06,6.912e-06,5.519e-06
1,64,7.599e-06,4.905e-06,9.692e-06,7.625e-06,4.959e-06
1,64,7.41e-06,4.373e-06,1.0371e-05,7.272e-06,4.492e-06
1,64,7.635e-06,4.189e-06,1.0773e-05,7.465e-06,4.189e-06
1,64,7.874e-06,4.756e-06,1.053e-05,7.919e-06,4.838e-06
1,64,7.568e-06,4.342e-06,1.0341e-05,7.538e-06,4.342e-06
1,64,7.732e-06,4.438e-06,1.105e-05,7.748e-06,4.438e-06
1,64,7.974e-06,4.691e-06,1.135e-05,8.016e-06,4.691e-06
1,64,7.635e-06,4.484e-06,1.0566e-05,7.658e-06,4.489e-06
1,64,7.496e-06,4.228e-06,1.0707e-05,7.408e-06,4.331e-06
1,64,7.871e-06,3.922e-06,1.0894e-05,8.042e-06,3.922e-06
1,64,7.409e-06,4.259e-06,9.782e-06,7.384e-06,4.259e-06
1,64,8.205e-06,4.969e-06,1.1705e-05,8.231e-06,5.74e-06
1,64,7.85e-06,5.017e-06,1.0407e-05,7.678e-06,5.017e-06
1,64,2.3361e-05,2.0622e-05,2.5126e-05,2.3745e-05,2.0774e-05
1,64,7.121e-06,4.405e-06,9.186e-06,7.105e-06,4.638e-06
1,64,7.435e-06,4.158e-06,9.681e-06,7.445e-06,4.158e-06
1,64,7.364e-06,4.589e-06,1.0619e-05,7.341e-06,4.794e-06
1,64,7.769e-06,4.206e-06,1.0395e-05,7.758e-06,4.206e-06
1,64,7.896e-06,4.082e-06,1.1273e-05,7.981e-06,4.082e-06
1,64,7.771e-06,4.175e-06,1.1075e-05,7.784e-06,4.236e-06
1,64,7.57e-06,4.193e-06,1.0787e-05,7.605e-06,4.193e-06
1,64,7.355e-06,4.427e-06,1.0261e-05,7.265e-06,4.477e-06
1,64,7.179e-06,4.291e-06,1.0204e-05,7.015e-06,4.445e-06
1,64,8.111e-06,4.878e-06,1.0529e-05,8.068e-06,4.878e-06
1,64,7.159e-06,4.392e-06,1.0122e-05,6.918e-06,4.798e-06
1,64,7.472e-06,3.929e-06,9.9e-06,7.389e-06,3.929e-06
1,64,7.546e-06,4.2e-06,1.0407e-05,7.594e-06,4.2e-06
1,64,7.493e-06,4.507e-06,1.048e-05,7.539e-06,4.533e-06
1,64,2.3252e-05,2.0708e-05,2.5229e-05,2.3436e-05,2.0708e-05
1,64,7.154e-06,5.205e-06,9.647e-06,6.953e-06,5.542e-06
1,64,7.81e-06,4.352e-06,1.0235e-05,8.013e-06,4.574e-06
1,64,7.768e-06,4.194e-06,1.1385e-05,7.72e-06,4.194e-06
1,64,8.061e-06,4.477e-06,1.1102e-05,8.151e-06,4.477e-06
1,64,7.42e-06,4.354e-06,1.0555e-05,7.294e-06,4.772e-06
1,64,7.628e-06,4.628e-06,1.0666e-05,7.753e-06,4.898e-06
1,64,7.239e-06,4.222e-06,9.997e-06,7.241e-06,4.222e-06
1,64,7.559e-06,4.176e-06,1.0627e-05,7.387e-06,4.614e-06
1,64,8.347e-06,5.973e-06,1.0958e-05,8.122e-06,6.321e-06
1,64,7.115e-06,4.678e-06,1.0453e-05,6.997e-06,4.777e-06
1,64,8.086e-06,5.134e-06,1.0186e-05,8.172e-06,5.134e-06
1,64,7.212e-06,4.452e-06,9.892e-06,7.232e-06,4.67e-06
1,64,7.722e-06,4.407e-06,1.0637e-05,7.545e-06,4.407e-06
1,64,8.401e-06,4.859e-06,1.1622e-05,8.655e-06,4.859e-06
1,64,2.1984e-05,1.9641e-05,2.4069e-05,2.1897e-05,1.9799e-05
1,64,7.334e-06,4.96e-06,9.545e-06,7.305e-06,5.25e-06
1,64,7.586e-06,5.068e-06,1.0475e-05,7.354e-06,5.701e-06
1,64,7.999e-06,5.918e-06,1.0059e-05,8.104e-06,6.133e-06
1,64,7.117e-06,4.715e-06,9.149e-06,6.921e-06,5.599e-06
1,64,8.78e-06,5.689e-06,1.0843e-05,8.824e-06,5.956e-06
1,64,7.56e-06,4.311e-06,1.0965e-05,7.409e-06,4.977e-06
1,64,7.81e-06,4.194e-06,1.1278e-05,7.777e-06,4.194e-06
1,64,8.418e-06,4.318e-06,1.1828e-05,8.718e-06,4.549e-06
1,64,7.762e-06,4.272e-06,1.1069e-05,7.628e-06,4.314e-06
1,64,7.992e-06,4.433e-06,1.1453e-05,8.065e-06,4.683e-06
1,64,7.787e-06,4.088e-06,1.1309e-05,7.824e-06,4.088e-06
1,64,7.875e-06,4.558e-06,1.1431e-05,7.937e-06,4.881e-06
1,64,7.658e-06,3.946e-06,1.0175e-05,7.954e-06,3.946e-06
1,64,7.811e-06,4.35e-06,1.1311e-05,7.615e-06,4.474e-06
1,64,2.2299e-05,1.948e-05,2.4918e-05,2.2532e-05,1.948e-05
1,64,7.706e-06,4.862e-06,9.858e-06,7.856e-06,5.859e-06
1,64,7.354e-06,4.247e-06,9.782e-06,7.407e-06,4.247e-06
1,64,7.641e-06,3.422e-06,1.0731e-05,7.791e-06,3.422e-06
1,64,7.665e-06,4.45e-06,1.0971e-05,7.504e-06,4.45e-06
1,64,7.625e-06,4.499e-06,1.0693e-05,7.718e-06,4.5e-06
1,64,7.603e-06,4.177e-06,1.0281e-05,7.714e-06,4.177e-06
1,64,7.837e-06,4.358e-06,1.1013e-05,7.987e-06,4.442e-06
1,64,7.7e-06,4.452e-06,1.0765e-05,7.634e-06,4.641e-06
1,64,7.64e-06,4.345e-06,1.0786e-05,7.588e-06,4.503e-06
1,64,7.904e-06,4.197e-06,1.1151e-05,7.966e-06,4.197e-06
1,64,7.633e-06,3.956e-06,1.0855e-05,7.696e-06,3.956e-06
1,64,9.494e-06,2.769e-06,1.3026e-05,9.921e-06,2.769e-06
1,64,7.533e-06,4.368e-06,1.0585e-05,7.359e-06,4.84e-06
1,64,7.886e-06,4.167e-06,1.0826e-05,7.689e-06,4.167e-06
1,64,2.2772e-05,2.0072e-05,2.5529e-05,2.3002e-05,2.0147e-05
1,64,6.98e-06,4.484e-06,9.142e-06,6.854e-06,4.955e-06
1,64,7.656e-06,4.376e-06,1.0041e-05,7.742e-06,4.808e-06
1,64,7.406e-06,4.245e-06,1.0299e-05,7.346e-06,4.548e-06
1,64,7.718e-06,4.273e-06,1.0665e-05,7.561e-06,4.394e-06
1,64,7.549e-06,4.198e-06,1.0816e-05,7.66e-06,4.202e-06
1,64,7.488e-06,4.282e-06,1.0527e-05,7.574e-06,4.282e-06
1,64,7.516e-06,4.196e-06,1.0612e-05,7.386e-06,4.196e-06
1,64,7.657e-06,4.286e-06,1.1323e-05,7.726e-06,4.328e-06
1,64,8.658e-06,5.402e-06,1.1434e-05,8.618e-06,5.402e-06
1,64,7.11e-06,4.529e-06,9.822e-06,7.065e-06,4.911e-06
1,64,7.506e-06,3.996e-06,1.0333e-05,7.605e-06,3.996e-06
1,64,7.851e-06,4.2e-06,1.1204e-05,7.753e-06,4.2e-06
1,64,7.828e-06,3.809e-06,1.154e-05,7.856e-06,3.809e-06
1,64,8.302e-06,4.532e-06,1.2126e-05,8.15e-06,4.532e-06
1,64,2.3358e-05,2.0837e-05,2.5966e-05,2.3612e-05,2.0837e-05
1,64,6.813e-06,4.914e-06,8.675e-06,6.678e-06,5.331e-06
1,64,7.382e-06,4.276e-06,9.706e-06,7.384e-06,4.276e-06
1,64,7.37e-06,4.316e-06,1.0506e-05,7.319e-06,4.316e-06
1,64,7.524e-06,4.32e-06,1.0531e-05,7.542e-06,4.32e-06
1,64,8.089e-06,4.621e-06,1.138e-05,8.145e-06,4.621e-06
1,64,7.454e-06,4.634e-06,1.0389e-05,7.297e-06,5.194e-06
1,64,7.646e-06,4.305e-06,1.022e-05,7.681e-06,4.305e-06
1,64,7.784e-06,4.225e-06,1.1472e-05,7.743e-06,4.225e-06
1,64,7.686e-06,3.913e-06,1.0752e-05,7.708e-06,3.913e-06
1,64,7.45e-06,4.284e-06,1.065e-05,7.241e-06,4.284e-06
1,64,7.627e-06,4.089e-06,1.0842e-05,7.574e-06,4.089e-06
1,64,7.658e-06,3.964e-06,1.0979e-05,7.664e-06,3.964e-06
1,64,7.953e-06,4.441e-06,1.1555e-05,7.798e-06,4.441e-06
1,64,7.918e-06,4.481e-06,1.0486e-05,7.992e-06,4.481e-06
1,64,2.4012e-05,2.1464e-05,2.6586e-05,2.4141e-05,2.1464e-05
1,64,9.477e-06,5.844e-06,1.1766e-05,9.779e-06,7.851e-06
1,64,6.962e-06,4.984e-06,9.323e-06,6.827e-06,5.043e-06
1,64,7.199e-06,4.506e-06,1.0336e-05,7.05e-06,4.547e-06
1,64,7.667e-06,4.246e-06,1.0623e-05,7.548e-06,4.246e-06
1,64,7.538e-06,4.145e-06,1.0666e-05,7.41e-06,4.145e-06
1,64,7.551e-06,3.909e-06,1.0898e-05,7.624e-06,3.909e-06
1,64,7.638e-06,3.69e-06,1.1037e-05,7.623e-06,3.69e-06
1,64,7.529e-06,4.054e-06,1.0645e-05,7.6e-06,4.054e-06
1,64,7.49e-06,4.301e-06,1.0372e-05,7.505e-06,4.349e-06
1,64,7.414e-06,4.029e-06,1.02e-05,7.315e-06,4.029e-06
1,64,7.562e-06,4.153e-06,1.0681e-05,7.558e-06,4.153e-06
1,64,7.6e-06,4.232e-06,1.0903e-05,7.41e-06,4.232e-06
1,64,7.868e-06,4.286e-06,1.1071e-05,7.969e-06,4.286e-06
1,64,7.581e-06,4.527e-06,1.0419e-05,7.652e-06,4.721e-06
1,64,2.5024e-05,2.2276e-05,2.7405e-05,2.5206e-05,2.2362e-05
1,64,7.38e-06,4.404e-06,9.863e-06,7.277e-06,4.404e-06
1,64,8.192e-06,4.188e-06,1.1401e-05,8.256e-06,4.424e-06
1,64,7.572e-06,4.531e-06,1.064e-05,7.696e-06,4.547e-06
1,64,7.426e-06,4.218e-06,1.0076e-05,7.32e-06,4.698e-06
1,64,7.619e-06,4.058e-06,1.0612e-05,7.528e-06,4.058e-06
1,64,7.494e-06,4.242e-06,1.0181e-05,7.51e-06,4.242e-06
1,64,7.47e-06,4.221e-06,1.0165e-05,7.519e-06,4.221e-06
1,64,7.559e-06,4.433e-06,1.0595e-05,7.55e-06,4.532e-06
1,64,7.652e-06,4.711e-06,1.0192e-05,7.882e-06,4.711e-06
1,64,7.777e-06,4.49e-06,1.0885e-05,7.297e-06,5.226e-06
1,64,8.233e-06,5.505e-06,1.052e-05,8.59e-06,6.278e-06
1,64,7.271e-06,4.924e-06,9.63e-06,7.089e-06,4.924e-06
1,64,7.615e-06,4.141e-06,9.922e-06,7.653e-06,4.141e-06
1,64,7.764e-06,4.549e-06,1.0709e-05,7.856e-06,4.549e-06
1,64,2.3248e-05,2.1042e-05,2.5166e-05,2.3357e-05,2.1158e-05
1,64,7.075e-06,5.193e-06,8.894e-06,6.988e-06,5.421e-06
1,64,7.269e-06,4.255e-06,9.687e-06,7.286e-06,4.518e-06
1,64,7.962e-06,4.21e-06,1.0627e-05,8.207e-06,4.572e-06
1,64,7.93e-06,4.327e-06,1.1272e-05,7.934e-06,4.327e-06
1,64,7.477e-06,4.249e-06,1.0646e-05,7.656e-06,4.597e-06
1,64,7.579e-06,4.395e-06,9.828e-06,7.643e-06,4.401e-06
1,64,7.648e-06,4.328e-06,1.0775e-05,7.668e-06,4.333e-06
1,64,7.716e-06,4.496e-06,1.0814e-05,7.627e-06,4.496e-06
1,64,7.472e-06,4.134e-06,1.0453e-05,7.324e-06,4.703e-06
1,64,7.706e-06,3.978e-06,1.072e-05,7.511e-06,3.978e-06
1,64,7.607e-06,3.915e-06,1.0572e-05,7.479e-06,3.915e-06
1,64,7.342e-06,4.315e-06,1.0643e-05,7.142e-06,4.315e-06
1,64,7.788e-06,4.346e-06,1.0514e-05,7.748e-06,4.593e-06
1,64,7.661e-06,4.357e-06,1.1041e-05,7.597e-06,4.708e-06
1,64,2.3431e-05,2.0951e-05,2.5611e-05,2.328e-05,2.0951e-05
1,64,7.43e-06,5.193e-06,9.15e-06,7.301e-06,6.105e-06
1,64,7.176e-06,4.388e-06,9.254e-06,7.156e-06,4.499e-06
1,64,7.674e-06,4.099e-06,1.0369e-05,7.618e-06,4.099e-06
1,64,7.734e-06,4.312e-06,9.837e-06,7.97e-06,4.312e-06
1,64,7.069e-06,4.537e-06,1.0004e-05,6.673e-06,5.118e-06
1,64,7.743e-06,4.316e-06,9.934e-06,7.983e-06,4.464e-06
1,64,7.347e-06,4.569e-06,1.0591e-05,7.129e-06,4.968e-06
1,64,7.403e-06,4.114e-06,9.88e-06,7.244e-06,4.114e-06
1,64,7.888e-06,5.525e-06,1.0165e-05,7.603e-06,5.525e-06
1,64,7.284e-06,4.137e-06,9.361e-06,7.446e-06,4.351e-06
1,64,7.818e-06,3.615e-06,1.1042e-05,7.892e-06,3.615e-06
1,64,8.323e-06,4.375e-06,1.2717e-05,7.71e-06,4.555e-06
1,64,8.273e-06,4.355e-06,1.1633e-05,8.628e-06,4.355e-06
1,64,7.33e-06,4.933e-06,1.0441e-05,7.221e-06,5.095e-06
1,64,2.9098e-05,2.6577e-05,3.1725e-05,2.9079e-05,2.662e-05
1,64,7.434e-06,4.687e-06,1.0186e-05,7.506e-06,5.146e-06
1,64,7.998e-06,4.8e-06,9.843e-06,8.166e-06,4.8e-06
1,64,6.827e-06,4.781e-06,9.654e-06,6.588e-06,5.05e-06
1,64,7.296e-06,4.362e-06,9.63e-06,7.211e-06,4.362e-06
1,64,7.573e-06,4.144e-06,1.0739e-05,7.515e-06,4.144e-06
1,64,7.745e-06,4.838e-06,1.0101e-05,7.815e-06,4.838e-06
1,64,7.347e-06,3.975e-06,9.716e-06,7.51e-06,3.975e-06
1,64,7.485e-06,4.09e-06,1.0637e-05,7.531e-06,4.09e-06
1,64,7.902e-06,4.759e-06,1.0695e-05,7.824e-06,5.034e-06
1,64,7.447e-06,4.306e-06,9.983e-06,7.303e-06,4.311e-06
1,64,7.706e-06,4.384e-06,1.0891e-05,7.452e-06,4.449e-06
1,64,7.559e-06,3.964e-06,1.0531e-05,7.58e-06,3.964e-06
1,64,7.398e-06,4.28e-06,1.0542e-05,7.195e-06,4.482e-06
1,64,7.745e-06,4.151e-06,1.086e-05,7.565e-06,4.151e-06
1,64,2.2079e-05,1.9393e-05,2.4869e-05,2.2385e-05,1.9603e-05
1,64,7.646e-06,5.524e-06,9.526e-06,7.607e-06,5.961e-06
1,64,7.31e-06,4.198e-06,9.58e-06,7.234e-06,4.39e-06
1,64,7.622e-06,4.131e-06,1.0705e-05,7.785e-06,4.131e-06
1,64,7.468e-06,4.079e-06,1.0541e-05,7.512e-06,4.079e-06
1,64,7.354e-06,4.146e-06,1.0426e-05,7.295e-06,4.216e-06
1,64,7.638e-06,4.159e-06,1.0513e-05,7.699e-06,4.159e-06
1,64,7.359e-06,4.384e-06,1.0111e-05,7.321e-06,4.718e-06
1,64,7.343e-06,4.118e-06,9.821e-06,7.202e-06,4.196e-06
1,64,7.995e-06,4.149e-06,1.0637e-05,8.359e-06,4.149e-06
1,64,7.394e-06,5.272e-06,1.009e-05,7.21e-06,5.826e-06
1,64,7.385e-06,5.186e-06,9.465e-06,7.132e-06,5.75e-06
1,64,7.349e-06,4.365e-06,9.392e-06,7.458e-06,4.811e-06
1,64,7.485e-06,4.224e-06,1.014e-05,7.355e-06,4.41e-06
1,64,7.809e-06,4.611e-06,1.1134e-05,7.687e-06,4.95e-06
