run_id,msg_size,4_Avg-Duration_s,4_Min-Duration_s,4_Max-Duration_s,4_Median-Duration_s,4_MainRank-Duration_s
1,32768,3.0821e-05,2.8125e-05,3.2962e-05,3.095e-05,3.102e-05
1,32768,3.058e-05,2.8315e-05,3.2273e-05,3.0545e-05,3.087e-05
1,32768,3.0039e-05,2.7995e-05,3.2181e-05,3.0254e-05,3.0769e-05
1,32768,3.0392e-05,2.8004e-05,3.2421e-05,3.0524e-05,3.108e-05
1,32768,3.0262e-05,2.8335e-05,3.2351e-05,3.0313e-05,3.094e-05
1,32768,2.9878e-05,2.7673e-05,3.1941e-05,2.9637e-05,2.9908e-05
1,32768,3.6423e-05,2.8455e-05,4.0088e-05,3.7221e-05,3.8294e-05
1,32768,3.0003e-05,2.7854e-05,3.203e-05,3.0083e-05,3.0769e-05
1,32768,3.0374e-05,2.8255e-05,3.2131e-05,3.0294e-05,3.0459e-05
1,32768,3.0396e-05,2.8295e-05,3.2191e-05,3.0378e-05,3.0709e-05
1,32768,3.0251e-05,2.8305e-05,3.2061e-05,3.0248e-05,3.074e-05
1,32768,2.9848e-05,2.7553e-05,3.2e-05,2.9642e-05,3.0118e-05
1,32768,3.0404e-05,2.7955e-05,3.2303e-05,3.0364e-05,3.078e-05
1,32768,3.0138e-05,2.8185e-05,3.2422e-05,3.0118e-05,3.0499e-05
1,32768,3.029e-05,2.8005e-05,3.2171e-05,3.0299e-05,3.0609e-05
1,32768,2.9952e-05,2.8025e-05,3.1941e-05,2.9782e-05,3.0168e-05
1,32768,3.0711e-05,2.7774e-05,3.2923e-05,3.073e-05,3.0339e-05
1,32768,3.0775e-05,2.8426e-05,3.2792e-05,3.083e-05,3.105e-05
1,32768,3.0247e-05,2.7914e-05,3.2451e-05,3.0209e-05,3.0379e-05
1,32768,3.0521e-05,2.8095e-05,3.2732e-05,3.0439e-05,3.0218e-05
1,32768,3.0187e-05,2.7694e-05,3.2171e-05,2.9793e-05,3.0049e-05
1,32768,2.9676e-05,2.7403e-05,3.1981e-05,2.9683e-05,2.9988e-05
1,32768,3.019e-05,2.7684e-05,3.2472e-05,3.0089e-05,3.0199e-05
1,32768,2.9783e-05,2.7003e-05,3.2531e-05,2.9877e-05,2.9477e-05
1,32768,3.0509e-05,2.8265e-05,3.2293e-05,3.0444e-05,3.086e-05
1,32768,2.9982e-05,2.7854e-05,3.172e-05,3.0489e-05,3.074e-05
1,32768,3.0094e-05,2.7343e-05,3.166e-05,3.0524e-05,3.119e-05
1,32768,3.0172e-05,2.8345e-05,3.2e-05,3.0269e-05,3.097e-05
1,32768,3.0086e-05,2.7714e-05,3.2371e-05,3.0093e-05,3.0339e-05
1,32768,3.0303e-05,2.8145e-05,3.2213e-05,3.0274e-05,3.083e-05
1,32768,3.003e-05,2.7914e-05,3.2021e-05,3.0439e-05,3.0619e-05
1,32768,3.0118e-05,2.8135e-05,3.1951e-05,3.0279e-05,3.112e-05
1,32768,3.0252e-05,2.8174e-05,3.2293e-05,2.9998e-05,3.134e-05
1,32768,3.0429e-05,2.8445e-05,3.2421e-05,3.0504e-05,3.146e-05
1,32768,2.9865e-05,2.7925e-05,3.206e-05,2.9562e-05,2.9727e-05
1,32768,3.172e-05,2.8656e-05,3.4907e-05,3.1911e-05,3.4907e-05
1,32768,3.1302e-05,2.9036e-05,3.2681e-05,3.1772e-05,3.2002e-05
1,32768,2.9958e-05,2.7544e-05,3.2081e-05,2.9948e-05,3.088e-05
1,32768,3.0419e-05,2.8405e-05,3.2932e-05,3.0254e-05,3.0459e-05
1,32768,3.0261e-05,2.7804e-05,3.1962e-05,3.0304e-05,3.0349e-05
1,32768,3.0289e-05,2.7824e-05,3.2121e-05,3.089e-05,3.1261e-05
1,32768,3.0112e-05,2.7884e-05,3.2603e-05,3.0024e-05,3.2603e-05
1,32768,3.0133e-05,2.8195e-05,3.2141e-05,3.0038e-05,3.0609e-05
1,32768,3.0305e-05,2.7714e-05,3.2202e-05,3.0399e-05,3.0589e-05
1,32768,3.0173e-05,2.8274e-05,3.2191e-05,3.0098e-05,3.0739e-05
1,32768,3.5629e-05,2.8124e-05,3.8795e-05,3.7197e-05,3.8795e-05
1,32768,3.0325e-05,2.7374e-05,3.3255e-05,3.0394e-05,3.3255e-05
1,32768,3.0093e-05,2.7704e-05,3.196e-05,3.0204e-05,3.1281e-05
1,32768,3.0499e-05,2.8636e-05,3.2441e-05,3.0439e-05,3.093e-05
1,32768,3.3546e-05,2.7523e-05,3.9587e-05,3.3684e-05,3.7913e-05
1,32768,3.0701e-05,2.8095e-05,3.3605e-05,3.0475e-05,3.3605e-05
1,32768,3.2549e-05,2.8415e-05,4.2611e-05,3.1246e-05,3.4888e-05
1,32768,2.9643e-05,2.7263e-05,3.2612e-05,2.9182e-05,2.9387e-05
1,32768,3.0381e-05,2.8295e-05,3.2052e-05,3.0559e-05,3.096e-05
1,32768,3.0446e-05,2.8154e-05,3.2692e-05,3.0409e-05,3.0509e-05
1,32768,3.6183e-05,2.8005e-05,3.8895e-05,3.8265e-05,3.8514e-05
1,32768,3.3123e-05,3.079e-05,3.5027e-05,3.3526e-05,3.3935e-05
1,32768,3.0422e-05,2.8355e-05,3.2754e-05,3.0494e-05,3.1341e-05
1,32768,3.0126e-05,2.8045e-05,3.2181e-05,3.0144e-05,3.114e-05
1,32768,3.0135e-05,2.7975e-05,3.2301e-05,3.0108e-05,3.0208e-05
1,32768,3.0282e-05,2.8004e-05,3.2081e-05,3.064e-05,3.118e-05
1,32768,3.5181e-05,3.0159e-05,4.083e-05,3.3575e-05,4.0068e-05
1,32768,2.9806e-05,2.8065e-05,3.163e-05,2.9657e-05,3.0619e-05
1,32768,3.0082e-05,2.7484e-05,3.2111e-05,3.0098e-05,3.0218e-05
1,32768,3.0215e-05,2.8075e-05,3.2291e-05,2.9994e-05,3.0499e-05
1,32768,3.2534e-05,2.8204e-05,3.7272e-05,3.2773e-05,3.092e-05
1,32768,3.1685e-05,2.9537e-05,3.3944e-05,3.2117e-05,3.2924e-05
1,32768,3.0324e-05,2.7493e-05,3.2612e-05,3.0293e-05,3.0208e-05
1,32768,3.0241e-05,2.7744e-05,3.2173e-05,3.0139e-05,3.0169e-05
1,32768,3.0299e-05,2.7403e-05,3.2341e-05,3.0299e-05,3.0009e-05
1,32768,3.0548e-05,2.7714e-05,3.2432e-05,3.1035e-05,3.2432e-05
1,32768,3.255e-05,3.0369e-05,3.4366e-05,3.2768e-05,3.3665e-05
1,32768,3.0047e-05,2.7984e-05,3.2492e-05,2.9954e-05,3.0329e-05
1,32768,3.0239e-05,2.7393e-05,3.2472e-05,3.0194e-05,3.0028e-05
1,32768,3.0012e-05,2.7343e-05,3.2091e-05,3.0013e-05,2.9758e-05
1,32768,3.033e-05,2.7413e-05,3.2202e-05,3.0824e-05,3.2202e-05
1,32768,3.2104e-05,2.9898e-05,3.3955e-05,3.2333e-05,3.3575e-05
1,32768,3.05e-05,2.8716e-05,3.2451e-05,3.0624e-05,3.1281e-05
1,32768,2.9987e-05,2.7494e-05,3.2141e-05,2.9947e-05,2.9797e-05
1,32768,3.0047e-05,2.7093e-05,3.1902e-05,3.0319e-05,3.0459e-05
1,32768,3.024e-05,2.8205e-05,3.2321e-05,3.0068e-05,3.0439e-05
1,32768,3.1749e-05,2.9618e-05,3.4265e-05,3.1631e-05,3.2132e-05
1,32768,3.015e-05,2.7754e-05,3.198e-05,3.0154e-05,3.0499e-05
1,32768,3.0421e-05,2.7644e-05,3.2412e-05,3.0449e-05,3.0569e-05
1,32768,3.0147e-05,2.7734e-05,3.2271e-05,3.0138e-05,3.0218e-05
1,32768,3.0175e-05,2.7444e-05,3.2351e-05,3.0183e-05,2.9958e-05
1,32768,3.1446e-05,2.8926e-05,3.4646e-05,3.107e-05,3.1531e-05
1,32768,2.9812e-05,2.7744e-05,3.173e-05,2.9677e-05,3.0068e-05
1,32768,2.9708e-05,2.7804e-05,3.1891e-05,2.9447e-05,3.0369e-05
1,32768,3.0633e-05,2.8325e-05,3.2682e-05,3.0845e-05,3.071e-05
1,32768,3.0183e-05,2.7423e-05,3.2141e-05,3.0389e-05,2.9958e-05
1,32768,3.2335e-05,2.9998e-05,3.4947e-05,3.2523e-05,3.3034e-05
1,32768,2.9955e-05,2.8155e-05,3.205e-05,3.0104e-05,3.072e-05
1,32768,3.0791e-05,2.7594e-05,3.3664e-05,3.0714e-05,3.0148e-05
1,32768,3.0264e-05,2.8005e-05,3.2243e-05,3.0364e-05,3.122e-05
1,32768,3.0186e-05,2.8435e-05,3.2381e-05,3.0144e-05,3.0709e-05
1,32768,3.1535e-05,2.8726e-05,3.3844e-05,3.1837e-05,3.108e-05
1,32768,2.9982e-05,2.7564e-05,3.1981e-05,2.9958e-05,2.9797e-05
1,32768,2.9682e-05,2.7122e-05,3.188e-05,2.9567e-05,2.9377e-05
1,32768,3.0314e-05,2.7584e-05,3.2311e-05,3.0189e-05,3.0099e-05
1,32768,3.0077e-05,2.8014e-05,3.2532e-05,2.9973e-05,2.9928e-05
1,32768,3.1843e-05,2.9307e-05,3.3955e-05,3.2052e-05,3.2072e-05
1,32768,3.0052e-05,2.7343e-05,3.2563e-05,2.9988e-05,3.0399e-05
1,32768,2.9918e-05,2.8095e-05,3.2041e-05,2.9667e-05,2.9968e-05
1,32768,2.9857e-05,2.7714e-05,3.1811e-05,2.9742e-05,2.9798e-05
1,32768,3.055e-05,2.8235e-05,3.2474e-05,3.0574e-05,3.094e-05
1,32768,3.2001e-05,2.9598e-05,3.5146e-05,3.1862e-05,3.105e-05
1,32768,3.058e-05,2.8716e-05,3.2452e-05,3.0404e-05,3.087e-05
1,32768,2.975e-05,2.7533e-05,3.184e-05,2.9733e-05,3.0099e-05
1,32768,3.0559e-05,2.8706e-05,3.2291e-05,3.0654e-05,3.115e-05
1,32768,2.9882e-05,2.7794e-05,3.2041e-05,2.9803e-05,3.0229e-05
1,32768,3.3462e-05,3.102e-05,3.5429e-05,3.3169e-05,3.102e-05
1,32768,3.0833e-05,2.8636e-05,3.2843e-05,3.0714e-05,3.1501e-05
1,32768,2.9993e-05,2.7904e-05,3.1981e-05,3.0093e-05,3.0559e-05
1,32768,2.9875e-05,2.7915e-05,3.1872e-05,2.9813e-05,3.095e-05
1,32768,3.0117e-05,2.7845e-05,3.2332e-05,3.0189e-05,3.0439e-05
1,32768,3.0821e-05,2.7934e-05,3.2803e-05,3.0784e-05,2.7934e-05
1,32768,3.072e-05,2.7965e-05,3.2612e-05,3.065e-05,3.075e-05
1,32768,2.9982e-05,2.7153e-05,3.2342e-05,2.9658e-05,2.9818e-05
1,32768,2.9563e-05,2.7743e-05,3.17e-05,2.9427e-05,3.0128e-05
1,32768,2.9712e-05,2.7764e-05,3.2091e-05,2.9407e-05,2.9667e-05
1,32768,3.1113e-05,2.8576e-05,3.2922e-05,3.09e-05,2.8576e-05
1,32768,2.9978e-05,2.7764e-05,3.1951e-05,2.9853e-05,3.0068e-05
1,32768,3.0216e-05,2.7674e-05,3.2131e-05,3.0174e-05,3.0119e-05
1,32768,3.0027e-05,2.7343e-05,3.2201e-05,2.9883e-05,2.9868e-05
1,32768,3.0532e-05,2.7935e-05,3.2472e-05,3.051e-05,3.0219e-05
1,32768,3.0242e-05,2.9437e-05,3.166e-05,2.9637e-05,2.9547e-05
1,32768,3.0162e-05,2.8034e-05,3.2423e-05,3.0093e-05,3.0679e-05
1,32768,3.0734e-05,2.8846e-05,3.2612e-05,3.0825e-05,3.1581e-05
1,32768,2.9889e-05,2.7864e-05,3.1921e-05,2.9823e-05,3.0369e-05
1,32768,3.0017e-05,2.7744e-05,3.1981e-05,3.0019e-05,3.056e-05
1,32768,3.2131e-05,2.9798e-05,3.4317e-05,3.2127e-05,3.2863e-05
1,32768,3.0073e-05,2.8065e-05,3.1972e-05,3.0103e-05,3.0899e-05
1,32768,3.0204e-05,2.8315e-05,3.2211e-05,3.0324e-05,3.099e-05
1,32768,3.0093e-05,2.8295e-05,3.2552e-05,2.9918e-05,2.9928e-05
1,32768,2.9676e-05,2.7503e-05,3.1712e-05,2.9752e-05,3.0278e-05
1,32768,3.2085e-05,2.9528e-05,3.4006e-05,3.2122e-05,3.3335e-05
1,32768,3.002e-05,2.8114e-05,3.2051e-05,2.9978e-05,3.115e-05
1,32768,2.9819e-05,2.7964e-05,3.181e-05,2.9852e-05,3.0188e-05
1,32768,3.0073e-05,2.7944e-05,3.2373e-05,2.9938e-05,3.073e-05
1,32768,3.0091e-05,2.8475e-05,3.2241e-05,3.0008e-05,3.07e-05
1,32768,3.2624e-05,3.1281e-05,3.4728e-05,3.2453e-05,3.3034e-05
1,32768,2.9907e-05,2.8004e-05,3.195e-05,2.9953e-05,3.0519e-05
1,32768,2.9486e-05,2.7434e-05,3.157e-05,2.9116e-05,2.9356e-05
1,32768,3.0562e-05,2.8195e-05,3.2651e-05,3.0354e-05,3.084e-05
1,32768,3.0133e-05,2.8004e-05,3.2041e-05,3.0053e-05,3.0509e-05
1,32768,3.0891e-05,2.9868e-05,3.2372e-05,3.093e-05,2.9868e-05
1,32768,3.0553e-05,2.8465e-05,3.2422e-05,3.0429e-05,3.088e-05
1,32768,3.0022e-05,2.8064e-05,3.178e-05,3.0033e-05,3.1441e-05
1,32768,3.0358e-05,2.8466e-05,3.213e-05,3.0479e-05,3.1221e-05
1,32768,3.0413e-05,2.8435e-05,3.2654e-05,3.0434e-05,3.094e-05
1,32768,3.1196e-05,2.9708e-05,3.2552e-05,3.1296e-05,3.0208e-05
1,32768,3.0053e-05,2.7573e-05,3.1901e-05,2.9908e-05,3.098e-05
1,32768,3.034e-05,2.8305e-05,3.2202e-05,3.0419e-05,3.1421e-05
1,32768,3.0778e-05,2.8385e-05,3.3574e-05,3.0865e-05,3.0319e-05
1,32768,2.9521e-05,2.7373e-05,3.163e-05,2.9292e-05,2.9728e-05
1,32768,3.0604e-05,2.8736e-05,3.1852e-05,3.0845e-05,3.0018e-05
1,32768,3.0177e-05,2.7564e-05,3.1942e-05,3.0159e-05,3.1281e-05
1,32768,3.0379e-05,2.8284e-05,3.2151e-05,3.0299e-05,3.1781e-05
1,32768,2.9825e-05,2.7634e-05,3.2011e-05,2.9677e-05,2.9888e-05
1,32768,3.055e-05,2.8275e-05,3.2393e-05,3.0614e-05,3.094e-05
1,32768,3.1948e-05,3.0279e-05,3.4035e-05,3.1811e-05,3.2282e-05
1,32768,2.9983e-05,2.7624e-05,3.1922e-05,2.9888e-05,3.0459e-05
1,32768,3.0004e-05,2.8155e-05,3.2041e-05,2.9953e-05,3.0509e-05
1,32768,2.9857e-05,2.7324e-05,3.2022e-05,2.9853e-05,3.0569e-05
1,32768,3.0251e-05,2.8355e-05,3.2482e-05,2.9938e-05,3.0379e-05
1,32768,3.248e-05,3.068e-05,3.4545e-05,3.2228e-05,3.2152e-05
1,32768,3.0319e-05,2.8265e-05,3.2283e-05,3.0419e-05,3.102e-05
1,32768,3.0624e-05,2.8666e-05,3.2382e-05,3.0645e-05,3.113e-05
1,32768,3.0146e-05,2.7975e-05,3.1972e-05,3.0109e-05,3.0499e-05
1,32768,3.0048e-05,2.7884e-05,3.2111e-05,2.9918e-05,3.0298e-05
1,32768,3.188e-05,3.0399e-05,3.3816e-05,3.1721e-05,3.2112e-05
1,32768,3.0068e-05,2.8135e-05,3.2281e-05,2.9938e-05,3.0539e-05
1,32768,3.0596e-05,2.8315e-05,3.2533e-05,3.0495e-05,3.073e-05
1,32768,3.0003e-05,2.7924e-05,3.2261e-05,2.9862e-05,3.0388e-05
1,32768,3.0183e-05,2.7854e-05,3.2271e-05,3.0048e-05,3.0038e-05
1,32768,3.1477e-05,3.049e-05,3.2833e-05,3.1316e-05,3.124e-05
1,32768,3.0102e-05,2.8114e-05,3.2341e-05,3.0073e-05,3.0639e-05
1,32768,3.0398e-05,2.8064e-05,3.216e-05,3.0484e-05,3.0469e-05
1,32768,3.0221e-05,2.7414e-05,3.2351e-05,3.0354e-05,3.0219e-05
1,32768,3.02e-05,2.7694e-05,3.1871e-05,3.0219e-05,3.0148e-05
1,32768,3.0583e-05,2.9688e-05,3.1962e-05,3.0324e-05,3.0349e-05
1,32768,3.0126e-05,2.8275e-05,3.2441e-05,2.9958e-05,3.0519e-05
1,32768,2.9873e-05,2.7744e-05,3.2132e-05,2.9883e-05,3.0609e-05
1,32768,3.0365e-05,2.8486e-05,3.2652e-05,3.0258e-05,3.0529e-05
1,32768,3.0438e-05,2.8505e-05,3.2171e-05,3.0193e-05,3.0338e-05
1,32768,3.4318e-05,3.088e-05,3.8173e-05,3.3415e-05,3.2693e-05
1,32768,2.9557e-05,2.7644e-05,3.1751e-05,2.9222e-05,2.9637e-05
1,32768,2.9916e-05,2.7924e-05,3.192e-05,2.9954e-05,3.081e-05
1,32768,3.025e-05,2.8315e-05,3.2182e-05,3.0104e-05,3.0649e-05
1,32768,3.0394e-05,2.8095e-05,3.2211e-05,3.0413e-05,3.0609e-05
1,32768,3.5006e-05,3.064e-05,4.1048e-05,3.3595e-05,3.2884e-05
1,32768,3.0569e-05,2.8526e-05,3.2291e-05,3.0284e-05,3.089e-05
1,32768,2.9922e-05,2.7583e-05,3.1881e-05,2.9848e-05,3.0309e-05
1,32768,2.9741e-05,2.7774e-05,3.2021e-05,2.9667e-05,3.0048e-05
1,32768,3.0524e-05,2.7764e-05,3.2782e-05,3.0719e-05,3.0319e-05
1,32768,3.1965e-05,3.0439e-05,3.3663e-05,3.1737e-05,3.1592e-05
1,32768,2.9955e-05,2.7814e-05,3.2341e-05,2.9903e-05,3.0419e-05
1,32768,3.015e-05,2.7634e-05,3.2932e-05,2.9878e-05,2.9998e-05
1,32768,2.9888e-05,2.7193e-05,3.2442e-05,2.9823e-05,2.9818e-05
1,32768,2.9812e-05,2.7383e-05,3.199e-05,2.9607e-05,2.9717e-05
1,32768,3.1789e-05,3.0009e-05,3.4014e-05,3.1506e-05,3.1601e-05
1,32768,3.0011e-05,2.7233e-05,3.2191e-05,2.9893e-05,2.9607e-05
1,32768,3.025e-05,2.7824e-05,3.2241e-05,3.0288e-05,3.0188e-05
1,32768,3.0231e-05,2.8045e-05,3.2112e-05,3.0158e-05,3.0619e-05
1,32768,3.0429e-05,2.8476e-05,3.2292e-05,3.0464e-05,3.129e-05
1,32768,3.1274e-05,2.9638e-05,3.2763e-05,3.1341e-05,3.099e-05
1,32768,3.0282e-05,2.8325e-05,3.2422e-05,3.0088e-05,3.0398e-05
1,32768,3.0039e-05,2.8275e-05,3.2031e-05,2.9998e-05,3.0449e-05
1,32768,3.0327e-05,2.8395e-05,3.2422e-05,3.0304e-05,3.116e-05
1,32768,2.9537e-05,2.7644e-05,3.192e-05,2.9557e-05,2.9777e-05
1,32768,3.1446e-05,3.0399e-05,3.2512e-05,3.1341e-05,3.0399e-05
1,32768,3.0914e-05,2.9137e-05,3.2533e-05,3.0955e-05,3.1551e-05
1,32768,3.0287e-05,2.8455e-05,3.2171e-05,3.0213e-05,3.102e-05
1,32768,3.0356e-05,2.8174e-05,3.3093e-05,3.0353e-05,3.0589e-05
1,32768,2.996e-05,2.7824e-05,3.2301e-05,2.9883e-05,3.0449e-05
1,32768,3.1243e-05,2.9316e-05,3.2624e-05,3.131e-05,3.0789e-05
1,32768,3.0352e-05,2.7974e-05,3.1891e-05,3.0559e-05,3.093e-05
1,32768,3.0114e-05,2.7945e-05,3.2201e-05,3.0314e-05,3.098e-05
1,32768,3.0536e-05,2.8555e-05,3.2571e-05,3.0705e-05,3.077e-05
1,32768,3.0464e-05,2.8204e-05,3.2242e-05,3.0544e-05,3.0709e-05
1,32768,3.2973e-05,3.091e-05,3.4627e-05,3.3024e-05,3.3425e-05
1,32768,3.0098e-05,2.7814e-05,3.2482e-05,2.9994e-05,3.0229e-05
1,32768,3.0214e-05,2.7814e-05,3.205e-05,3.0109e-05,3.0529e-05
1,32768,3.0078e-05,2.7864e-05,3.2031e-05,2.9883e-05,3.0128e-05
1,32768,3.0592e-05,2.8044e-05,3.2732e-05,3.0739e-05,3.0579e-05
1,32768,3.2325e-05,3.078e-05,3.4235e-05,3.2318e-05,3.1812e-05
1,32768,3.0464e-05,2.7553e-05,3.2522e-05,3.0253e-05,2.9747e-05
1,32768,3.0139e-05,2.8054e-05,3.2011e-05,2.9933e-05,3.0329e-05
1,32768,3.0143e-05,2.8185e-05,3.202e-05,3.0143e-05,3.0649e-05
1,32768,3.0018e-05,2.8115e-05,3.2371e-05,2.9733e-05,3.0298e-05
1,32768,3.2259e-05,3.0409e-05,3.3885e-05,3.2293e-05,3.2463e-05
1,32768,2.971e-05,2.7263e-05,3.177e-05,2.9557e-05,3.082e-05
1,32768,2.9971e-05,2.8165e-05,3.2121e-05,2.9888e-05,3.0409e-05
1,32768,3.0003e-05,2.7604e-05,3.191e-05,3.0053e-05,3.0269e-05
1,32768,2.995e-05,2.7523e-05,3.2311e-05,2.9742e-05,2.9818e-05
1,32768,3.1257e-05,2.9968e-05,3.2403e-05,3.123e-05,3.0489e-05
1,32768,3.0911e-05,2.8876e-05,3.2732e-05,3.0809e-05,3.094e-05
1,32768,2.9961e-05,2.7774e-05,3.2031e-05,2.9833e-05,2.9938e-05
1,32768,3.018e-05,2.7764e-05,3.1981e-05,3.0213e-05,3.0469e-05
1,32768,3.0216e-05,2.7924e-05,3.2201e-05,3.0043e-05,2.9948e-05
1,32768,3.2026e-05,3.0048e-05,3.7503e-05,3.1296e-05,3.0048e-05
1,32768,3.007e-05,2.7844e-05,3.2581e-05,2.9988e-05,3.0058e-05
1,32768,3.0454e-05,2.8195e-05,3.2373e-05,3.0364e-05,3.096e-05
1,32768,3.0355e-05,2.8195e-05,3.2552e-05,3.0323e-05,3.0589e-05
1,32768,3.0114e-05,2.7854e-05,3.2121e-05,2.9858e-05,3.0208e-05
1,32768,3.1921e-05,2.9858e-05,3.621e-05,3.1882e-05,3.0709e-05
1,32768,3.0212e-05,2.7914e-05,3.1852e-05,3.0319e-05,3.0419e-05
1,32768,3.041e-05,2.8465e-05,3.2403e-05,3.0469e-05,3.093e-05
1,32768,2.9923e-05,2.8335e-05,3.2131e-05,2.9808e-05,3.0489e-05
1,32768,3.0499e-05,2.7974e-05,3.2451e-05,3.0524e-05,3.0659e-05
1,32768,3.2386e-05,3.0349e-05,3.4255e-05,3.2122e-05,3.0349e-05
1,32768,3.0364e-05,2.7944e-05,3.2402e-05,3.0274e-05,3.0459e-05
1,32768,3.1046e-05,2.8536e-05,3.2872e-05,3.1231e-05,3.1612e-05
1,32768,3.0011e-05,2.7934e-05,3.2151e-05,3.0059e-05,3.0629e-05
1,32768,3.0044e-05,2.7854e-05,3.2742e-05,2.9958e-05,3.0449e-05
1,32768,3.2547e-05,3.097e-05,3.4886e-05,3.1982e-05,3.097e-05
1,32768,2.9944e-05,2.7764e-05,3.2191e-05,2.9723e-05,2.9878e-05
1,32768,3.0208e-05,2.7814e-05,3.2131e-05,3.0063e-05,3.0278e-05
1,32768,3.0365e-05,2.8125e-05,3.2501e-05,3.0244e-05,3.0378e-05
1,32768,3.0082e-05,2.7283e-05,3.199e-05,3.0074e-05,3.0118e-05
1,32768,3.4128e-05,3.2253e-05,3.5988e-05,3.4391e-05,3.2483e-05
1,32768,3.0054e-05,2.8405e-05,3.2271e-05,2.9858e-05,3.0199e-05
1,32768,2.9665e-05,2.7634e-05,3.2021e-05,2.9487e-05,2.9838e-05
1,32768,2.9938e-05,2.7643e-05,3.1921e-05,2.9648e-05,2.9678e-05
1,32768,2.994e-05,2.8005e-05,3.1891e-05,2.9838e-05,2.9948e-05
1,32768,3.0561e-05,2.8765e-05,3.1952e-05,3.0538e-05,3.0789e-05
1,32768,3.015e-05,2.7844e-05,3.2001e-05,3.0223e-05,3.0569e-05
1,32768,2.9795e-05,2.7874e-05,3.2161e-05,2.9573e-05,3.0148e-05
1,32768,3.074e-05,2.8526e-05,3.2553e-05,3.1026e-05,3.1121e-05
1,32768,2.9741e-05,2.7664e-05,3.143e-05,2.9698e-05,3.0779e-05
1,32768,3.2091e-05,2.8505e-05,3.5178e-05,3.166e-05,3.5178e-05
1,32768,3.0957e-05,2.9467e-05,3.3102e-05,3.0634e-05,3.0559e-05
1,32768,3.0244e-05,2.8114e-05,3.206e-05,3.0158e-05,3.0419e-05
1,32768,3.0384e-05,2.8125e-05,3.2433e-05,3.0384e-05,3.08e-05
1,32768,3.03e-05,2.8075e-05,3.2382e-05,3.0378e-05,3.0759e-05
1,32768,3.0456e-05,2.8225e-05,3.199e-05,3.075e-05,3.094e-05
1,32768,3.0259e-05,2.8004e-05,3.2081e-05,2.9948e-05,3.0118e-05
1,32768,2.9759e-05,2.7664e-05,3.2343e-05,2.9522e-05,3.0399e-05
1,32768,3.0021e-05,2.7865e-05,3.2622e-05,3.0099e-05,3.0439e-05
1,32768,3.0343e-05,2.8245e-05,3.2103e-05,3.0289e-05,3.075e-05
1,32768,3.049e-05,2.8305e-05,3.2451e-05,3.1036e-05,3.1431e-05
1,32768,3.0065e-05,2.7874e-05,3.2001e-05,2.9877e-05,3.0298e-05
1,32768,3.0072e-05,2.7794e-05,3.2171e-05,2.9977e-05,3.0208e-05
1,32768,3.0107e-05,2.7704e-05,3.2031e-05,2.9993e-05,3.0109e-05
1,32768,3.0132e-05,2.7834e-05,3.2141e-05,3.0029e-05,3.0129e-05
1,32768,3.0093e-05,2.7794e-05,3.2241e-05,3.0229e-05,3.0459e-05
1,32768,2.9968e-05,2.7945e-05,3.2161e-05,2.9813e-05,3.0309e-05
1,32768,3.0051e-05,2.8125e-05,3.2093e-05,2.9878e-05,3.061e-05
1,32768,2.9782e-05,2.7824e-05,3.1761e-05,2.9677e-05,3.0439e-05
1,32768,2.9713e-05,2.7543e-05,3.2111e-05,2.9532e-05,2.9948e-05
1,32768,3.0633e-05,2.8505e-05,3.2293e-05,3.121e-05,3.1852e-05
1,32768,3.2341e-05,2.8055e-05,3.5046e-05,3.3185e-05,2.8055e-05
1,32768,3.0078e-05,2.7894e-05,3.2041e-05,3.0164e-05,3.1051e-05
1,32768,2.9833e-05,2.7514e-05,3.2061e-05,2.9773e-05,3.0179e-05
1,32768,2.9756e-05,2.7834e-05,3.211e-05,2.9633e-05,3.0089e-05
1,32768,3.1099e-05,2.8265e-05,3.2724e-05,3.1636e-05,3.1981e-05
1,32768,3.041e-05,2.7925e-05,3.3324e-05,3.0169e-05,3.3324e-05
1,32768,3.0499e-05,2.8485e-05,3.2442e-05,3.0615e-05,3.1511e-05
1,32768,2.9793e-05,2.7463e-05,3.1971e-05,2.9803e-05,3.0418e-05
1,32768,3.0262e-05,2.8245e-05,3.2231e-05,3.0023e-05,3.0209e-05
1,32768,3.0985e-05,2.8816e-05,3.2623e-05,3.1516e-05,3.2262e-05
1,32768,3.0419e-05,2.7904e-05,3.3304e-05,3.068e-05,3.3304e-05
1,32768,3.0046e-05,2.8315e-05,3.1931e-05,3.0104e-05,3.0659e-05
1,32768,3.0881e-05,2.8395e-05,3.2732e-05,3.1e-05,3.107e-05
1,32768,3.0548e-05,2.7994e-05,3.2421e-05,3.08e-05,3.103e-05
1,32768,3.0282e-05,2.8215e-05,3.2132e-05,3.0163e-05,3.2042e-05
1,32768,3.0592e-05,2.8105e-05,3.3675e-05,3.0555e-05,3.3675e-05
1,32768,2.9753e-05,2.7904e-05,3.177e-05,2.9508e-05,3.0629e-05
1,32768,2.9776e-05,2.7654e-05,3.177e-05,2.9767e-05,3.0178e-05
1,32768,3.0051e-05,2.7964e-05,3.2261e-05,2.9853e-05,3.0389e-05
1,32768,2.9866e-05,2.7714e-05,3.202e-05,2.9813e-05,3.119e-05
1,32768,3.1356e-05,2.9608e-05,3.3784e-05,3.1256e-05,3.2212e-05
1,32768,3.0128e-05,2.8215e-05,3.2042e-05,3.0098e-05,3.083e-05
1,32768,3.0303e-05,2.8155e-05,3.2361e-05,3.0389e-05,3.125e-05
1,32768,2.9764e-05,2.8014e-05,3.1782e-05,2.9617e-05,3.0108e-05
1,32768,3.0084e-05,2.8054e-05,3.208e-05,2.9838e-05,3.2012e-05
1,32768,3.5084e-05,3.1842e-05,3.6201e-05,3.5739e-05,3.5879e-05
1,32768,2.9885e-05,2.7934e-05,3.182e-05,2.9913e-05,3.0459e-05
1,32768,3.0336e-05,2.8084e-05,3.1971e-05,3.0339e-05,3.0269e-05
1,32768,3.0045e-05,2.8315e-05,3.2203e-05,2.9888e-05,3.0529e-05
1,32768,2.9975e-05,2.7714e-05,3.2091e-05,2.9803e-05,3.1982e-05
1,32768,3.0961e-05,2.9106e-05,3.2822e-05,3.1065e-05,3.1842e-05
1,32768,3.0083e-05,2.7995e-05,3.2371e-05,2.9943e-05,3.0739e-05
1,32768,3.0489e-05,2.8235e-05,3.2453e-05,3.0539e-05,3.122e-05
1,32768,3.0182e-05,2.7744e-05,3.2281e-05,3.0189e-05,3.0579e-05
1,32768,3.0753e-05,2.8154e-05,3.3003e-05,3.107e-05,3.2323e-05
1,32768,3.2076e-05,2.9347e-05,3.3854e-05,3.2352e-05,3.2863e-05
1,32768,3.0267e-05,2.8174e-05,3.2151e-05,3.0399e-05,3.1191e-05
1,32768,3.0102e-05,2.8145e-05,3.2051e-05,3.0179e-05,3.0129e-05
1,32768,3.0303e-05,2.7614e-05,3.2362e-05,3.0303e-05,3.0118e-05
1,32768,3.0983e-05,2.8245e-05,3.2753e-05,3.1256e-05,3.2753e-05
1,32768,3.1918e-05,2.9296e-05,3.3513e-05,3.2242e-05,3.3405e-05
1,32768,3.0604e-05,2.8485e-05,3.2512e-05,3.0515e-05,3.1721e-05
1,32768,2.9869e-05,2.7784e-05,3.2021e-05,2.9748e-05,3.0309e-05
1,32768,2.9829e-05,2.7724e-05,3.1791e-05,2.9863e-05,2.9998e-05
1,32768,3.0686e-05,2.8115e-05,3.2662e-05,3.0669e-05,3.1e-05
1,32768,3.4358e-05,3.0349e-05,3.8114e-05,3.4687e-05,3.4336e-05
1,32768,2.9996e-05,2.8075e-05,3.2101e-05,2.9758e-05,3.098e-05
1,32768,2.9988e-05,2.7824e-05,3.2522e-05,2.9763e-05,2.9958e-05
1,32768,2.9618e-05,2.7723e-05,3.176e-05,2.9377e-05,3.0218e-05
1,32768,2.9726e-05,2.7563e-05,3.2022e-05,2.9578e-05,3.0609e-05
1,32768,3.1822e-05,2.9688e-05,3.4276e-05,3.1876e-05,3.1781e-05
1,32768,2.9892e-05,2.7935e-05,3.2311e-05,2.9698e-05,3.0149e-05
1,32768,3.0118e-05,2.8054e-05,3.2151e-05,3.0153e-05,3.0218e-05
1,32768,3.0027e-05,2.7653e-05,3.1991e-05,2.9888e-05,2.9887e-05
1,32768,2.9758e-05,2.7213e-05,3.1991e-05,2.9673e-05,2.9638e-05
1,32768,3.1369e-05,2.9056e-05,3.4425e-05,3.1275e-05,3.138e-05
1,32768,3.0032e-05,2.7252e-05,3.2141e-05,2.9792e-05,2.9707e-05
1,32768,3.0374e-05,2.7774e-05,3.2281e-05,3.0414e-05,3.0299e-05
1,32768,3.024e-05,2.7774e-05,3.2181e-05,3.0304e-05,3.0328e-05
1,32768,3.0276e-05,2.7954e-05,3.2512e-05,3.0403e-05,3.0288e-05
1,32768,3.0722e-05,2.9387e-05,3.2932e-05,3.0605e-05,3.0118e-05
1,32768,2.9747e-05,2.7013e-05,3.174e-05,2.9647e-05,2.9688e-05
1,32768,3.0468e-05,2.7884e-05,3.2322e-05,3.0549e-05,3.084e-05
1,32768,3.0502e-05,2.7945e-05,3.2363e-05,3.058e-05,3.1e-05
1,32768,2.9814e-05,2.7704e-05,3.2221e-05,2.9758e-05,3.0259e-05
1,32768,3.2513e-05,3.065e-05,3.4566e-05,3.2358e-05,3.2553e-05
1,32768,3.0489e-05,2.8495e-05,3.2684e-05,3.0444e-05,3.1381e-05
1,32768,2.9987e-05,2.7895e-05,3.2402e-05,2.9882e-05,3.0308e-05
1,32768,3.0183e-05,2.7824e-05,3.2211e-05,3.0113e-05,3.0218e-05
1,32768,3.0348e-05,2.8195e-05,3.1952e-05,3.0665e-05,3.082e-05
1,32768,3.1762e-05,3.0469e-05,3.4395e-05,3.1256e-05,3.0469e-05
1,32768,3.0981e-05,2.8966e-05,3.2544e-05,3.089e-05,3.123e-05
1,32768,2.9934e-05,2.7854e-05,3.2041e-05,2.9753e-05,2.9888e-05
1,32768,3.112e-05,2.8686e-05,3.2833e-05,3.1306e-05,3.1331e-05
1,32768,3.0175e-05,2.7534e-05,3.2041e-05,3.0254e-05,3.0128e-05
1,32768,3.1451e-05,2.9647e-05,3.3495e-05,3.099e-05,2.9647e-05
1,32768,3.0562e-05,2.8314e-05,3.2692e-05,3.0655e-05,3.1241e-05
1,32768,3.0043e-05,2.8075e-05,3.1962e-05,2.9993e-05,3.0669e-05
1,32768,2.9737e-05,2.7594e-05,3.193e-05,2.9597e-05,3.0088e-05
1,32768,3.0726e-05,2.7855e-05,3.2642e-05,3.0775e-05,3.095e-05
1,32768,3.0974e-05,2.8445e-05,3.3033e-05,3.094e-05,2.8445e-05
1,32768,3.0038e-05,2.8245e-05,3.1992e-05,2.9943e-05,3.055e-05
1,32768,3.0192e-05,2.8244e-05,3.2252e-05,3.0013e-05,3.112e-05
1,32768,2.985e-05,2.7604e-05,3.2411e-05,2.9652e-05,3.0088e-05
1,32768,3.0423e-05,2.8055e-05,3.2181e-05,3.0465e-05,3.054e-05
1,32768,3.1229e-05,2.8826e-05,3.2902e-05,3.104e-05,2.8826e-05
1,32768,2.9846e-05,2.7594e-05,3.2121e-05,2.9822e-05,2.9737e-05
1,32768,3.0857e-05,2.8946e-05,3.2863e-05,3.1006e-05,3.1722e-05
1,32768,2.9882e-05,2.8265e-05,3.2181e-05,2.9929e-05,3.0669e-05
1,32768,3.0473e-05,2.8365e-05,3.2392e-05,3.0364e-05,3.082e-05
1,32768,3.0781e-05,2.9027e-05,3.2694e-05,3.052e-05,3.1621e-05
1,32768,2.9919e-05,2.8164e-05,3.2031e-05,2.9993e-05,3.0599e-05
1,32768,3.0454e-05,2.7974e-05,3.3102e-05,3.0389e-05,3.0379e-05
1,32768,3.0495e-05,2.8345e-05,3.2241e-05,3.0344e-05,3.0118e-05
1,32768,2.9988e-05,2.7513e-05,3.207e-05,2.9913e-05,2.9828e-05
1,32768,3.2347e-05,3.0139e-05,3.4497e-05,3.2318e-05,3.3214e-05
1,32768,3.0207e-05,2.8315e-05,3.2421e-05,3.0464e-05,3.078e-05
1,32768,2.9964e-05,2.7223e-05,3.2161e-05,2.9888e-05,2.9657e-05
1,32768,3.0518e-05,2.8436e-05,3.2483e-05,3.0389e-05,3.1071e-05
1,32768,2.9638e-05,2.7654e-05,3.2061e-05,2.9457e-05,2.9858e-05
1,32768,3.1903e-05,2.9738e-05,3.4054e-05,3.1812e-05,3.1801e-05
1,32768,2.9965e-05,2.7774e-05,3.188e-05,2.9898e-05,3.0119e-05
1,32768,3.0099e-05,2.8144e-05,3.1892e-05,3.0068e-05,3.0799e-05
1,32768,2.9887e-05,2.8275e-05,3.2131e-05,2.9758e-05,3.0549e-05
1,32768,3.0294e-05,2.7944e-05,3.2032e-05,3.0264e-05,3.0499e-05
1,32768,3.1923e-05,2.9918e-05,3.3886e-05,3.1721e-05,3.2413e-05
1,32768,3.0028e-05,2.7984e-05,3.2161e-05,3.0073e-05,3.105e-05
1,32768,2.959e-05,2.7283e-05,3.1781e-05,2.9342e-05,2.9748e-05
1,32768,3.0515e-05,2.8074e-05,3.2642e-05,3.0489e-05,3.0639e-05
1,32768,3.0395e-05,2.8325e-05,3.2283e-05,3.0503e-05,3.0859e-05
1,32768,3.0585e-05,2.9306e-05,3.188e-05,3.0465e-05,3.0689e-05
1,32768,3.0438e-05,2.7764e-05,3.2732e-05,3.0444e-05,3.0659e-05
1,32768,3.0902e-05,2.9006e-05,3.2864e-05,3.098e-05,3.1951e-05
1,32768,2.9992e-05,2.8415e-05,3.2251e-05,2.9823e-05,3.115e-05
1,32768,3.0341e-05,2.7624e-05,3.2702e-05,3.0304e-05,3.0018e-05
1,32768,3.0445e-05,2.9618e-05,3.169e-05,3.0124e-05,2.9618e-05
1,32768,3.0026e-05,2.8275e-05,3.185e-05,2.9898e-05,3.0469e-05
1,32768,2.9734e-05,2.7794e-05,3.2061e-05,2.9612e-05,3.0218e-05
1,32768,3.0013e-05,2.7733e-05,3.2341e-05,3.0108e-05,3.0168e-05
1,32768,3.0607e-05,2.8355e-05,3.2542e-05,3.051e-05,3.0439e-05
1,32768,3.2547e-05,3.103e-05,3.3605e-05,3.2764e-05,3.103e-05
1,32768,3.0474e-05,2.8134e-05,3.2171e-05,3.0595e-05,3.122e-05
1,32768,3.0154e-05,2.7974e-05,3.2001e-05,3.0028e-05,3.1511e-05
1,32768,2.9911e-05,2.7734e-05,3.2023e-05,2.9988e-05,3.08e-05
1,32768,3.0196e-05,2.8455e-05,3.2401e-05,3.0088e-05,3.0779e-05
1,32768,3.2106e-05,3.076e-05,3.4046e-05,3.2082e-05,3.2653e-05
1,32768,3.0396e-05,2.7915e-05,3.2512e-05,3.0429e-05,3.1481e-05
1,32768,3.0315e-05,2.8265e-05,3.2541e-05,3.0393e-05,3.0889e-05
1,32768,2.9857e-05,2.8024e-05,3.2271e-05,2.9537e-05,2.9788e-05
1,32768,3.0056e-05,2.8225e-05,3.2343e-05,3.0113e-05,3.0268e-05
1,32768,3.2454e-05,3.0509e-05,3.4184e-05,3.2293e-05,3.3475e-05
1,32768,2.9788e-05,2.7894e-05,3.185e-05,2.9673e-05,3.0219e-05
1,32768,2.9815e-05,2.7734e-05,3.1971e-05,2.9317e-05,2.9267e-05
1,32768,3.019e-05,2.7964e-05,3.1962e-05,3.0349e-05,3.0459e-05
1,32768,2.9711e-05,2.7964e-05,3.183e-05,2.9593e-05,3.0199e-05
1,32768,3.172e-05,3.061e-05,3.3393e-05,3.1311e-05,3.1511e-05
1,32768,2.9809e-05,2.7283e-05,3.196e-05,2.9788e-05,2.9658e-05
1,32768,3.0192e-05,2.7644e-05,3.2361e-05,3.0109e-05,2.9738e-05
1,32768,3.0574e-05,2.7784e-05,3.2552e-05,3.0524e-05,3.0249e-05
1,32768,3.0574e-05,2.8395e-05,3.2293e-05,3.0719e-05,3.098e-05
1,32768,3.1088e-05,3.0509e-05,3.2201e-05,3.0805e-05,3.0709e-05
1,32768,3.0062e-05,2.7844e-05,3.1991e-05,3.0123e-05,3.0388e-05
1,32768,3.0534e-05,2.8074e-05,3.2391e-05,3.0334e-05,3.0429e-05
1,32768,3.0604e-05,2.7814e-05,3.2502e-05,3.0749e-05,3.0479e-05
1,32768,3.044e-05,2.8486e-05,3.2143e-05,3.0384e-05,3.086e-05
1,32768,3.0413e-05,2.9717e-05,3.16e-05,3.0178e-05,2.9858e-05
1,32768,3.0454e-05,2.8225e-05,3.2611e-05,3.0589e-05,3.0529e-05
1,32768,3.0118e-05,2.7694e-05,3.2271e-05,3.0063e-05,3.0298e-05
1,32768,2.9716e-05,2.7954e-05,3.1771e-05,2.9427e-05,3.0018e-05
1,32768,3.0132e-05,2.7784e-05,3.19e-05,3.0134e-05,3.0429e-05
1,32768,3.0914e-05,3.0059e-05,3.17e-05,3.1141e-05,3.0059e-05
1,32768,3.0375e-05,2.8546e-05,3.197e-05,3.0584e-05,3.091e-05
1,32768,2.9946e-05,2.7824e-05,3.196e-05,3.0079e-05,3.094e-05
1,32768,2.999e-05,2.7503e-05,3.2261e-05,2.9868e-05,3.0198e-05
1,32768,3.0161e-05,2.8054e-05,3.2001e-05,3.0113e-05,3.0429e-05
1,32768,3.2384e-05,3.0489e-05,3.4116e-05,3.2398e-05,3.2633e-05
1,32768,3.0429e-05,2.8485e-05,3.2532e-05,3.0429e-05,3.094e-05
1,32768,2.9964e-05,2.7684e-05,3.203e-05,2.9938e-05,3.0359e-05
1,32768,3.0534e-05,2.8645e-05,3.2654e-05,3.0734e-05,3.108e-05
1,32768,3.0483e-05,2.8195e-05,3.2521e-05,3.0504e-05,3.1491e-05
1,32768,3.1915e-05,3.0178e-05,3.3724e-05,3.1732e-05,3.2493e-05
1,32768,3.032e-05,2.8125e-05,3.2432e-05,3.0203e-05,3.0559e-05
1,32768,3.0999e-05,2.8375e-05,3.3022e-05,3.0975e-05,3.105e-05
1,32768,3.0031e-05,2.8005e-05,3.2172e-05,2.9988e-05,3.0619e-05
1,32768,2.9826e-05,2.7965e-05,3.2191e-05,2.9392e-05,2.9557e-05
1,32768,3.2538e-05,3.1031e-05,3.4437e-05,3.2448e-05,3.3094e-05
1,32768,3.0148e-05,2.7964e-05,3.2401e-05,3.0108e-05,3.099e-05
1,32768,2.9669e-05,2.7905e-05,3.17e-05,2.9582e-05,3.0018e-05
1,32768,2.9627e-05,2.7594e-05,3.162e-05,2.9587e-05,3.0108e-05
1,32768,2.9769e-05,2.7894e-05,3.1971e-05,2.9572e-05,3.0088e-05
1,32768,3.1074e-05,3.0008e-05,3.2111e-05,3.0925e-05,3.0499e-05
1,32768,3.0146e-05,2.8155e-05,3.2251e-05,2.9978e-05,3.0278e-05
1,32768,3.0731e-05,2.8595e-05,3.2864e-05,3.0619e-05,3.097e-05
1,32768,2.9853e-05,2.7654e-05,3.191e-05,2.9678e-05,3.0208e-05
1,32768,3.0755e-05,2.8305e-05,3.2582e-05,3.0704e-05,3.0408e-05
1,32768,3.1309e-05,3.0199e-05,3.2141e-05,3.1251e-05,3.066e-05
1,32768,3.0624e-05,2.8956e-05,3.2382e-05,3.0829e-05,3.111e-05
1,32768,3.0044e-05,2.8055e-05,3.1862e-05,3.0209e-05,3.111e-05
1,32768,3.0123e-05,2.7884e-05,3.2221e-05,3.0128e-05,3.123e-05
1,32768,2.9669e-05,2.7703e-05,3.1881e-05,2.9623e-05,3.0328e-05
1,32768,3.0731e-05,2.9718e-05,3.16e-05,3.0685e-05,3.0198e-05
1,32768,3.0514e-05,2.8636e-05,3.212e-05,3.0349e-05,3.077e-05
1,32768,2.9988e-05,2.7854e-05,3.2321e-05,2.9948e-05,3.0268e-05
1,32768,3.0596e-05,2.8756e-05,3.2363e-05,3.0665e-05,3.1351e-05
1,32768,3.0462e-05,2.8586e-05,3.2562e-05,3.0464e-05,3.135e-05
1,32768,3.2622e-05,3.088e-05,3.4306e-05,3.2478e-05,3.2623e-05
1,32768,3.0366e-05,2.8235e-05,3.2173e-05,3.0354e-05,3.08e-05
1,32768,3.0465e-05,2.8826e-05,3.2111e-05,3.053e-05,3.1501e-05
1,32768,3.0396e-05,2.8365e-05,3.2493e-05,3.0254e-05,3.1511e-05
1,32768,3.0113e-05,2.7964e-05,3.21e-05,3.0118e-05,3.102e-05
1,32768,3.2086e-05,3.0028e-05,3.4185e-05,3.1917e-05,3.2383e-05
1,32768,3.0182e-05,2.7363e-05,3.2181e-05,3.0179e-05,3.0259e-05
1,32768,2.9978e-05,2.7794e-05,3.2081e-05,3.0053e-05,3.0228e-05
1,32768,3.0156e-05,2.8165e-05,3.2111e-05,3.0018e-05,3.0429e-05
1,32768,2.9803e-05,2.7403e-05,3.2321e-05,2.9543e-05,2.9848e-05
1,32768,3.407e-05,3.2172e-05,3.5718e-05,3.3761e-05,3.3686e-05
1,32768,2.9891e-05,2.7403e-05,3.1801e-05,2.9998e-05,3.0769e-05
1,32768,2.9828e-05,2.7814e-05,3.1971e-05,2.9958e-05,3.0649e-05
1,32768,3.0245e-05,2.7734e-05,3.2241e-05,3.0143e-05,3.0178e-05
1,32768,3.0315e-05,2.7874e-05,3.2253e-05,3.0294e-05,3.0539e-05
1,32768,3.1095e-05,3.0108e-05,3.2103e-05,3.1255e-05,3.0379e-05
1,32768,3.0778e-05,2.8275e-05,3.2764e-05,3.0639e-05,3.0158e-05
1,32768,3.0345e-05,2.7634e-05,3.2632e-05,3.0388e-05,3.0168e-05
1,32768,3.0639e-05,2.8465e-05,3.2613e-05,3.0699e-05,3.126e-05
1,32768,3.0838e-05,2.8756e-05,3.3164e-05,3.0574e-05,3.2313e-05
1,32768,3.1748e-05,2.9818e-05,3.2693e-05,3.2047e-05,3.1772e-05
1,32768,3.1054e-05,2.9186e-05,3.2533e-05,3.1361e-05,3.1701e-05
1,32768,3.0101e-05,2.7653e-05,3.2221e-05,3.0243e-05,3.1151e-05
1,32768,2.9608e-05,2.7714e-05,3.181e-05,2.9442e-05,2.9828e-05
1,32768,2.9667e-05,2.7844e-05,3.174e-05,2.9402e-05,2.9477e-05
1,32768,3.1941e-05,2.9898e-05,3.5639e-05,3.1776e-05,3.0599e-05
1,32768,3.0344e-05,2.7874e-05,3.2193e-05,3.062e-05,3.141e-05
1,32768,3.0223e-05,2.8075e-05,3.2662e-05,3.0329e-05,3.101e-05
1,32768,3.0088e-05,2.7834e-05,3.2012e-05,2.9877e-05,3.0128e-05
1,32768,2.976e-05,2.7944e-05,3.2431e-05,2.9427e-05,2.9808e-05
1,32768,3.3118e-05,3.0469e-05,4.0467e-05,3.1842e-05,3.103e-05
1,32768,2.9957e-05,2.7704e-05,3.2442e-05,2.9753e-05,3.0249e-05
1,32768,3.0707e-05,2.8665e-05,3.2692e-05,3.0875e-05,3.1671e-05
1,32768,3.0294e-05,2.7934e-05,3.2412e-05,3.0289e-05,3.058e-05
1,32768,3.0131e-05,2.7633e-05,3.2412e-05,2.9978e-05,3.0188e-05
1,32768,3.2141e-05,3.0499e-05,3.4197e-05,3.1652e-05,3.088e-05
1,32768,2.9719e-05,2.7293e-05,3.2301e-05,2.9783e-05,2.9738e-05
1,32768,3.0403e-05,2.8245e-05,3.2193e-05,3.0349e-05,3.0739e-05
1,32768,3.0398e-05,2.7944e-05,3.2902e-05,3.0539e-05,3.073e-05
1,32768,3.079e-05,2.7914e-05,3.2614e-05,3.0855e-05,3.092e-05
1,32768,3.2317e-05,3.0609e-05,3.4125e-05,3.1952e-05,3.0609e-05
1,32768,2.9898e-05,2.7774e-05,3.197e-05,2.9727e-05,3.0239e-05
1,32768,2.9813e-05,2.7964e-05,3.201e-05,2.9693e-05,3.0419e-05
1,32768,3.0191e-05,2.8255e-05,3.2131e-05,3.0204e-05,3.0629e-05
1,32768,2.9893e-05,2.7924e-05,3.2511e-05,2.9823e-05,3.0129e-05
1,32768,3.0546e-05,2.8535e-05,3.1971e-05,3.064e-05,3.0719e-05
1,32768,3.0485e-05,2.8586e-05,3.21e-05,3.0659e-05,3.106e-05
1,32768,3.0469e-05,2.8255e-05,3.2643e-05,3.0408e-05,3.1712e-05
1,32768,3.0613e-05,2.8525e-05,3.2642e-05,3.0665e-05,3.1281e-05
1,32768,2.9733e-05,2.7593e-05,3.2161e-05,2.9452e-05,2.9337e-05
1,32768,3.0743e-05,2.8806e-05,3.2071e-05,3.0854e-05,3.112e-05
1,32768,3.1051e-05,2.9397e-05,3.2633e-05,3.1105e-05,3.1441e-05
1,32768,3.0822e-05,2.8626e-05,3.3044e-05,3.0885e-05,3.2002e-05
1,32768,3.0512e-05,2.8455e-05,3.2912e-05,3.0549e-05,3.118e-05
1,32768,3.0437e-05,2.8145e-05,3.2401e-05,3.0348e-05,3.0709e-05
1,32768,3.0221e-05,2.7774e-05,3.2071e-05,3.071e-05,3.088e-05
1,32768,3.0552e-05,2.8265e-05,3.2342e-05,3.0719e-05,3.111e-05
1,32768,2.9905e-05,2.7874e-05,3.2572e-05,2.9762e-05,3.0038e-05
1,32768,2.9965e-05,2.7784e-05,3.2002e-05,3.0138e-05,3.0789e-05
1,32768,3.0399e-05,2.8506e-05,3.2521e-05,3.0499e-05,3.108e-05
1,32768,3.0698e-05,2.7935e-05,3.2443e-05,3.071e-05,3.101e-05
1,32768,3.0311e-05,2.8335e-05,3.2131e-05,3.0299e-05,3.0469e-05
1,32768,3.0309e-05,2.7844e-05,3.2242e-05,3.0214e-05,3.0309e-05
1,32768,3.0502e-05,2.8355e-05,3.2422e-05,3.0519e-05,3.0579e-05
1,32768,3.036e-05,2.8545e-05,3.2281e-05,3.0244e-05,3.062e-05
1,32768,3.0366e-05,2.7693e-05,3.1961e-05,3.0544e-05,3.105e-05
1,32768,3.0142e-05,2.7914e-05,3.2071e-05,3.0154e-05,3.11e-05
1,32768,3.0049e-05,2.7944e-05,3.2181e-05,2.9978e-05,3.0529e-05
1,32768,3.0014e-05,2.8185e-05,3.2172e-05,2.9853e-05,3.0719e-05
1,32768,2.9855e-05,2.7774e-05,3.203e-05,2.9863e-05,3.0639e-05
1,32768,3.0547e-05,2.8024e-05,3.2191e-05,3.098e-05,3.1972e-05
1,32768,3.0097e-05,2.7753e-05,3.2001e-05,3.0338e-05,3.0809e-05
1,32768,3.0139e-05,2.7714e-05,3.2612e-05,3.0153e-05,3.0218e-05
1,32768,3.0631e-05,2.8636e-05,3.2571e-05,3.0575e-05,3.1e-05
1,32768,2.9936e-05,2.8055e-05,3.19e-05,2.9853e-05,3.057e-05
1,32768,3.0342e-05,2.7774e-05,3.186e-05,3.1015e-05,3.126e-05
1,32768,3.0183e-05,2.7613e-05,3.3034e-05,3.0058e-05,3.3034e-05
1,32768,3.0584e-05,2.8044e-05,3.2422e-05,3.0554e-05,3.1922e-05
1,32768,3.0273e-05,2.8355e-05,3.2163e-05,3.0359e-05,3.111e-05
1,32768,3.024e-05,2.8154e-05,3.2023e-05,3.0279e-05,3.125e-05
1,32768,3.1098e-05,2.8696e-05,3.2814e-05,3.1637e-05,3.2793e-05
1,32768,3.4979e-05,3.105e-05,4.0969e-05,3.4552e-05,4.0969e-05
1,32768,2.9953e-05,2.7834e-05,3.2241e-05,2.9903e-05,3.088e-05
1,32768,3.1169e-05,2.7985e-05,3.3764e-05,3.1446e-05,3.106e-05
1,32768,3.0453e-05,2.8004e-05,3.2332e-05,3.0379e-05,3.0268e-05
1,32768,3.0451e-05,2.7784e-05,3.2954e-05,3.0418e-05,3.2954e-05
1,32768,3.418e-05,2.8636e-05,4.1179e-05,3.3854e-05,4.1179e-05
1,32768,3.0058e-05,2.8365e-05,3.2371e-05,3.0144e-05,3.0629e-05
1,32768,3.0152e-05,2.7904e-05,3.2262e-05,3.0138e-05,3.0509e-05
1,32768,3.0206e-05,2.8265e-05,3.2672e-05,3.0068e-05,3.0449e-05
1,32768,2.986e-05,2.7474e-05,3.1752e-05,2.9727e-05,3.1551e-05
1,32768,3.1338e-05,2.9166e-05,3.3243e-05,3.1441e-05,3.2563e-05
1,32768,2.9849e-05,2.7804e-05,3.2181e-05,2.9597e-05,3.0238e-05
1,32768,3.031e-05,2.7854e-05,3.2211e-05,3.0344e-05,3.0389e-05
1,32768,3.0267e-05,2.8225e-05,3.2101e-05,3.0133e-05,3.0008e-05
1,32768,3.0337e-05,2.8154e-05,3.2251e-05,3.0609e-05,3.1601e-05
1,32768,3.1139e-05,2.9618e-05,3.3253e-05,3.0935e-05,3.1211e-05
1,32768,3.0237e-05,2.8515e-05,3.2051e-05,3.0214e-05,3.111e-05
1,32768,2.9908e-05,2.7653e-05,3.1782e-05,2.9888e-05,3.107e-05
1,32768,3.0295e-05,2.8095e-05,3.2201e-05,3.0118e-05,3.1421e-05
1,32768,3.0296e-05,2.8155e-05,3.2764e-05,3.0048e-05,3.2764e-05
1,32768,3.1118e-05,2.8736e-05,3.2712e-05,3.1466e-05,3.2263e-05
1,32768,3.0196e-05,2.7974e-05,3.2291e-05,3.0354e-05,3.102e-05
1,32768,2.9743e-05,2.7664e-05,3.1971e-05,2.9523e-05,2.9878e-05
1,32768,2.9993e-05,2.7824e-05,3.1941e-05,2.9873e-05,3.0329e-05
1,32768,3.0112e-05,2.7874e-05,3.2221e-05,3.0078e-05,3.1921e-05
1,32768,3.2451e-05,3.0339e-05,3.4085e-05,3.2689e-05,3.3415e-05
1,32768,3.0348e-05,2.8555e-05,3.2342e-05,3.0369e-05,3.117e-05
1,32768,3.0254e-05,2.8335e-05,3.2151e-05,3.0034e-05,2.9898e-05
1,32768,3.0279e-05,2.7794e-05,3.2181e-05,3.0419e-05,3.0409e-05
1,32768,3.1431e-05,2.8194e-05,3.6741e-05,3.1311e-05,3.6741e-05
1,32768,3.2852e-05,3.047e-05,3.4717e-05,3.3239e-05,3.4717e-05
1,32768,3.0281e-05,2.7784e-05,3.2471e-05,3.0224e-05,3.08e-05
1,32768,3.0091e-05,2.8155e-05,3.2061e-05,3.0074e-05,3.0769e-05
1,32768,2.9846e-05,2.7734e-05,3.1932e-05,2.9832e-05,3.0308e-05
1,32768,3.0053e-05,2.8305e-05,3.1971e-05,2.9958e-05,3.0779e-05
1,32768,3.164e-05,2.8816e-05,3.4257e-05,3.1742e-05,3.2143e-05
1,32768,2.9771e-05,2.7793e-05,3.2122e-05,2.9693e-05,3.056e-05
1,32768,3.0428e-05,2.8305e-05,3.2532e-05,3.0539e-05,3.117e-05
1,32768,2.9988e-05,2.7564e-05,3.2041e-05,2.9812e-05,3.0048e-05
1,32768,3.0024e-05,2.7874e-05,3.194e-05,2.9918e-05,3.0349e-05
1,32768,3.1186e-05,2.9146e-05,3.3824e-05,3.0869e-05,3.1481e-05
1,32768,2.9605e-05,2.7603e-05,3.1831e-05,2.9427e-05,3.0088e-05
1,32768,2.9934e-05,2.8025e-05,3.1842e-05,2.9933e-05,3.0419e-05
1,32768,2.9944e-05,2.7954e-05,3.2352e-05,2.9888e-05,3.0389e-05
1,32768,2.9989e-05,2.7844e-05,3.2123e-05,2.9963e-05,3.0429e-05
1,32768,3.207e-05,2.8986e-05,3.5319e-05,3.2017e-05,3.2402e-05
1,32768,3.0111e-05,2.8145e-05,3.2481e-05,3.0218e-05,3.0689e-05
1,32768,3.0073e-05,2.8185e-05,3.2043e-05,2.9978e-05,3.099e-05
1,32768,3.0344e-05,2.8094e-05,3.2052e-05,3.0399e-05,3.1591e-05
1,32768,3.0227e-05,2.8405e-05,3.2043e-05,3.0344e-05,3.103e-05
1,32768,3.4334e-05,2.9427e-05,3.6421e-05,3.4928e-05,3.4306e-05
1,32768,3.0772e-05,2.8205e-05,3.1992e-05,3.117e-05,3.1571e-05
1,32768,3.057e-05,2.8075e-05,3.2531e-05,3.0539e-05,3.0599e-05
1,32768,3.0241e-05,2.8115e-05,3.2281e-05,3.0359e-05,3.0819e-05
1,32768,2.9957e-05,2.7834e-05,3.2221e-05,2.9863e-05,3.0068e-05
1,32768,3.1929e-05,2.9898e-05,3.3814e-05,3.1922e-05,3.2052e-05
1,32768,3.0029e-05,2.8034e-05,3.2141e-05,2.9923e-05,3.0068e-05
1,32768,2.98e-05,2.8154e-05,3.2102e-05,2.9618e-05,3.0008e-05
1,32768,3.0202e-05,2.8355e-05,3.2181e-05,3.0053e-05,3.1431e-05
1,32768,2.9476e-05,2.7794e-05,3.1531e-05,2.9317e-05,3.0089e-05
1,32768,3.1376e-05,2.9437e-05,3.3914e-05,3.0895e-05,3.088e-05
1,32768,3.0005e-05,2.7634e-05,3.191e-05,2.9918e-05,3.0188e-05
1,32768,3.009e-05,2.7904e-05,3.2111e-05,3.0193e-05,3.0369e-05
1,32768,3.0213e-05,2.8335e-05,3.2543e-05,3.0173e-05,3.0749e-05
1,32768,2.9993e-05,2.7944e-05,3.2031e-05,3.0084e-05,3.076e-05
1,32768,3.1838e-05,2.9858e-05,3.3936e-05,3.1551e-05,2.9858e-05
1,32768,3.0141e-05,2.8235e-05,3.2251e-05,3.0078e-05,3.0649e-05
1,32768,3.0247e-05,2.8024e-05,3.2221e-05,3.0208e-05,3.0579e-05
1,32768,2.9845e-05,2.7894e-05,3.2131e-05,2.9953e-05,2.9978e-05
1,32768,3.0793e-05,2.7454e-05,3.2983e-05,3.1035e-05,3.0609e-05
1,32768,3.0761e-05,2.7774e-05,3.2632e-05,3.0765e-05,2.7774e-05
1,32768,3.0281e-05,2.8425e-05,3.2113e-05,3.0084e-05,3.0499e-05
1,32768,3.014e-05,2.7934e-05,3.2331e-05,3.0039e-05,3.098e-05
1,32768,2.9909e-05,2.8065e-05,3.2001e-05,2.9818e-05,3.0419e-05
1,32768,2.9731e-05,2.7744e-05,3.1931e-05,2.9642e-05,2.9938e-05
1,32768,3.4553e-05,3.084e-05,3.7522e-05,3.4046e-05,3.3625e-05
1,32768,3.0204e-05,2.8034e-05,3.2523e-05,3.0213e-05,3.102e-05
1,32768,2.9893e-05,2.7904e-05,3.2131e-05,2.9788e-05,3.0109e-05
1,32768,3.0162e-05,2.7634e-05,3.1931e-05,3.0153e-05,3.0288e-05
1,32768,2.9984e-05,2.8065e-05,3.2051e-05,2.9787e-05,3.0288e-05
1,32768,3.2285e-05,3.0288e-05,3.3534e-05,3.2593e-05,3.1551e-05
1,32768,3.0104e-05,2.7864e-05,3.2152e-05,2.9958e-05,3.087e-05
1,32768,3.0411e-05,2.8205e-05,3.2672e-05,3.065e-05,3.102e-05
1,32768,3.06e-05,2.8395e-05,3.2573e-05,3.0519e-05,3.111e-05
1,32768,3.012e-05,2.8205e-05,3.2121e-05,3.0093e-05,3.114e-05
1,32768,3.2779e-05,3.0189e-05,3.4916e-05,3.2859e-05,3.2874e-05
1,32768,3.0355e-05,2.7483e-05,3.2341e-05,3.0343e-05,2.9918e-05
1,32768,3.0301e-05,2.8104e-05,3.2192e-05,3.0233e-05,3.0569e-05
1,32768,2.9803e-05,2.7564e-05,3.2161e-05,2.9447e-05,3.0729e-05
1,32768,2.9815e-05,2.7914e-05,3.1891e-05,2.9647e-05,3.0129e-05
1,32768,3.3406e-05,3.0129e-05,3.5119e-05,3.3685e-05,3.3304e-05
1,32768,2.9853e-05,2.7454e-05,3.1692e-05,2.9927e-05,3.0739e-05
1,32768,3.0141e-05,2.8115e-05,3.2541e-05,3.0168e-05,3.0799e-05
1,32768,3.0195e-05,2.7794e-05,3.2101e-05,3.0108e-05,3.0218e-05
1,32768,3.0418e-05,2.8265e-05,3.2471e-05,3.0404e-05,3.0569e-05
1,32768,3.2571e-05,3.0709e-05,3.4978e-05,3.2583e-05,3.3695e-05
1,32768,3.0634e-05,2.8045e-05,3.2502e-05,3.067e-05,3.2433e-05
1,32768,2.9977e-05,2.7613e-05,3.2372e-05,3.0023e-05,3.0219e-05
1,32768,3.0366e-05,2.8004e-05,3.2462e-05,3.0379e-05,3.076e-05
1,32768,2.9842e-05,2.7964e-05,3.1891e-05,2.9807e-05,3.0008e-05
1,32768,3.0648e-05,2.9547e-05,3.1841e-05,3.0704e-05,2.9547e-05
1,32768,3.03e-05,2.8285e-05,3.2293e-05,3.0144e-05,3.0709e-05
1,32768,3.0755e-05,2.8145e-05,3.2762e-05,3.078e-05,3.1791e-05
1,32768,2.9905e-05,2.7763e-05,3.1931e-05,2.9922e-05,3.0218e-05
1,32768,3.043e-05,2.8676e-05,3.2382e-05,3.0339e-05,3.102e-05
1,32768,3.0454e-05,2.9517e-05,3.2201e-05,3.0204e-05,3.0329e-05
1,32768,2.9846e-05,2.7453e-05,3.1931e-05,2.9762e-05,2.9958e-05
1,32768,3.0091e-05,2.7724e-05,3.2091e-05,3.0078e-05,2.9998e-05
1,32768,3.0141e-05,2.7603e-05,3.2171e-05,3.0048e-05,3.0058e-05
1,32768,3.032e-05,2.7734e-05,3.2382e-05,3.0399e-05,3.0609e-05
1,32768,3.0599e-05,2.9617e-05,3.128e-05,3.0734e-05,2.9617e-05
1,32768,3.0015e-05,2.7774e-05,3.2081e-05,2.9898e-05,3.0509e-05
1,32768,3.0232e-05,2.8345e-05,3.2372e-05,3.0203e-05,3.101e-05
1,32768,3.0033e-05,2.7874e-05,3.2191e-05,3.0153e-05,3.0589e-05
1,32768,3.0885e-05,2.8586e-05,3.2702e-05,3.0815e-05,3.112e-05
1,32768,3.2009e-05,3.0078e-05,3.4205e-05,3.2062e-05,3.2623e-05
1,32768,2.9922e-05,2.7724e-05,3.1982e-05,2.9993e-05,3.0489e-05
1,32768,3.0289e-05,2.7975e-05,3.2602e-05,3.0198e-05,3.0849e-05
1,32768,3.0199e-05,2.7784e-05,3.205e-05,3.0053e-05,3.0018e-05
1,32768,3.0048e-05,2.7834e-05,3.1961e-05,2.9893e-05,3.0088e-05
1,32768,3.1771e-05,2.9687e-05,3.4185e-05,3.1366e-05,3.1661e-05
1,32768,2.9849e-05,2.7443e-05,3.2032e-05,2.9773e-05,3.0269e-05
1,32768,2.9773e-05,2.7884e-05,3.1871e-05,2.9713e-05,3.0549e-05
1,32768,2.9601e-05,2.7443e-05,3.1861e-05,2.9522e-05,2.9928e-05
1,32768,3.0031e-05,2.7864e-05,3.1911e-05,3.0073e-05,3.0158e-05
1,32768,3.2185e-05,3.0539e-05,3.3935e-05,3.2062e-05,3.2202e-05
1,32768,3.0116e-05,2.8174e-05,3.2323e-05,3.0164e-05,3.0779e-05
1,32768,3.0629e-05,2.8896e-05,3.2501e-05,3.0625e-05,3.1651e-05
1,32768,2.9917e-05,2.8084e-05,3.193e-05,2.9818e-05,3.0449e-05
1,32768,2.9894e-05,2.7774e-05,3.1851e-05,2.9838e-05,3.0108e-05
1,32768,3.068e-05,2.9768e-05,3.169e-05,3.0454e-05,2.9768e-05
1,32768,3.0442e-05,2.8194e-05,3.2283e-05,3.0594e-05,3.103e-05
1,32768,2.9982e-05,2.8004e-05,3.1972e-05,2.9869e-05,3.0719e-05
1,32768,3.0109e-05,2.7714e-05,3.2281e-05,3.0233e-05,3.0438e-05
1,32768,3.0105e-05,2.7633e-05,3.2111e-05,2.9999e-05,3.0169e-05
1,32768,3.0647e-05,3.0069e-05,3.155e-05,3.041e-05,3.0289e-05
1,32768,3.0627e-05,2.8385e-05,3.2513e-05,3.083e-05,3.1371e-05
1,32768,2.9699e-05,2.7494e-05,3.1981e-05,2.9457e-05,2.9747e-05
1,32768,3.0664e-05,2.8455e-05,3.2674e-05,3.0624e-05,3.094e-05
1,32768,2.9684e-05,2.7423e-05,3.214e-05,2.9442e-05,2.9928e-05
1,32768,3.0493e-05,2.9577e-05,3.1401e-05,3.0459e-05,3.0028e-05
1,32768,3.0082e-05,2.7503e-05,3.1822e-05,3.0243e-05,3.1181e-05
1,32768,3.0446e-05,2.8325e-05,3.2292e-05,3.0314e-05,3.2292e-05
1,32768,3.0684e-05,2.8335e-05,3.2591e-05,3.0719e-05,3.094e-05
1,32768,3.0218e-05,2.7974e-05,3.2131e-05,3.0124e-05,3.0319e-05
1,32768,3.252e-05,3.081e-05,3.4315e-05,3.2518e-05,3.2824e-05
1,32768,3.079e-05,2.8576e-05,3.2562e-05,3.0795e-05,3.1241e-05
1,32768,2.9768e-05,2.7994e-05,3.1742e-05,2.9803e-05,3.0539e-05
1,32768,3.0118e-05,2.7754e-05,3.2032e-05,3.0244e-05,3.1391e-05
1,32768,3.0108e-05,2.7553e-05,3.2492e-05,3.0143e-05,3.0549e-05
1,32768,3.2194e-05,3.0068e-05,3.4215e-05,3.2218e-05,3.2032e-05
1,32768,3.0456e-05,2.8726e-05,3.2593e-05,3.0418e-05,3.106e-05
1,32768,3.0086e-05,2.8175e-05,3.2521e-05,2.9933e-05,3.0499e-05
1,32768,3.0255e-05,2.7994e-05,3.1872e-05,3.0464e-05,3.0449e-05
1,32768,3.0719e-05,2.8565e-05,3.2371e-05,3.0645e-05,3.08e-05
1,32768,3.4063e-05,3.1942e-05,3.5527e-05,3.4111e-05,3.3896e-05
1,32768,3.0214e-05,2.8005e-05,3.2973e-05,2.9917e-05,3.0298e-05
1,32768,3.0096e-05,2.8135e-05,3.2011e-05,2.9853e-05,3.0339e-05
1,32768,2.961e-05,2.7854e-05,3.165e-05,2.9487e-05,3.0239e-05
1,32768,3.0221e-05,2.7604e-05,3.2473e-05,3.0073e-05,3.0519e-05
1,32768,3.0847e-05,2.9818e-05,3.184e-05,3.1156e-05,2.9818e-05
1,32768,3.0543e-05,2.8295e-05,3.2531e-05,3.047e-05,3.0409e-05
1,32768,3.0854e-05,2.8486e-05,3.2592e-05,3.088e-05,3.1161e-05
1,32768,3.0401e-05,2.7884e-05,3.2532e-05,3.0243e-05,3.0439e-05
1,32768,3.0315e-05,2.7854e-05,3.2561e-05,3.0239e-05,3.0239e-05
1,32768,3.1591e-05,3.0309e-05,3.2894e-05,3.1601e-05,3.1261e-05
1,32768,3.0025e-05,2.8285e-05,3.2181e-05,2.9908e-05,3.0569e-05
1,32768,3.0018e-05,2.7714e-05,3.2142e-05,2.9642e-05,2.9978e-05
1,32768,3.0031e-05,2.7914e-05,3.2442e-05,2.9853e-05,3.0399e-05
1,32768,2.9728e-05,2.8044e-05,3.188e-05,2.9472e-05,2.9838e-05
1,32768,3.1033e-05,2.9427e-05,3.1862e-05,3.1165e-05,3.0439e-05
1,32768,3.0635e-05,2.8806e-05,3.2611e-05,3.0484e-05,3.092e-05
1,32768,3.0219e-05,2.7924e-05,3.211e-05,3.0273e-05,3.0479e-05
1,32768,3.0356e-05,2.7694e-05,3.2551e-05,3.0254e-05,3.0139e-05
1,32768,3.0282e-05,2.7854e-05,3.2161e-05,3.0399e-05,3.058e-05
1,32768,3.2655e-05,3.1071e-05,3.4575e-05,3.2383e-05,3.2553e-05
1,32768,3.0146e-05,2.7724e-05,3.2092e-05,3.0239e-05,3.0459e-05
1,32768,3.0036e-05,2.8014e-05,3.2171e-05,3.0153e-05,3.0549e-05
1,32768,3.0242e-05,2.7553e-05,3.2361e-05,3.0128e-05,3.0358e-05
1,32768,3.0341e-05,2.8475e-05,3.2211e-05,3.0289e-05,3.098e-05
1,32768,3.2162e-05,3.0099e-05,3.4136e-05,3.2027e-05,3.3164e-05
1,32768,3.0822e-05,2.8355e-05,3.2773e-05,3.0921e-05,3.2093e-05
1,32768,3.0176e-05,2.8185e-05,3.2243e-05,3.0073e-05,3.086e-05
1,32768,3.0036e-05,2.8064e-05,3.194e-05,3.0083e-05,3.085e-05
1,32768,3.045e-05,2.7965e-05,3.2973e-05,3.0589e-05,3.121e-05
1,32768,3.214e-05,2.9778e-05,3.3925e-05,3.2022e-05,3.2433e-05
1,32768,2.9961e-05,2.7704e-05,3.159e-05,2.9934e-05,3.0049e-05
1,32768,3.0411e-05,2.8044e-05,3.2061e-05,3.0419e-05,3.0429e-05
1,32768,3.0655e-05,2.8155e-05,3.2461e-05,3.0479e-05,3.0779e-05
1,32768,2.9756e-05,2.7473e-05,3.1612e-05,2.9758e-05,2.9888e-05
1,32768,3.1302e-05,3.0199e-05,3.2654e-05,3.1226e-05,3.0319e-05
1,32768,3.1209e-05,2.9057e-05,3.3193e-05,3.1116e-05,3.076e-05
1,32768,3.0578e-05,2.7834e-05,3.2442e-05,3.0794e-05,3.0469e-05
1,32768,3.0879e-05,2.9017e-05,3.2471e-05,3.1085e-05,3.1321e-05
1,32768,3.0724e-05,2.8906e-05,3.3113e-05,3.0725e-05,3.1501e-05
1,32768,3.1262e-05,3.0159e-05,3.2323e-05,3.119e-05,3.0369e-05
1,32768,3.0613e-05,2.8755e-05,3.2411e-05,3.0499e-05,3.0509e-05
1,32768,3.0766e-05,2.8195e-05,3.2694e-05,3.081e-05,3.1151e-05
1,32768,2.9569e-05,2.7733e-05,3.175e-05,2.9407e-05,3.0188e-05
1,32768,3.0073e-05,2.8184e-05,3.2101e-05,3.0053e-05,3.0609e-05
1,32768,3.1377e-05,2.9648e-05,3.2663e-05,3.1586e-05,3.109e-05
1,32768,3.0532e-05,2.8806e-05,3.2311e-05,3.0289e-05,3.0499e-05
1,32768,2.9972e-05,2.7263e-05,3.2072e-05,2.9813e-05,2.9868e-05
1,32768,2.9926e-05,2.7633e-05,3.2041e-05,2.9678e-05,2.9747e-05
1,32768,3.0355e-05,2.8595e-05,3.2383e-05,3.0313e-05,3.0839e-05
1,32768,3.1872e-05,2.9868e-05,3.3724e-05,3.1511e-05,3.076e-05
1,32768,3.0532e-05,2.7634e-05,3.4255e-05,3.058e-05,3.0179e-05
1,32768,3.0627e-05,2.8606e-05,3.2443e-05,3.0564e-05,3.105e-05
1,32768,3.038e-05,2.8405e-05,3.2351e-05,3.0514e-05,3.121e-05
1,32768,2.9972e-05,2.7723e-05,3.1691e-05,3.0048e-05,3.0388e-05
1,32768,3.2386e-05,3.0459e-05,3.4305e-05,3.1811e-05,3.0459e-05
1,32768,2.9924e-05,2.7714e-05,3.2051e-05,3.0039e-05,2.9848e-05
1,32768,3.0306e-05,2.8124e-05,3.2092e-05,3.0323e-05,3.0569e-05
1,32768,3.0158e-05,2.8004e-05,3.2472e-05,3.0148e-05,3.0529e-05
1,32768,3.0215e-05,2.8165e-05,3.2211e-05,3.0043e-05,3.0329e-05
1,32768,3.2543e-05,3.071e-05,3.4195e-05,3.2649e-05,3.13e-05
1,32768,2.9829e-05,2.7764e-05,3.2321e-05,2.9628e-05,3.0048e-05
1,32768,3.0201e-05,2.7704e-05,3.2041e-05,3.0168e-05,3.0298e-05
1,32768,3.0247e-05,2.8185e-05,3.2252e-05,3.0279e-05,3.061e-05
1,32768,2.9856e-05,2.7905e-05,3.205e-05,2.9713e-05,3.0279e-05
1,32768,3.0085e-05,2.8315e-05,3.1681e-05,3.0043e-05,3.0309e-05
1,32768,3.0927e-05,2.8625e-05,3.2513e-05,3.1065e-05,3.1451e-05
1,32768,3e-05,2.7944e-05,3.2052e-05,2.9963e-05,3.0699e-05
1,32768,3.0127e-05,2.8055e-05,3.2361e-05,3.0013e-05,3.0559e-05
1,32768,3.0416e-05,2.8104e-05,3.2382e-05,3.0373e-05,3.0849e-05
1,32768,3.022e-05,2.7664e-05,3.189e-05,3.0408e-05,3.0959e-05
1,32768,3.0959e-05,2.8746e-05,3.2662e-05,3.0765e-05,3.107e-05
1,32768,3.0073e-05,2.7754e-05,3.2071e-05,3.0003e-05,3.0209e-05
1,32768,3.0192e-05,2.7885e-05,3.2143e-05,3.0133e-05,3.0519e-05
1,32768,2.9992e-05,2.7774e-05,3.2321e-05,2.9798e-05,3.0139e-05
1,32768,3.0608e-05,2.7844e-05,3.2101e-05,3.1587e-05,3.1912e-05
1,32768,3.053e-05,2.8595e-05,3.2181e-05,3.0859e-05,3.091e-05
1,32768,3.0588e-05,2.8335e-05,3.2864e-05,3.0469e-05,3.1621e-05
1,32768,3.0126e-05,2.8155e-05,3.2101e-05,3.0079e-05,3.1071e-05
1,32768,2.9936e-05,2.7824e-05,3.2211e-05,2.9852e-05,3.0258e-05
1,32768,3.0544e-05,2.8135e-05,3.2273e-05,3.097e-05,3.1211e-05
1,32768,3.0634e-05,2.8355e-05,3.2402e-05,3.0775e-05,3.1882e-05
1,32768,2.9838e-05,2.7954e-05,3.1981e-05,2.9773e-05,3.0269e-05
1,32768,2.9969e-05,2.8115e-05,3.1901e-05,2.9838e-05,3.0279e-05
1,32768,3.0104e-05,2.8416e-05,3.2121e-05,2.9933e-05,3.0329e-05
1,32768,2.9888e-05,2.7604e-05,3.163e-05,3.0229e-05,3.101e-05
1,32768,3.0073e-05,2.8025e-05,3.1852e-05,3.0449e-05,3.126e-05
1,32768,3.051e-05,2.8816e-05,3.3243e-05,3.0329e-05,3.0499e-05
1,32768,3.0185e-05,2.7654e-05,3.207e-05,3.0208e-05,3.0409e-05
1,32768,2.9972e-05,2.7724e-05,3.2112e-05,3.0029e-05,3.0569e-05
1,32768,3.0429e-05,2.7924e-05,3.2342e-05,3.1005e-05,3.1481e-05
1,32768,3.0195e-05,2.7343e-05,3.203e-05,3.0444e-05,3.1241e-05
1,32768,3.0267e-05,2.8486e-05,3.2582e-05,3.0334e-05,3.108e-05
1,32768,3.0605e-05,2.8295e-05,3.2592e-05,3.0524e-05,3.091e-05
1,32768,2.9964e-05,2.7944e-05,3.2132e-05,2.9878e-05,3.074e-05
1,32768,3.0796e-05,2.8295e-05,3.2704e-05,3.1571e-05,3.2704e-05
1,32768,3.0254e-05,2.7313e-05,3.2854e-05,3.0455e-05,3.2854e-05
1,32768,3.0205e-05,2.8104e-05,3.2321e-05,3.0164e-05,3.097e-05
1,32768,2.9998e-05,2.7844e-05,3.2071e-05,2.9943e-05,3.0309e-05
1,32768,2.9879e-05,2.7463e-05,3.1751e-05,2.9853e-05,3.0169e-05
1,32768,3.1185e-05,2.8165e-05,3.2823e-05,3.1846e-05,3.1901e-05
1,32768,3.0494e-05,2.7744e-05,3.3435e-05,3.0595e-05,3.3435e-05
1,32768,3.0172e-05,2.8385e-05,3.2181e-05,3.0258e-05,3.1191e-05
1,32768,3.101e-05,2.9207e-05,3.2884e-05,3.1095e-05,3.2002e-05
1,32768,3.0035e-05,2.7603e-05,3.2212e-05,2.9978e-05,3.1491e-05
1,32768,2.9948e-05,2.7674e-05,3.1911e-05,2.9783e-05,3.1911e-05
1,32768,3.4272e-05,2.8646e-05,3.8112e-05,3.4817e-05,3.5599e-05
1,32768,3.014e-05,2.7764e-05,3.2302e-05,3.0113e-05,3.061e-05
1,32768,2.9914e-05,2.7864e-05,3.198e-05,2.9933e-05,3.0489e-05
1,32768,3.0022e-05,2.7884e-05,3.2231e-05,2.9837e-05,3.0218e-05
1,32768,3.0018e-05,2.7874e-05,3.1962e-05,2.9798e-05,3.1962e-05
1,32768,3.5772e-05,3.0269e-05,4.0006e-05,3.5508e-05,3.5078e-05
1,32768,3.0111e-05,2.8155e-05,3.1922e-05,3.0138e-05,3.0699e-05
1,32768,2.9973e-05,2.7643e-05,3.1891e-05,2.9888e-05,3.105e-05
1,32768,2.9987e-05,2.7734e-05,3.2043e-05,2.9738e-05,3.1471e-05
1,32768,3.0366e-05,2.7894e-05,3.3074e-05,3.0184e-05,3.3074e-05
1,32768,3.1591e-05,2.9367e-05,3.3273e-05,3.1847e-05,3.2583e-05
1,32768,3.0215e-05,2.8255e-05,3.2191e-05,3.0218e-05,3.0659e-05
1,32768,3.0236e-05,2.8215e-05,3.1922e-05,3.0238e-05,3.0599e-05
1,32768,3.0143e-05,2.8245e-05,3.2092e-05,3.0299e-05,3.068e-05
1,32768,3.04e-05,2.7474e-05,3.2231e-05,3.0904e-05,3.1871e-05
1,32768,3.1325e-05,2.9678e-05,3.3674e-05,3.1225e-05,3.1862e-05
1,32768,3.0112e-05,2.7674e-05,3.2261e-05,3.0098e-05,3.0399e-05
1,32768,3.0219e-05,2.8124e-05,3.2142e-05,3.0178e-05,3.0579e-05
1,32768,3.0146e-05,2.8275e-05,3.2073e-05,3.0033e-05,3.0599e-05
1,32768,2.9988e-05,2.7794e-05,3.2292e-05,2.9723e-05,3.2292e-05
1,32768,3.2666e-05,3.0399e-05,3.4576e-05,3.3089e-05,3.3856e-05
1,32768,3.0168e-05,2.8125e-05,3.2361e-05,3.0194e-05,3.105e-05
1,32768,3.0292e-05,2.8105e-05,3.2151e-05,3.0173e-05,3.0408e-05
1,32768,3.0116e-05,2.7954e-05,3.1981e-05,3.0053e-05,3.0449e-05
1,32768,3.0312e-05,2.8205e-05,3.2773e-05,3.0118e-05,3.2773e-05
1,32768,3.2493e-05,3.0109e-05,3.4647e-05,3.2694e-05,3.4647e-05
1,32768,3.0275e-05,2.8105e-05,3.2291e-05,3.0319e-05,3.1351e-05
1,32768,3.035e-05,2.8325e-05,3.2241e-05,3.0349e-05,3.0509e-05
1,32768,3.0111e-05,2.7754e-05,3.1962e-05,2.9999e-05,3.0389e-05
1,32768,3.042e-05,2.8375e-05,3.2654e-05,3.0284e-05,3.098e-05
1,32768,3.2162e-05,2.9447e-05,3.4948e-05,3.2172e-05,3.2403e-05
1,32768,3.0036e-05,2.8024e-05,3.1911e-05,2.9994e-05,3.1081e-05
1,32768,3.0118e-05,2.8155e-05,3.2371e-05,2.9988e-05,3.0619e-05
1,32768,3.0374e-05,2.8174e-05,3.2483e-05,3.0454e-05,3.09e-05
1,32768,2.9681e-05,2.7603e-05,3.1921e-05,2.9638e-05,3.0179e-05
1,32768,3.1522e-05,2.8956e-05,3.4216e-05,3.1392e-05,3.1871e-05
1,32768,2.9639e-05,2.7383e-05,3.185e-05,2.9392e-05,2.9838e-05
1,32768,2.9763e-05,2.7524e-05,3.1932e-05,2.9682e-05,3.0188e-05
1,32768,3.0206e-05,2.8335e-05,3.1981e-05,3.0258e-05,3.0809e-05
1,32768,2.9825e-05,2.7974e-05,3.1812e-05,2.9838e-05,3.0509e-05
1,32768,3.2156e-05,2.8816e-05,3.5008e-05,3.2338e-05,3.2663e-05
1,32768,2.9772e-05,2.7333e-05,3.172e-05,2.9712e-05,3.095e-05
1,32768,3.057e-05,2.8445e-05,3.2363e-05,3.0805e-05,3.1571e-05
1,32768,3.0283e-05,2.8234e-05,3.2231e-05,3.0384e-05,3.124e-05
1,32768,2.9975e-05,2.7944e-05,3.199e-05,2.9868e-05,3.0399e-05
1,32768,3.3083e-05,3.056e-05,3.5119e-05,3.334e-05,3.1801e-05
1,32768,3.0084e-05,2.7985e-05,3.2041e-05,3.0304e-05,3.082e-05
1,32768,3.0103e-05,2.7824e-05,3.2103e-05,2.9974e-05,3.0219e-05
1,32768,3.0485e-05,2.7984e-05,3.2551e-05,3.0444e-05,3.0429e-05
1,32768,3.0673e-05,2.8125e-05,3.2512e-05,3.0739e-05,3.0619e-05
1,32768,3.2142e-05,2.9557e-05,3.4536e-05,3.2253e-05,3.2123e-05
1,32768,3.0639e-05,2.7984e-05,3.2632e-05,3.0514e-05,3.0629e-05
1,32768,3.0001e-05,2.7483e-05,3.2151e-05,2.9913e-05,3.0359e-05
1,32768,3.0259e-05,2.8595e-05,3.2051e-05,3.0164e-05,3.0589e-05
1,32768,3.0095e-05,2.8145e-05,3.2041e-05,2.9988e-05,3.0389e-05
1,32768,3.5806e-05,3.1491e-05,4.0949e-05,3.676e-05,3.8004e-05
1,32768,2.9995e-05,2.7954e-05,3.193e-05,2.9828e-05,3.099e-05
1,32768,3.0209e-05,2.7915e-05,3.2131e-05,3.0043e-05,3.0188e-05
1,32768,3.0454e-05,2.8305e-05,3.2362e-05,3.0294e-05,3.0459e-05
1,32768,3.0165e-05,2.8215e-05,3.2162e-05,2.9847e-05,3.0228e-05
1,32768,3.4872e-05,3.098e-05,3.8174e-05,3.4912e-05,3.5098e-05
1,32768,3.0573e-05,2.8516e-05,3.3133e-05,3.0589e-05,3.128e-05
1,32768,3.0309e-05,2.7965e-05,3.2121e-05,3.0379e-05,3.0809e-05
1,32768,3.0032e-05,2.8376e-05,3.1861e-05,2.9968e-05,3.0769e-05
1,32768,2.9947e-05,2.7694e-05,3.2332e-05,2.9878e-05,3.0128e-05
1,32768,3.1619e-05,3.0269e-05,3.3424e-05,3.106e-05,3.0269e-05
1,32768,2.9933e-05,2.7954e-05,3.2031e-05,2.9883e-05,3.1211e-05
1,32768,3.0251e-05,2.8064e-05,3.2652e-05,3.0093e-05,3.0699e-05
1,32768,2.9776e-05,2.7413e-05,3.183e-05,2.9743e-05,3.0249e-05
1,32768,2.9939e-05,2.8065e-05,3.2151e-05,2.9837e-05,3.0348e-05
1,32768,3.0985e-05,2.8195e-05,3.2922e-05,3.0835e-05,2.8195e-05
1,32768,2.9899e-05,2.7033e-05,3.195e-05,2.9903e-05,3.0088e-05
1,32768,3.0165e-05,2.7504e-05,3.2331e-05,3.0184e-05,3.0159e-05
1,32768,3.0165e-05,2.7724e-05,3.2051e-05,3.0223e-05,3.0318e-05
1,32768,2.9957e-05,2.7784e-05,3.197e-05,2.9848e-05,3.0149e-05
1,32768,3.0439e-05,2.9547e-05,3.146e-05,3.0484e-05,2.9547e-05
1,32768,2.9765e-05,2.8064e-05,3.183e-05,2.9547e-05,2.9888e-05
1,32768,3.0137e-05,2.8375e-05,3.2293e-05,3.0018e-05,3.0729e-05
1,32768,2.9978e-05,2.8115e-05,3.205e-05,3.0088e-05,3.0769e-05
1,32768,2.9988e-05,2.7964e-05,3.1921e-05,2.9978e-05,3.0299e-05
1,32768,3.2189e-05,2.9948e-05,3.4445e-05,3.2062e-05,3.1862e-05
1,32768,3.0424e-05,2.8104e-05,3.2251e-05,3.0118e-05,3.0368e-05
1,32768,2.9895e-05,2.7674e-05,3.177e-05,2.9698e-05,2.9588e-05
1,32768,3.004e-05,2.7343e-05,3.2361e-05,2.9758e-05,2.9467e-05
1,32768,3.0153e-05,2.8125e-05,3.2072e-05,3.0299e-05,3.086e-05
1,32768,3.4238e-05,3.2784e-05,3.5958e-05,3.4177e-05,3.3756e-05
1,32768,2.9997e-05,2.8235e-05,3.1901e-05,2.9823e-05,3.0138e-05
1,32768,2.9947e-05,2.7784e-05,3.2512e-05,2.9583e-05,3.0088e-05
1,32768,3.0242e-05,2.7944e-05,3.2171e-05,3.0184e-05,3.0099e-05
1,32768,3.0235e-05,2.8535e-05,3.2283e-05,3.0183e-05,3.0739e-05
1,32768,3.2469e-05,3.0589e-05,3.4055e-05,3.2539e-05,3.3334e-05
1,32768,2.9843e-05,2.7613e-05,3.2141e-05,2.9747e-05,3.0128e-05
1,32768,3.0143e-05,2.7664e-05,3.2091e-05,3.0169e-05,3.0248e-05
1,32768,3.0512e-05,2.8455e-05,3.2352e-05,3.0393e-05,3.0779e-05
1,32768,3.0058e-05,2.7624e-05,3.2061e-05,2.9928e-05,3.0218e-05
1,32768,3.0502e-05,2.9437e-05,3.1301e-05,3.042e-05,2.9818e-05
1,32768,3.0007e-05,2.7794e-05,3.2141e-05,3.0159e-05,3.0269e-05
1,32768,2.9992e-05,2.7463e-05,3.195e-05,2.9943e-05,2.9948e-05
1,32768,2.9818e-05,2.7273e-05,3.1881e-05,2.9968e-05,2.9848e-05
1,32768,3.0393e-05,2.7463e-05,3.2812e-05,3.0234e-05,2.9988e-05
1,32768,3.0672e-05,2.9647e-05,3.207e-05,3.058e-05,2.9998e-05
1,32768,2.9843e-05,2.7654e-05,3.191e-05,2.9753e-05,2.9978e-05
1,32768,2.9788e-05,2.7113e-05,3.182e-05,2.9743e-05,2.9507e-05
1,32768,3.0103e-05,2.7594e-05,3.2291e-05,3.0033e-05,2.9758e-05
1,32768,3.0085e-05,2.7744e-05,3.2141e-05,2.9854e-05,3.0089e-05
1,32768,3.3507e-05,2.9818e-05,3.7333e-05,3.371e-05,3.0328e-05
1,32768,3.0378e-05,2.7443e-05,3.2241e-05,3.0654e-05,3.0379e-05
1,32768,2.9578e-05,2.7584e-05,3.141e-05,2.9376e-05,2.9978e-05
1,32768,3.0101e-05,2.8435e-05,3.2171e-05,3.0053e-05,3.0489e-05
1,32768,3.0432e-05,2.8065e-05,3.2702e-05,3.0384e-05,3.0319e-05
1,32768,3.1967e-05,3.075e-05,3.3455e-05,3.1777e-05,3.1892e-05
1,32768,2.9705e-05,2.7393e-05,3.2031e-05,2.9657e-05,3.0228e-05
1,32768,2.9949e-05,2.7704e-05,3.2432e-05,3.0028e-05,3.0108e-05
1,32768,2.9924e-05,2.7543e-05,3.1811e-05,2.9873e-05,2.9908e-05
1,32768,2.9771e-05,2.7243e-05,3.2151e-05,2.9752e-05,2.9897e-05
1,32768,3.2117e-05,3.0409e-05,3.4447e-05,3.1983e-05,3.2784e-05
1,32768,3.0053e-05,2.8045e-05,3.2201e-05,3.0079e-05,3.078e-05
1,32768,2.9882e-05,2.7103e-05,3.1951e-05,2.9943e-05,3.0028e-05
1,32768,3.0102e-05,2.8035e-05,3.2141e-05,3.0069e-05,3.0319e-05
1,32768,3.0229e-05,2.7774e-05,3.2133e-05,3.0238e-05,3.077e-05
1,32768,3.3719e-05,3.1301e-05,3.5659e-05,3.3996e-05,3.4507e-05
1,32768,3.054e-05,2.8685e-05,3.2322e-05,3.055e-05,3.1621e-05
1,32768,3.0246e-05,2.8295e-05,3.2472e-05,3.0189e-05,3.09e-05
1,32768,3.0057e-05,2.8325e-05,3.2111e-05,2.9968e-05,3.06e-05
1,32768,3.0193e-05,2.7263e-05,3.2371e-05,3.0374e-05,3.0269e-05
1,32768,3.1378e-05,3.0399e-05,3.2271e-05,3.1251e-05,3.094e-05
1,32768,3.0286e-05,2.8184e-05,3.2282e-05,3.0283e-05,3.0739e-05
1,32768,2.9925e-05,2.7603e-05,3.1991e-05,2.9928e-05,2.9908e-05
1,32768,3.0251e-05,2.8415e-05,3.2101e-05,3.0333e-05,3.09e-05
1,32768,3.0131e-05,2.7834e-05,3.2502e-05,3.0033e-05,3.0148e-05
1,32768,3.3225e-05,2.9657e-05,3.7834e-05,3.1776e-05,2.9657e-05
1,32768,3.0286e-05,2.7915e-05,3.2371e-05,3.0348e-05,2.9978e-05
1,32768,2.9888e-05,2.7884e-05,3.1951e-05,2.9768e-05,3.0189e-05
1,32768,3.0087e-05,2.7844e-05,3.2272e-05,3.0149e-05,3.1e-05
1,32768,3.0882e-05,2.8456e-05,3.2812e-05,3.1041e-05,3.088e-05
1,32768,3.0922e-05,2.9968e-05,3.175e-05,3.1041e-05,3.0318e-05
1,32768,3.0326e-05,2.8556e-05,3.2321e-05,3.0133e-05,3.0379e-05
1,32768,3.0314e-05,2.7974e-05,3.2872e-05,3.0194e-05,3.0529e-05
1,32768,3.076e-05,2.8175e-05,3.2684e-05,3.0764e-05,3.079e-05
1,32768,3.0038e-05,2.7384e-05,3.2071e-05,3.0124e-05,3.0319e-05
1,32768,3.2541e-05,3.09e-05,3.4127e-05,3.2708e-05,3.2914e-05
1,32768,3.0512e-05,2.8305e-05,3.2782e-05,3.0544e-05,3.1331e-05
1,32768,2.9646e-05,2.7433e-05,3.2331e-05,2.9588e-05,2.9738e-05
1,32768,3.0577e-05,2.8726e-05,3.2152e-05,3.0619e-05,3.1091e-05
1,32768,3.0117e-05,2.8095e-05,3.2082e-05,3.0228e-05,3.105e-05
1,32768,3.2979e-05,3.099e-05,3.4997e-05,3.3074e-05,3.2584e-05
1,32768,3.0339e-05,2.8034e-05,3.2182e-05,3.0298e-05,3.0559e-05
1,32768,3.0287e-05,2.8114e-05,3.2612e-05,3.0238e-05,3.0739e-05
1,32768,2.9811e-05,2.8095e-05,3.178e-05,2.9727e-05,3.0489e-05
1,32768,3.0445e-05,2.8495e-05,3.2211e-05,3.0464e-05,3.1421e-05
1,32768,3.2159e-05,3.0489e-05,3.3785e-05,3.1982e-05,3.2332e-05
1,32768,2.995e-05,2.8114e-05,3.2082e-05,2.9893e-05,3.0499e-05
1,32768,2.9566e-05,2.7593e-05,3.165e-05,2.9738e-05,3.0178e-05
1,32768,3.0204e-05,2.8435e-05,3.2191e-05,3.0153e-05,3.0809e-05
1,32768,3.0052e-05,2.8315e-05,3.2252e-05,2.9597e-05,2.9837e-05
1,32768,3.0721e-05,2.9438e-05,3.178e-05,3.0804e-05,3.0028e-05
1,32768,3.0703e-05,2.8465e-05,3.2451e-05,3.0915e-05,3.088e-05
1,32768,3.1207e-05,2.8636e-05,3.3083e-05,3.1096e-05,3.101e-05
1,32768,2.992e-05,2.8115e-05,3.2131e-05,2.9913e-05,3.0199e-05
1,32768,3.0005e-05,2.7814e-05,3.2041e-05,3.0269e-05,3.0348e-05
1,32768,3.1323e-05,3.0179e-05,3.2192e-05,3.1261e-05,3.061e-05
1,32768,3.04e-05,2.8104e-05,3.2311e-05,3.0404e-05,3.0408e-05
1,32768,3.0203e-05,2.8275e-05,3.2282e-05,3.0203e-05,3.0609e-05
1,32768,2.9776e-05,2.7884e-05,3.2211e-05,2.9513e-05,3.0319e-05
1,32768,2.9891e-05,2.7854e-05,3.2073e-05,2.9803e-05,3.0199e-05
1,32768,3.0888e-05,2.9757e-05,3.197e-05,3.091e-05,3.082e-05
1,32768,3.0445e-05,2.8696e-05,3.2352e-05,3.0279e-05,3.0529e-05
1,32768,2.9944e-05,2.7644e-05,3.2172e-05,2.9802e-05,3.0278e-05
1,32768,3.0149e-05,2.7964e-05,3.2452e-05,3.0133e-05,3.0479e-05
1,32768,3.0592e-05,2.8125e-05,3.2692e-05,3.0714e-05,3.112e-05
1,32768,3.2142e-05,3.0729e-05,3.4246e-05,3.1867e-05,3.2774e-05
1,32768,3.0386e-05,2.7824e-05,3.2301e-05,3.0579e-05,3.1481e-05
1,32768,2.9852e-05,2.8015e-05,3.189e-05,2.9748e-05,3.0389e-05
1,32768,0.001101923,2.8496e-05,0.00431855,3.0234e-05,3.0248e-05
1,32768,2.9937e-05,2.7844e-05,3.2071e-05,2.9808e-05,3.0489e-05
1,32768,3.2791e-05,3.092e-05,3.4565e-05,3.2829e-05,3.3785e-05
1,32768,3.0058e-05,2.7854e-05,3.2591e-05,3.0053e-05,3.0489e-05
1,32768,3.0155e-05,2.7674e-05,3.2061e-05,3.0193e-05,3.0419e-05
1,32768,3.0003e-05,2.7804e-05,3.2451e-05,2.9868e-05,3.0329e-05
1,32768,3.0569e-05,2.8185e-05,3.2452e-05,3.0499e-05,3.0669e-05
1,32768,3.2108e-05,2.9928e-05,3.4124e-05,3.1977e-05,3.2463e-05
